customer_id,age,income,education_rank,marital_clean,total_children,has_children,total_spend,total_purchases,avg_spend_per_purchase,recency,num_web_visits_month,campaign_engagement_rate,customer_tenure_days,web_purchase_ratio,deal_sensitivity,income_per_person,complain,response,conversion_probability,recommendation,segment,pipeline_run_ts
0,39,70951.0,3,Married,0,0,1198.0,17.0,70.47058823529412,66,1,0.0,4788,0.1764705882352941,0.0588235294117647,70951.0,0,0,0.024704307,LOW PRIORITY,At Risk,2026-06-13 17:00:59
1,63,57091.0,3,Single,0,0,577.0,18.0,32.05555555555556,0,5,0.2,4381,0.3888888888888889,0.0555555555555555,57091.0,0,1,0.7388916,HIGH PRIORITY,VIP,2026-06-13 17:00:59
9,49,46098.0,4,Single,2,1,120.0,11.0,10.909090909090908,86,8,0.0,5047,0.2727272727272727,0.3636363636363636,15366.0,0,0,0.34409347,MEDIUM PRIORITY,Loyal,2026-06-13 17:00:59
13,77,25358.0,5,Widow,1,1,32.0,6.0,5.333333333333333,57,6,0.0,4709,0.1666666666666666,0.3333333333333333,12679.0,0,0,0.011939619,LOW PRIORITY,Loyal,2026-06-13 17:00:59
17,53,60491.0,5,Married,1,1,1028.0,28.0,36.71428571428572,81,5,0.0,4663,0.2142857142857142,0.1428571428571428,30245.5,0,0,0.0054713837,LOW PRIORITY,At Risk,2026-06-13 17:00:59
20,59,46891.0,2,Married,1,1,183.0,8.0,22.875,91,4,0.0,4668,0.25,0.125,23445.5,0,0,0.0007946013,LOW PRIORITY,Loyal,2026-06-13 17:00:59
22,48,46310.0,3,Divorced,1,1,309.0,14.0,22.071428571428573,99,8,0.0,4940,0.4285714285714285,0.1428571428571428,23155.0,0,0,0.03871339,LOW PRIORITY,Loyal,2026-06-13 17:00:59
24,64,17144.0,4,Married,2,1,47.0,12.0,3.9166666666666665,96,7,0.0,4501,0.25,0.4166666666666667,5714.666666666667,0,0,0.0032847214,LOW PRIORITY,Loyal,2026-06-13 17:00:59
25,66,65148.0,3,Married,1,1,1115.0,21.0,53.095238095238095,9,4,0.0,4957,0.2857142857142857,0.0952380952380952,32574.0,0,0,0.08612455,LOW PRIORITY,VIP,2026-06-13 17:00:59
35,37,25545.0,3,Married,1,1,210.0,10.0,21.0,35,6,0.0,5026,0.2,0.3,12772.5,0,1,0.072622366,LOW PRIORITY,New,2026-06-13 17:00:59
48,60,55761.0,3,Married,1,1,184.0,10.0,18.4,97,6,0.2,4433,0.4,0.2,27880.5,0,0,0.002312272,LOW PRIORITY,Loyal,2026-06-13 17:00:59
49,54,20587.0,3,Single,1,1,25.0,5.0,5.0,39,7,0.0,4416,0.2,0.2,10293.5,0,0,0.0023770933,LOW PRIORITY,New,2026-06-13 17:00:59
55,61,56253.0,3,Married,1,1,597.0,22.0,27.13636363636364,83,6,0.0,4936,0.3181818181818182,0.1818181818181818,28126.5,0,0,0.04647076,LOW PRIORITY,At Risk,2026-06-13 17:00:59
67,52,46423.0,4,Single,2,1,92.0,9.0,10.22222222222222,6,7,0.0,4651,0.2222222222222222,0.3333333333333333,15474.333333333334,0,0,0.39165795,MEDIUM PRIORITY,New,2026-06-13 17:00:59
73,71,51411.0,5,Single,3,1,18.0,4.0,4.5,81,5,0.0,4766,0.0,0.25,12852.75,0,0,0.0004510227,LOW PRIORITY,Loyal,2026-06-13 17:00:59
75,42,41039.0,2,Married,0,0,467.0,15.0,31.133333333333333,32,8,0.0,4706,0.5333333333333333,0.0666666666666666,41039.0,0,0,0.01621541,LOW PRIORITY,New,2026-06-13 17:00:59
78,55,25293.0,3,Married,1,1,37.0,5.0,7.4,51,8,0.0,4654,0.2,0.2,12646.5,0,0,0.00887554,LOW PRIORITY,Loyal,2026-06-13 17:00:59
87,43,27733.0,2,Married,1,1,57.0,7.0,8.142857142857142,16,7,0.0,4674,0.2857142857142857,0.2857142857142857,13866.5,0,0,0.18547624,LOW PRIORITY,New,2026-06-13 17:00:59
89,49,22212.0,2,Married,1,1,69.0,8.0,8.625,49,6,0.0,4569,0.25,0.25,11106.0,0,0,0.00647764,LOW PRIORITY,New,2026-06-13 17:00:59
92,36,34176.0,3,Single,1,1,89.0,11.0,8.090909090909092,12,6,0.0,4415,0.2727272727272727,0.3636363636363636,17088.0,0,0,0.13728845,LOW PRIORITY,New,2026-06-13 17:00:59
113,73,30833.0,3,Married,2,1,28.0,6.0,4.666666666666667,33,5,0.0,4715,0.1666666666666666,0.3333333333333333,10277.666666666666,0,0,0.0039456543,LOW PRIORITY,New,2026-06-13 17:00:59
115,58,43456.0,4,Single,1,1,393.0,17.0,23.11764705882353,0,5,0.0,4827,0.2941176470588235,0.1764705882352941,21728.0,0,0,0.08836224,LOW PRIORITY,New,2026-06-13 17:00:59
123,73,67046.0,3,Widow,1,1,993.0,15.0,66.2,92,2,0.0,4906,0.2666666666666666,0.1333333333333333,33523.0,0,0,0.014804778,LOW PRIORITY,At Risk,2026-06-13 17:00:59
125,66,53083.0,2,Married,2,1,271.0,17.0,15.941176470588236,65,7,0.2,4777,0.2941176470588235,0.3529411764705882,17694.333333333332,0,0,0.105026565,LOW PRIORITY,Loyal,2026-06-13 17:00:59
143,54,61209.0,3,Single,0,0,957.0,13.0,73.61538461538461,73,2,0.0,4675,0.3846153846153846,0.0769230769230769,61209.0,0,0,0.032157045,LOW PRIORITY,At Risk,2026-06-13 17:00:59
146,64,76045.0,5,Single,0,0,1323.0,21.0,63.0,78,2,0.2,4593,0.1904761904761904,0.0476190476190476,76045.0,0,0,0.1240806,LOW PRIORITY,At Risk,2026-06-13 17:00:59
153,71,23272.0,3,Divorced,0,0,46.0,5.0,9.2,29,4,0.0,4622,0.2,0.2,23272.0,0,0,0.016582824,LOW PRIORITY,New,2026-06-13 17:00:59
158,79,71604.0,5,Married,0,0,1196.0,17.0,70.3529411764706,3,4,0.2,4591,0.4705882352941176,0.0588235294117647,71604.0,0,1,0.9311076,HIGH PRIORITY,VIP,2026-06-13 17:00:59
164,47,28973.0,5,Married,0,0,269.0,13.0,20.692307692307693,59,8,0.0,4991,0.3846153846153846,0.1538461538461538,28973.0,0,0,0.24613658,LOW PRIORITY,Loyal,2026-06-13 17:00:59
175,38,71952.0,3,Married,1,1,1443.0,22.0,65.5909090909091,93,4,0.4,4902,0.3636363636363636,0.0909090909090909,35976.0,0,0,0.11978307,LOW PRIORITY,At Risk,2026-06-13 17:00:59
176,44,67506.0,2,Single,1,1,331.0,12.0,27.58333333333333,73,3,0.0,4545,0.3333333333333333,0.0833333333333333,33753.0,0,0,0.00047155068,LOW PRIORITY,Loyal,2026-06-13 17:00:59
178,68,62503.0,3,Married,1,1,973.0,26.0,37.42307692307692,40,5,0.0,4863,0.3076923076923077,0.1538461538461538,31251.5,0,0,0.01270882,LOW PRIORITY,VIP,2026-06-13 17:00:59
182,78,44124.0,5,Married,1,1,397.0,17.0,23.352941176470587,62,8,0.0,4781,0.3529411764705882,0.2352941176470588,22062.0,0,0,0.035467666,LOW PRIORITY,Loyal,2026-06-13 17:00:59
193,28,14421.0,1,Married,0,0,16.0,4.0,4.0,81,5,0.2,4499,0.25,0.25,14421.0,0,0,0.0010701424,LOW PRIORITY,Loyal,2026-06-13 17:00:59
194,59,48006.0,3,Married,2,1,41.0,5.0,8.2,55,6,0.0,4387,0.2,0.2,16002.0,0,0,0.0014229178,LOW PRIORITY,Loyal,2026-06-13 17:00:59
195,52,38808.0,3,Single,1,1,246.0,14.0,17.571428571428573,21,8,0.2,5039,0.3571428571428571,0.2857142857142857,19404.0,0,1,0.91062456,HIGH PRIORITY,New,2026-06-13 17:00:59
199,62,45183.0,4,Single,0,0,315.0,13.0,24.23076923076923,33,7,0.2,4892,0.3076923076923077,0.0769230769230769,45183.0,0,0,0.70414007,HIGH PRIORITY,New,2026-06-13 17:00:59
202,76,82032.0,5,Widow,0,0,1234.0,17.0,72.58823529411765,54,1,0.0,4452,0.2352941176470588,0.0,82032.0,0,0,0.054968644,LOW PRIORITY,At Risk,2026-06-13 17:00:59
203,49,81169.0,4,Single,0,0,2089.0,22.0,94.95454545454544,47,2,0.0,4808,0.2272727272727272,0.0454545454545454,81169.0,0,0,0.8716712,HIGH PRIORITY,VIP,2026-06-13 17:00:59
213,61,23091.0,5,Single,2,1,48.0,10.0,4.8,98,7,0.0,4399,0.2,0.4,7697.0,0,0,0.0020529393,LOW PRIORITY,Loyal,2026-06-13 17:00:59
217,68,64857.0,4,Single,0,0,1540.0,23.0,66.95652173913044,78,4,0.0,4950,0.3043478260869565,0.0434782608695652,64857.0,0,0,0.4031906,MEDIUM PRIORITY,At Risk,2026-06-13 17:00:59
221,69,48726.0,3,Married,1,1,242.0,12.0,20.166666666666668,90,6,0.0,4795,0.25,0.25,24363.0,0,0,0.0063941865,LOW PRIORITY,Loyal,2026-06-13 17:00:59
231,68,28839.0,4,Married,2,1,32.0,7.0,4.571428571428571,86,5,0.0,4477,0.2857142857142857,0.2857142857142857,9613.0,0,0,0.00049539685,LOW PRIORITY,Loyal,2026-06-13 17:00:59
232,59,61559.0,3,Single,1,1,530.0,17.0,31.176470588235293,8,3,0.0,4714,0.2352941176470588,0.0588235294117647,30779.5,0,0,0.02860757,LOW PRIORITY,VIP,2026-06-13 17:00:59
234,45,15287.0,3,Divorced,1,1,31.0,6.0,5.166666666666667,60,7,0.2,4994,0.1666666666666666,0.3333333333333333,7643.5,0,1,0.9325779,HIGH PRIORITY,Loyal,2026-06-13 17:00:59
236,73,34838.0,3,Married,2,1,170.0,10.0,17.0,62,6,0.0,4893,0.2,0.3,11612.666666666666,0,0,0.061196744,LOW PRIORITY,Loyal,2026-06-13 17:00:59
238,57,67309.0,2,Married,2,1,1082.0,39.0,27.743589743589745,76,7,0.0,4889,0.2307692307692307,0.3846153846153846,22436.33333333333,0,0,0.015261816,LOW PRIORITY,At Risk,2026-06-13 17:00:59
241,72,83844.0,3,Married,0,0,1574.0,20.0,78.7,57,1,0.2,4780,0.2,0.05,83844.0,0,0,0.17588776,LOW PRIORITY,At Risk,2026-06-13 17:00:59
246,59,66480.0,3,Married,2,1,312.0,19.0,16.42105263157895,71,4,0.0,4396,0.2105263157894736,0.3684210526315789,22160.0,0,0,0.0010499036,LOW PRIORITY,Loyal,2026-06-13 17:00:59
247,53,36715.0,3,Married,1,1,357.0,19.0,18.789473684210527,16,9,0.0,4956,0.3684210526315789,0.3157894736842105,18357.5,0,1,0.951325,HIGH PRIORITY,VIP,2026-06-13 17:00:59
252,61,41003.0,5,Divorced,0,0,601.0,17.0,35.35294117647059,11,6,0.0,4836,0.3529411764705882,0.0588235294117647,41003.0,0,0,0.2360776,LOW PRIORITY,VIP,2026-06-13 17:00:59
254,69,53863.0,3,Married,1,1,473.0,18.0,26.27777777777778,4,7,0.2,4410,0.3888888888888889,0.1666666666666666,26931.5,0,0,0.14123097,LOW PRIORITY,VIP,2026-06-13 17:00:59
255,73,22263.0,3,Divorced,2,1,21.0,6.0,3.5,31,6,0.0,4458,0.1666666666666666,0.3333333333333333,7421.0,1,0,0.020077553,LOW PRIORITY,New,2026-06-13 17:00:59
257,65,75032.0,5,Married,1,1,1215.0,20.0,60.75,74,3,0.0,4794,0.25,0.1,37516.0,0,0,0.023974959,LOW PRIORITY,At Risk,2026-06-13 17:00:59
263,79,45576.0,5,Single,0,0,145.0,8.0,18.125,9,8,0.0,4399,0.375,0.125,45576.0,0,1,0.6999544,HIGH PRIORITY,New,2026-06-13 17:00:59
269,61,46757.0,5,Single,1,1,1143.0,21.0,54.42857142857143,71,9,0.0,4957,0.1904761904761904,0.2857142857142857,23378.5,0,0,0.28253934,LOW PRIORITY,At Risk,2026-06-13 17:00:59
271,55,40590.0,3,Widow,2,1,258.0,15.0,17.2,30,6,0.2,4637,0.2,0.3333333333333333,13530.0,0,0,0.25304347,LOW PRIORITY,New,2026-06-13 17:00:59
273,54,36138.0,4,Married,2,1,151.0,13.0,11.615384615384617,48,7,0.2,4715,0.2307692307692307,0.3846153846153846,12046.0,0,0,0.29173273,LOW PRIORITY,New,2026-06-13 17:00:59
274,51,34853.0,3,Single,2,1,34.0,7.0,4.857142857142857,75,6,0.0,4555,0.2857142857142857,0.2857142857142857,11617.666666666666,0,0,0.0029865466,LOW PRIORITY,Loyal,2026-06-13 17:00:59
286,72,44213.0,3,Single,2,1,152.0,12.0,12.666666666666666,48,6,0.0,4579,0.1666666666666666,0.3333333333333333,14737.666666666666,0,0,0.03513409,LOW PRIORITY,New,2026-06-13 17:00:59
291,54,72940.0,3,Married,0,0,981.0,13.0,75.46153846153847,13,1,0.0,4742,0.2307692307692307,0.0769230769230769,72940.0,0,0,0.26383865,LOW PRIORITY,VIP,2026-06-13 17:00:59
295,35,81217.0,3,Single,0,0,1157.0,22.0,52.59090909090909,77,1,0.0,4712,0.1363636363636363,0.0454545454545454,81217.0,0,0,0.008612336,LOW PRIORITY,At Risk,2026-06-13 17:00:59
304,43,22944.0,4,Single,1,1,76.0,9.0,8.444444444444445,67,7,0.0,4555,0.3333333333333333,0.3333333333333333,11472.0,0,0,0.064691156,LOW PRIORITY,Loyal,2026-06-13 17:00:59
309,63,63342.0,5,Married,1,1,1101.0,19.0,57.94736842105263,48,6,0.2,4988,0.4210526315789473,0.1578947368421052,31671.0,0,0,0.71440285,HIGH PRIORITY,VIP,2026-06-13 17:00:59
310,54,61872.0,4,Married,1,1,573.0,21.0,27.285714285714285,81,4,0.0,4565,0.1904761904761904,0.1904761904761904,30936.0,0,0,0.0016138157,LOW PRIORITY,At Risk,2026-06-13 17:00:59
313,56,73455.0,3,Widow,0,0,2088.0,22.0,94.9090909090909,98,3,0.2,4611,0.2727272727272727,0.0454545454545454,73455.0,0,0,0.042265836,LOW PRIORITY,At Risk,2026-06-13 17:00:59
322,46,42554.0,3,Married,2,1,41.0,7.0,5.857142857142857,93,4,0.0,4900,0.2857142857142857,0.2857142857142857,14184.666666666666,0,0,0.0016865225,LOW PRIORITY,Loyal,2026-06-13 17:00:59
326,51,51148.0,3,Married,2,1,315.0,16.0,19.6875,38,6,0.0,4863,0.3125,0.25,17049.333333333332,0,0,0.03520341,LOW PRIORITY,New,2026-06-13 17:00:59
332,67,47743.0,3,Married,1,1,275.0,14.0,19.642857142857142,56,6,0.2,4831,0.2857142857142857,0.2142857142857142,23871.5,0,0,0.07394165,LOW PRIORITY,Loyal,2026-06-13 17:00:59
339,52,57091.0,5,Married,1,1,496.0,18.0,27.55555555555556,82,7,0.2,4950,0.5,0.1111111111111111,28545.5,0,1,0.67996454,HIGH PRIORITY,At Risk,2026-06-13 17:00:59
340,54,72967.0,3,Divorced,1,1,497.0,19.0,26.157894736842103,1,5,0.2,4928,0.3684210526315789,0.1052631578947368,36483.5,0,1,0.73200285,HIGH PRIORITY,VIP,2026-06-13 17:00:59
347,48,40780.0,3,Divorced,1,1,377.0,17.0,22.176470588235293,30,9,0.0,5026,0.4117647058823529,0.2352941176470588,20390.0,0,0,0.30906236,MEDIUM PRIORITY,New,2026-06-13 17:00:59
359,74,48070.0,3,Married,1,1,504.0,19.0,26.526315789473685,33,7,0.0,4899,0.4210526315789473,0.1578947368421052,24035.0,1,0,0.03621488,LOW PRIORITY,VIP,2026-06-13 17:00:59
361,55,43142.0,4,Married,2,1,20.0,4.0,5.0,84,7,0.0,4498,0.25,0.25,14380.666666666666,0,0,0.001365593,LOW PRIORITY,Loyal,2026-06-13 17:00:59
367,46,36550.0,2,Married,1,1,577.0,20.0,28.85,74,9,0.0,4862,0.45,0.25,18275.0,0,0,0.03113517,LOW PRIORITY,At Risk,2026-06-13 17:00:59
368,50,40049.0,3,Married,1,1,290.0,14.0,20.714285714285715,61,5,0.0,4944,0.2142857142857142,0.2142857142857142,20024.5,0,0,0.030145766,LOW PRIORITY,Loyal,2026-06-13 17:00:59
375,70,76773.0,3,Divorced,0,0,1156.0,16.0,72.25,79,1,0.0,4856,0.125,0.0625,76773.0,0,0,0.060132094,LOW PRIORITY,At Risk,2026-06-13 17:00:59
378,53,52531.0,3,Married,0,0,794.0,21.0,37.80952380952381,68,6,0.0,4913,0.3333333333333333,0.0952380952380952,52531.0,0,0,0.06511888,LOW PRIORITY,At Risk,2026-06-13 17:00:59
380,70,64497.0,3,Divorced,1,1,1804.0,29.0,62.206896551724135,17,8,0.2,5024,0.3793103448275862,0.1724137931034483,32248.5,0,1,0.5828775,MEDIUM PRIORITY,VIP,2026-06-13 17:00:59
387,48,7500.0,1,Married,0,0,61.0,6.0,10.166666666666666,59,8,0.0,4960,0.3333333333333333,0.1666666666666666,7500.0,0,0,0.19353949,LOW PRIORITY,Loyal,2026-06-13 17:00:59
405,60,41638.0,3,Divorced,1,1,441.0,17.0,25.94117647058824,68,8,0.2,4868,0.2941176470588235,0.2352941176470588,20819.0,0,0,0.16146258,LOW PRIORITY,Loyal,2026-06-13 17:00:59
425,39,55357.0,3,Married,2,1,727.0,22.0,33.04545454545455,66,5,0.0,4862,0.2727272727272727,0.1363636363636363,18452.33333333333,0,0,0.0090304,LOW PRIORITY,At Risk,2026-06-13 17:00:59
433,66,61331.0,4,Single,2,1,632.0,23.0,27.47826086956522,42,8,0.0,4843,0.4782608695652174,0.217391304347826,20443.666666666668,0,0,0.12530288,LOW PRIORITY,VIP,2026-06-13 17:00:59
437,48,75012.0,4,Divorced,0,0,1027.0,23.0,44.65217391304348,41,1,0.0,4522,0.1304347826086956,0.0434782608695652,75012.0,0,0,0.083793916,LOW PRIORITY,VIP,2026-06-13 17:00:59
448,46,54880.0,5,Single,1,1,795.0,21.0,37.85714285714285,57,5,0.0,4852,0.2857142857142857,0.0952380952380952,27440.0,0,0,0.057486136,LOW PRIORITY,At Risk,2026-06-13 17:00:59
450,66,42315.0,4,Married,1,1,270.0,12.0,22.5,90,3,0.0,4719,0.0833333333333333,0.25,21157.5,0,0,0.0013700358,LOW PRIORITY,Loyal,2026-06-13 17:00:59
451,35,9255.0,3,Single,1,1,22.0,5.0,4.4,91,8,0.0,4558,0.2,0.2,4627.5,0,0,0.00027614343,LOW PRIORITY,Loyal,2026-06-13 17:00:59
453,68,35340.0,5,Widow,2,1,45.0,7.0,6.428571428571429,1,5,0.0,4367,0.2857142857142857,0.2857142857142857,11780.0,0,0,0.037421618,LOW PRIORITY,New,2026-06-13 17:00:59
454,44,69508.0,3,Married,1,1,1135.0,28.0,40.535714285714285,48,6,0.0,4959,0.3928571428571428,0.0714285714285714,34754.0,0,0,0.017058553,LOW PRIORITY,VIP,2026-06-13 17:00:59
455,78,51012.0,5,Married,0,0,209.0,10.0,20.9,86,6,0.0,4804,0.4,0.1,51012.0,0,0,0.017050207,LOW PRIORITY,Loyal,2026-06-13 17:00:59
456,38,7500.0,2,Married,1,1,36.0,7.0,5.142857142857143,96,8,0.0,4874,0.2857142857142857,0.2857142857142857,3750.0,0,0,0.0025479235,LOW PRIORITY,Loyal,2026-06-13 17:00:59
460,52,79930.0,5,Married,0,0,1753.0,17.0,103.11764705882354,72,2,0.0,5057,0.1764705882352941,0.0588235294117647,79930.0,0,0,0.08696649,LOW PRIORITY,At Risk,2026-06-13 17:00:59
466,80,65275.0,3,Married,0,0,746.0,21.0,35.523809523809526,9,2,0.0,4819,0.1904761904761904,0.0476190476190476,65275.0,0,0,0.10170128,LOW PRIORITY,VIP,2026-06-13 17:00:59
477,38,83512.0,3,Married,0,0,2157.0,22.0,98.04545454545456,31,1,0.8,4379,0.1818181818181818,0.0454545454545454,83512.0,0,1,0.85716003,HIGH PRIORITY,VIP,2026-06-13 17:00:59
486,36,84219.0,3,Married,0,0,1198.0,18.0,66.55555555555556,27,1,0.0,4514,0.1666666666666666,0.0555555555555555,84219.0,0,0,0.0056512738,LOW PRIORITY,VIP,2026-06-13 17:00:59
492,51,48432.0,5,Single,1,1,424.0,19.0,22.31578947368421,3,8,0.0,4986,0.3684210526315789,0.2631578947368421,24216.0,0,0,0.86332893,HIGH PRIORITY,VIP,2026-06-13 17:00:59
498,54,30015.0,3,Single,1,1,57.0,7.0,8.142857142857142,28,5,0.0,4514,0.1428571428571428,0.2857142857142857,15007.5,0,0,0.073306456,LOW PRIORITY,New,2026-06-13 17:00:59
500,47,96876.0,3,Married,0,0,1941.0,24.0,80.875,79,2,0.6,4694,0.2916666666666667,0.0416666666666666,96876.0,0,1,0.9828084,HIGH PRIORITY,At Risk,2026-06-13 17:00:59
503,39,20559.0,4,Married,1,1,53.0,7.0,7.571428571428571,88,8,0.0,4841,0.2857142857142857,0.2857142857142857,10279.5,0,0,0.026200535,LOW PRIORITY,Loyal,2026-06-13 17:00:59
520,50,34421.0,3,Married,1,1,30.0,4.0,7.5,81,7,0.0,4730,0.25,0.25,17210.5,0,0,0.0148160355,LOW PRIORITY,Loyal,2026-06-13 17:00:59
521,39,54006.0,3,Married,1,1,581.0,18.0,32.27777777777778,42,7,0.0,5016,0.4444444444444444,0.1111111111111111,27003.0,0,0,0.037135027,LOW PRIORITY,VIP,2026-06-13 17:00:59
523,35,37155.0,3,Married,1,1,74.0,7.0,10.571428571428571,51,5,0.0,4881,0.2857142857142857,0.1428571428571428,18577.5,0,0,0.007946394,LOW PRIORITY,Loyal,2026-06-13 17:00:59
524,58,22634.0,1,Married,0,0,96.0,6.0,16.0,47,8,0.0,4896,0.3333333333333333,0.1666666666666666,22634.0,0,0,0.09935047,LOW PRIORITY,New,2026-06-13 17:00:59
528,46,65819.0,3,Married,0,0,1383.0,20.0,69.15,99,3,0.0,4944,0.25,0.05,65819.0,0,0,0.020435711,LOW PRIORITY,At Risk,2026-06-13 17:00:59
531,70,57333.0,5,Divorced,1,1,1662.0,33.0,50.36363636363637,55,6,0.0,5012,0.2424242424242424,0.3333333333333333,28666.5,0,1,0.89576066,HIGH PRIORITY,At Risk,2026-06-13 17:00:59
535,37,81361.0,3,Divorced,0,0,778.0,27.0,28.814814814814813,18,1,0.0,4491,0.1111111111111111,0.037037037037037,81361.0,0,0,0.02478635,LOW PRIORITY,VIP,2026-06-13 17:00:59
538,35,46107.0,3,Single,1,1,125.0,7.0,17.857142857142858,78,3,0.0,4506,0.1428571428571428,0.1428571428571428,23053.5,0,0,0.00036659007,LOW PRIORITY,Loyal,2026-06-13 17:00:59
544,70,62820.0,3,Married,0,0,976.0,14.0,69.71428571428571,51,1,0.0,4781,0.2142857142857142,0.0714285714285714,62820.0,0,0,0.015390777,LOW PRIORITY,At Risk,2026-06-13 17:00:59
550,72,62335.0,3,Divorced,1,1,708.0,21.0,33.714285714285715,87,2,0.0,4769,0.1428571428571428,0.0952380952380952,31167.5,0,0,0.0041722134,LOW PRIORITY,At Risk,2026-06-13 17:00:59
564,43,56937.0,5,Married,1,1,906.0,30.0,30.2,81,6,0.2,5061,0.2666666666666666,0.2333333333333333,28468.5,0,1,0.44377312,MEDIUM PRIORITY,At Risk,2026-06-13 17:00:59
569,33,90273.0,3,Single,0,0,1991.0,19.0,104.78947368421052,32,2,0.6,4564,0.2631578947368421,0.0526315789473684,90273.0,0,1,0.9857873,HIGH PRIORITY,VIP,2026-06-13 17:00:59
574,60,42523.0,3,Married,0,0,125.0,7.0,17.857142857142858,96,2,0.0,4434,0.1428571428571428,0.1428571428571428,42523.0,0,0,0.0007289133,LOW PRIORITY,Loyal,2026-06-13 17:00:59
577,48,26907.0,2,Married,2,1,22.0,6.0,3.6666666666666665,10,7,0.0,4680,0.1666666666666666,0.3333333333333333,8969.0,0,0,0.1104376,LOW PRIORITY,New,2026-06-13 17:00:59
590,54,78579.0,4,Divorced,0,0,1812.0,16.0,113.25,35,3,0.0,4921,0.3125,0.0625,78579.0,0,1,0.92247707,HIGH PRIORITY,VIP,2026-06-13 17:00:59
591,67,66033.0,3,Widow,1,1,677.0,20.0,33.85,76,7,0.0,4892,0.4,0.1,33016.5,0,0,0.030943627,LOW PRIORITY,At Risk,2026-06-13 17:00:59
606,57,25930.0,3,Single,2,1,15.0,4.0,3.75,87,7,0.0,4629,0.25,0.25,8643.333333333334,0,0,0.00044203005,LOW PRIORITY,Loyal,2026-06-13 17:00:59
607,69,41769.0,2,Divorced,1,1,521.0,22.0,23.681818181818183,31,8,0.0,4868,0.3636363636363636,0.2727272727272727,20884.5,0,0,0.15511774,LOW PRIORITY,VIP,2026-06-13 17:00:59
610,71,53593.0,5,Married,2,1,480.0,23.0,20.869565217391305,60,8,0.0,5058,0.3043478260869565,0.3478260869565217,17864.333333333332,0,0,0.5293011,MEDIUM PRIORITY,At Risk,2026-06-13 17:00:59
615,64,30507.0,3,Married,0,0,343.0,11.0,31.181818181818183,29,7,0.0,4842,0.4545454545454545,0.0909090909090909,30507.0,0,0,0.041026324,LOW PRIORITY,New,2026-06-13 17:00:59
618,47,69389.0,5,Married,1,1,797.0,22.0,36.22727272727273,17,4,0.0,5006,0.3181818181818182,0.0454545454545454,34694.5,0,0,0.09591985,LOW PRIORITY,VIP,2026-06-13 17:00:59
624,40,18890.0,4,Single,0,0,35.0,4.0,8.75,5,6,0.2,4963,0.0,0.25,18890.0,0,1,0.9352596,HIGH PRIORITY,New,2026-06-13 17:00:59
626,73,32871.0,3,Married,2,1,43.0,5.0,8.6,28,4,0.0,4844,0.2,0.2,10957.0,0,0,0.0056368415,LOW PRIORITY,New,2026-06-13 17:00:59
635,58,57183.0,4,Married,2,1,610.0,25.0,24.4,51,8,0.0,4834,0.36,0.32,19061.0,0,0,0.03614305,LOW PRIORITY,At Risk,2026-06-13 17:00:59
640,73,57304.0,3,Married,1,1,1026.0,25.0,41.04,61,5,0.0,4842,0.28,0.08,28652.0,0,0,0.0062572826,LOW PRIORITY,At Risk,2026-06-13 17:00:59
641,57,52074.0,3,Single,1,1,119.0,7.0,17.0,77,4,0.2,4453,0.2857142857142857,0.1428571428571428,26037.0,0,0,0.005129121,LOW PRIORITY,Loyal,2026-06-13 17:00:59
642,44,16005.0,1,Married,1,1,103.0,8.0,12.875,69,8,0.0,5051,0.25,0.375,8002.5,0,0,0.18352906,LOW PRIORITY,Loyal,2026-06-13 17:00:59
663,35,33996.0,5,Single,0,0,71.0,6.0,11.833333333333334,46,4,0.0,4658,0.1666666666666666,0.1666666666666666,33996.0,0,0,0.0106815975,LOW PRIORITY,New,2026-06-13 17:00:59
675,51,52034.0,4,Divorced,2,1,332.0,16.0,20.75,67,7,0.0,4775,0.25,0.3125,17344.666666666668,0,0,0.095401056,LOW PRIORITY,Loyal,2026-06-13 17:00:59
679,67,37633.0,5,Married,2,1,38.0,6.0,6.333333333333333,49,9,0.0,5014,0.1666666666666666,0.3333333333333333,12544.333333333334,0,0,0.032186933,LOW PRIORITY,New,2026-06-13 17:00:59
692,70,36807.0,3,Married,2,1,16.0,4.0,4.0,88,6,0.0,4923,0.25,0.25,12269.0,0,0,0.0037488542,LOW PRIORITY,Loyal,2026-06-13 17:00:59
697,55,74918.0,3,Married,0,0,2047.0,21.0,97.47619047619048,78,3,0.2,4841,0.238095238095238,0.0476190476190476,74918.0,0,0,0.18455507,LOW PRIORITY,At Risk,2026-06-13 17:00:59
701,53,73691.0,3,Married,1,1,1179.0,18.0,65.5,58,2,0.2,4602,0.3333333333333333,0.1111111111111111,36845.5,0,0,0.01234054,LOW PRIORITY,At Risk,2026-06-13 17:00:59
702,49,47682.0,2,Widow,1,1,521.0,19.0,27.42105263157895,80,5,0.0,4866,0.2105263157894736,0.2105263157894736,23841.0,0,0,0.005577439,LOW PRIORITY,At Risk,2026-06-13 17:00:59
709,72,51537.0,3,Divorced,1,1,1103.0,18.0,61.27777777777778,27,8,0.0,4934,0.1111111111111111,0.1666666666666666,25768.5,0,0,0.04689304,LOW PRIORITY,VIP,2026-06-13 17:00:59
713,47,50353.0,4,Married,0,0,442.0,15.0,29.466666666666665,72,3,0.0,4388,0.2666666666666666,0.0666666666666666,50353.0,0,0,0.0012191922,LOW PRIORITY,Loyal,2026-06-13 17:00:59
716,75,67911.0,5,Married,1,1,976.0,27.0,36.14814814814815,63,3,0.0,4405,0.2222222222222222,0.1111111111111111,33955.5,0,0,0.0021340663,LOW PRIORITY,At Risk,2026-06-13 17:00:59
736,41,28427.0,3,Married,1,1,52.0,7.0,7.428571428571429,67,8,0.0,4832,0.2857142857142857,0.2857142857142857,14213.5,0,0,0.019196143,LOW PRIORITY,Loyal,2026-06-13 17:00:59
737,75,80360.0,5,Married,0,0,2231.0,15.0,148.73333333333332,56,2,0.6,4850,0.2666666666666666,0.1333333333333333,80360.0,0,0,0.8382945,HIGH PRIORITY,At Risk,2026-06-13 17:00:59
738,43,42395.0,2,Single,2,1,182.0,12.0,15.166666666666666,35,7,0.0,4453,0.25,0.3333333333333333,14131.666666666666,0,0,0.07396217,LOW PRIORITY,New,2026-06-13 17:00:59
749,43,42162.0,3,Married,1,1,145.0,9.0,16.11111111111111,31,6,0.2,4589,0.3333333333333333,0.2222222222222222,21081.0,0,1,0.026503993,LOW PRIORITY,New,2026-06-13 17:00:59
760,49,60554.0,5,Divorced,1,1,811.0,23.0,35.26086956521739,8,6,0.0,4691,0.3478260869565217,0.0869565217391304,30277.0,0,0,0.101066805,LOW PRIORITY,VIP,2026-06-13 17:00:59
762,43,75774.0,2,Married,1,1,823.0,21.0,39.19047619047619,27,4,0.0,4425,0.3333333333333333,0.0476190476190476,37887.0,0,0,0.0014260787,LOW PRIORITY,VIP,2026-06-13 17:00:59
771,57,54178.0,3,Married,1,1,194.0,10.0,19.4,79,2,0.0,4526,0.2,0.1,27089.0,0,0,0.00046521376,LOW PRIORITY,Loyal,2026-06-13 17:00:59
773,53,42835.0,4,Divorced,2,1,595.0,23.0,25.869565217391305,64,6,0.0,4731,0.2608695652173913,0.3043478260869565,14278.333333333334,0,0,0.04675249,LOW PRIORITY,At Risk,2026-06-13 17:00:59
793,51,20895.0,3,Married,1,1,45.0,6.0,7.5,24,9,0.0,4998,0.3333333333333333,0.1666666666666666,10447.5,0,0,0.25485185,LOW PRIORITY,New,2026-06-13 17:00:59
796,59,60161.0,2,Divorced,1,1,1071.0,26.0,41.19230769230769,17,8,0.0,4981,0.4230769230769231,0.1153846153846153,30080.5,0,0,0.08302043,LOW PRIORITY,VIP,2026-06-13 17:00:59
798,37,23442.0,3,Single,1,1,27.0,5.0,5.4,71,7,0.0,4919,0.2,0.2,11721.0,0,0,0.003940113,LOW PRIORITY,Loyal,2026-06-13 17:00:59
800,64,44512.0,3,Married,2,1,32.0,6.0,5.333333333333333,57,4,0.0,4670,0.1666666666666666,0.3333333333333333,14837.333333333334,0,0,0.0010081803,LOW PRIORITY,Loyal,2026-06-13 17:00:59
803,56,40521.0,3,Married,2,1,21.0,4.0,5.25,82,5,0.0,4817,0.0,0.25,13507.0,0,0,0.00048657326,LOW PRIORITY,Loyal,2026-06-13 17:00:59
807,55,44602.0,4,Married,2,1,292.0,17.0,17.176470588235293,35,8,0.0,4501,0.3529411764705882,0.3529411764705882,14867.333333333334,0,0,0.10436979,LOW PRIORITY,New,2026-06-13 17:00:59
810,49,74190.0,3,Married,1,1,641.0,19.0,33.73684210526316,49,2,0.0,4415,0.2105263157894736,0.1052631578947368,37095.0,0,0,0.0010350449,LOW PRIORITY,At Risk,2026-06-13 17:00:59
819,79,63285.0,3,Widow,0,0,1103.0,25.0,44.12,84,3,0.0,4603,0.24,0.04,63285.0,0,0,0.012423698,LOW PRIORITY,At Risk,2026-06-13 17:00:59
821,32,92859.0,4,Single,0,0,2077.0,22.0,94.4090909090909,46,2,0.0,4985,0.2272727272727272,0.0454545454545454,92859.0,0,0,0.9303515,HIGH PRIORITY,VIP,2026-06-13 17:00:59
830,37,74004.0,5,Single,0,0,1658.0,15.0,110.53333333333332,5,3,0.4,4492,0.2666666666666666,0.0666666666666666,74004.0,0,1,0.9647431,HIGH PRIORITY,VIP,2026-06-13 17:00:59
832,58,65814.0,5,Married,1,1,747.0,23.0,32.47826086956522,90,5,0.0,4486,0.3478260869565217,0.1304347826086956,32907.0,0,0,0.0051270965,LOW PRIORITY,At Risk,2026-06-13 17:00:59
833,69,38452.0,4,Married,2,1,72.0,9.0,8.0,62,7,0.0,4458,0.3333333333333333,0.3333333333333333,12817.333333333334,0,0,0.0076434175,LOW PRIORITY,Loyal,2026-06-13 17:00:59
837,47,54809.0,3,Married,2,1,174.0,12.0,14.5,0,4,0.0,4658,0.1666666666666666,0.3333333333333333,18269.666666666668,0,0,0.4935345,MEDIUM PRIORITY,New,2026-06-13 17:00:59
839,49,45503.0,5,Married,1,1,170.0,9.0,18.88888888888889,54,5,0.0,4644,0.3333333333333333,0.1111111111111111,22751.5,0,0,0.0031473222,LOW PRIORITY,Loyal,2026-06-13 17:00:59
843,53,64722.0,3,Married,1,1,805.0,25.0,32.2,47,6,0.0,4401,0.32,0.16,32361.0,0,0,0.0021112594,LOW PRIORITY,VIP,2026-06-13 17:00:59
849,71,56129.0,4,Married,1,1,660.0,22.0,30.0,65,4,0.0,4741,0.2727272727272727,0.1818181818181818,28064.5,0,0,0.007829131,LOW PRIORITY,At Risk,2026-06-13 17:00:59
850,56,70566.0,3,Single,1,1,757.0,22.0,34.40909090909091,4,3,0.0,4633,0.2727272727272727,0.0909090909090909,35283.0,0,0,0.02207922,LOW PRIORITY,VIP,2026-06-13 17:00:59
851,52,57136.0,4,Married,2,1,642.0,26.0,24.692307692307693,48,6,0.0,4722,0.1923076923076923,0.3461538461538461,19045.33333333333,0,0,0.019817857,LOW PRIORITY,VIP,2026-06-13 17:00:59
868,58,44794.0,3,Married,1,1,65.0,6.0,10.833333333333334,99,6,0.0,4388,0.3333333333333333,0.1666666666666666,22397.0,0,0,0.0018997497,LOW PRIORITY,Loyal,2026-06-13 17:00:59
873,75,62845.0,4,Married,2,1,1178.0,28.0,42.07142857142857,3,8,0.2,5003,0.1071428571428571,0.3928571428571428,20948.33333333333,0,1,0.13864063,LOW PRIORITY,VIP,2026-06-13 17:00:59
879,48,49681.0,4,Married,2,1,458.0,21.0,21.80952380952381,66,7,0.0,4604,0.3333333333333333,0.2857142857142857,16560.333333333332,0,0,0.013013905,LOW PRIORITY,At Risk,2026-06-13 17:00:59
880,58,22634.0,1,Married,0,0,96.0,6.0,16.0,47,8,0.0,4896,0.3333333333333333,0.1666666666666666,22634.0,0,0,0.09935047,LOW PRIORITY,New,2026-06-13 17:00:59
891,73,29298.0,4,Married,2,1,11.0,4.0,2.75,60,5,0.0,4662,0.25,0.25,9766.0,0,0,0.0011735708,LOW PRIORITY,Loyal,2026-06-13 17:00:59
895,76,61467.0,5,Married,2,1,594.0,20.0,29.7,69,5,0.0,4934,0.25,0.15,20489.0,0,0,0.18320432,LOW PRIORITY,At Risk,2026-06-13 17:00:59
898,38,23477.0,3,Married,1,1,147.0,10.0,14.7,39,8,0.0,4618,0.3,0.3,11738.5,0,0,0.04053894,LOW PRIORITY,New,2026-06-13 17:00:59
902,44,62994.0,3,Married,1,1,312.0,13.0,24.0,74,6,0.0,4484,0.4615384615384615,0.0769230769230769,31497.0,0,0,0.00092328526,LOW PRIORITY,Loyal,2026-06-13 17:00:59
905,38,21846.0,3,Divorced,1,1,84.0,11.0,7.636363636363637,38,8,0.0,4617,0.3636363636363636,0.3636363636363636,10923.0,0,0,0.07338631,LOW PRIORITY,New,2026-06-13 17:00:59
907,49,46149.0,3,Married,1,1,362.0,18.0,20.11111111111111,36,5,0.0,4579,0.2777777777777778,0.2777777777777778,23074.5,0,0,0.0072562895,LOW PRIORITY,New,2026-06-13 17:00:59
916,52,41644.0,5,Single,2,1,31.0,6.0,5.166666666666667,67,3,0.0,4418,0.1666666666666666,0.3333333333333333,13881.333333333334,0,0,0.0058154613,LOW PRIORITY,Loyal,2026-06-13 17:00:59
922,45,31086.0,2,Married,2,1,48.0,6.0,8.0,79,8,0.2,4788,0.1666666666666666,0.3333333333333333,10362.0,0,0,0.020287922,LOW PRIORITY,Loyal,2026-06-13 17:00:59
933,46,37717.0,5,Married,1,1,25.0,4.0,6.25,31,9,0.0,4950,0.25,0.25,18858.5,0,0,0.12610655,LOW PRIORITY,New,2026-06-13 17:00:59
938,43,40211.0,3,Married,2,1,87.0,7.0,12.428571428571429,30,8,0.2,4701,0.2857142857142857,0.2857142857142857,13403.666666666666,0,0,0.13185787,LOW PRIORITY,New,2026-06-13 17:00:59
940,37,57100.0,3,Single,1,1,311.0,14.0,22.214285714285715,9,3,0.0,4409,0.2142857142857142,0.1428571428571428,28550.0,0,0,0.009737989,LOW PRIORITY,New,2026-06-13 17:00:59
942,42,39660.0,3,Single,1,1,299.0,14.0,21.357142857142858,36,9,0.0,5057,0.5,0.2142857142857142,19830.0,0,1,0.1490932,LOW PRIORITY,New,2026-06-13 17:00:59
944,62,56181.0,3,Married,1,1,393.0,14.0,28.071428571428573,6,4,0.0,4904,0.2857142857142857,0.0714285714285714,28090.5,0,0,0.026505223,LOW PRIORITY,New,2026-06-13 17:00:59
945,59,36317.0,3,Married,1,1,133.0,9.0,14.77777777777778,53,7,0.0,4770,0.3333333333333333,0.2222222222222222,18158.5,0,0,0.04393372,LOW PRIORITY,Loyal,2026-06-13 17:00:59
946,66,26490.0,2,Married,0,0,210.0,11.0,19.09090909090909,92,6,0.0,5012,0.2727272727272727,0.1818181818181818,26490.0,0,0,0.019561093,LOW PRIORITY,Loyal,2026-06-13 17:00:59
948,53,10245.0,3,Single,1,1,41.0,8.0,5.125,32,5,0.0,4777,0.125,0.375,5122.5,0,0,0.04225363,LOW PRIORITY,New,2026-06-13 17:00:59
954,64,22123.0,1,Widow,0,0,102.0,7.0,14.571428571428571,77,5,0.0,4461,0.2857142857142857,0.1428571428571428,22123.0,0,0,0.0016438898,LOW PRIORITY,Loyal,2026-06-13 17:00:59
955,62,47175.0,4,Married,2,1,240.0,17.0,14.117647058823527,81,8,0.2,4976,0.2352941176470588,0.4117647058823529,15725.0,0,1,0.43148533,MEDIUM PRIORITY,Loyal,2026-06-13 17:00:59
961,52,74716.0,3,Married,1,1,860.0,17.0,50.588235294117645,92,4,0.0,4657,0.4117647058823529,0.1176470588235294,37358.0,0,0,0.002510668,LOW PRIORITY,At Risk,2026-06-13 17:00:59
965,53,55635.0,3,Divorced,1,1,590.0,21.0,28.09523809523809,34,6,0.0,4960,0.3333333333333333,0.1904761904761904,27817.5,0,0,0.14829215,LOW PRIORITY,VIP,2026-06-13 17:00:59
966,58,44529.0,3,Married,1,1,691.0,25.0,27.64,98,5,0.2,4726,0.24,0.24,22264.5,0,0,0.0106082475,LOW PRIORITY,At Risk,2026-06-13 17:00:59
967,48,46049.0,3,Married,2,1,515.0,26.0,19.807692307692307,11,7,0.0,4710,0.1923076923076923,0.3846153846153846,15349.666666666666,0,1,0.77244383,HIGH PRIORITY,VIP,2026-06-13 17:00:59
968,56,41335.0,4,Divorced,1,1,187.0,12.0,15.583333333333334,24,7,0.0,4552,0.3333333333333333,0.25,20667.5,0,0,0.056506112,LOW PRIORITY,New,2026-06-13 17:00:59
975,68,54252.0,3,Single,2,1,264.0,15.0,17.6,25,6,0.0,4764,0.2666666666666666,0.3333333333333333,18084.0,0,0,0.26799423,LOW PRIORITY,New,2026-06-13 17:00:59
977,67,47320.0,3,Married,1,1,414.0,20.0,20.7,10,6,0.0,4699,0.25,0.3,23660.0,0,0,0.36265275,MEDIUM PRIORITY,VIP,2026-06-13 17:00:59
979,49,33249.0,3,Single,1,1,112.0,8.0,14.0,11,6,0.0,4861,0.25,0.25,16624.5,0,0,0.1356201,LOW PRIORITY,New,2026-06-13 17:00:59
983,40,40059.0,3,Married,1,1,414.0,12.0,34.5,82,8,0.2,4641,0.5,0.0833333333333333,20029.5,0,0,0.0036278216,LOW PRIORITY,Loyal,2026-06-13 17:00:59
988,59,81168.0,3,Married,0,0,1193.0,18.0,66.27777777777777,84,3,0.2,4420,0.3333333333333333,0.0555555555555555,81168.0,0,0,0.003156748,LOW PRIORITY,At Risk,2026-06-13 17:00:59
999,33,86037.0,3,Single,0,0,730.0,25.0,29.2,95,3,0.4,4910,0.24,0.04,86037.0,0,1,0.2635334,LOW PRIORITY,At Risk,2026-06-13 17:00:59
1000,63,74881.0,4,Married,2,1,964.0,27.0,35.7037037037037,48,5,0.0,4845,0.3333333333333333,0.1481481481481481,24960.33333333333,0,0,0.014341889,LOW PRIORITY,VIP,2026-06-13 17:00:59
1008,43,44953.0,5,Married,0,0,1021.0,24.0,42.54166666666666,31,6,0.2,4922,0.2916666666666667,0.0416666666666666,44953.0,0,0,0.39413935,MEDIUM PRIORITY,VIP,2026-06-13 17:00:59
1010,47,46931.0,3,Married,3,1,78.0,7.0,11.142857142857142,94,3,0.0,4433,0.1428571428571428,0.2857142857142857,11732.75,0,0,0.00089501246,LOW PRIORITY,Loyal,2026-06-13 17:00:59
1012,72,61823.0,3,Single,1,1,884.0,24.0,36.833333333333336,26,7,0.0,4863,0.3333333333333333,0.1666666666666666,30911.5,0,0,0.10868866,LOW PRIORITY,VIP,2026-06-13 17:00:59
1016,65,34554.0,5,Single,1,1,55.0,7.0,7.857142857142857,43,6,0.0,4458,0.2857142857142857,0.2857142857142857,17277.0,0,0,0.038767412,LOW PRIORITY,New,2026-06-13 17:00:59
1020,51,79593.0,3,Married,0,0,1366.0,19.0,71.89473684210526,70,2,0.2,4415,0.2631578947368421,0.0526315789473684,79593.0,0,0,0.011632726,LOW PRIORITY,At Risk,2026-06-13 17:00:59
1029,54,64413.0,5,Married,1,1,279.0,12.0,23.25,27,5,0.0,4699,0.4166666666666667,0.0833333333333333,32206.5,0,0,0.008464583,LOW PRIORITY,New,2026-06-13 17:00:59
1030,59,40637.0,5,Single,2,1,38.0,6.0,6.333333333333333,72,7,0.0,4714,0.1666666666666666,0.3333333333333333,13545.666666666666,0,0,0.0033700492,LOW PRIORITY,Loyal,2026-06-13 17:00:59
1031,35,85710.0,2,Married,0,0,1062.0,26.0,40.84615384615385,5,2,0.2,4787,0.2307692307692307,0.0384615384615384,85710.0,0,0,0.07728681,LOW PRIORITY,VIP,2026-06-13 17:00:59
1041,51,48432.0,5,Single,1,1,424.0,19.0,22.31578947368421,3,8,0.0,4986,0.3684210526315789,0.2631578947368421,24216.0,0,1,0.86332893,HIGH PRIORITY,VIP,2026-06-13 17:00:59
1044,71,58398.0,3,Married,0,0,596.0,20.0,29.8,44,4,0.0,4778,0.25,0.15,58398.0,0,0,0.035644423,LOW PRIORITY,VIP,2026-06-13 17:00:59
1045,59,52117.0,3,Married,1,1,279.0,13.0,21.46153846153846,55,7,0.0,5049,0.3846153846153846,0.1538461538461538,26058.5,0,0,0.11583894,LOW PRIORITY,Loyal,2026-06-13 17:00:59
1048,52,35641.0,4,Married,1,1,178.0,10.0,17.8,11,7,0.0,4717,0.3,0.2,17820.5,0,1,0.66912967,HIGH PRIORITY,New,2026-06-13 17:00:59
1050,72,28332.0,3,Married,0,0,65.0,8.0,8.125,58,2,0.0,4427,0.25,0.125,28332.0,0,0,0.000927514,LOW PRIORITY,Loyal,2026-06-13 17:00:59
1052,55,56796.0,3,Married,1,1,1001.0,27.0,37.07407407407408,24,7,0.0,4865,0.2962962962962963,0.1111111111111111,28398.0,0,0,0.018190267,LOW PRIORITY,VIP,2026-06-13 17:00:59
1055,48,53204.0,4,Married,2,1,45.0,5.0,9.0,40,4,0.0,4468,0.2,0.2,17734.666666666668,0,0,0.003623059,LOW PRIORITY,New,2026-06-13 17:00:59
1064,53,42403.0,5,Married,1,1,42.0,5.0,8.4,18,8,0.0,4567,0.2,0.2,21201.5,0,0,0.1681225,LOW PRIORITY,New,2026-06-13 17:00:59
1065,61,80695.0,3,Single,0,0,1918.0,19.0,100.94736842105264,85,2,0.0,4549,0.2631578947368421,0.0526315789473684,80695.0,0,0,0.05989916,LOW PRIORITY,At Risk,2026-06-13 17:00:59
1071,48,70179.0,5,Divorced,1,1,1034.0,26.0,39.76923076923077,10,5,0.0,4710,0.2692307692307692,0.1153846153846153,35089.5,0,0,0.09065572,LOW PRIORITY,VIP,2026-06-13 17:00:59
1072,59,40760.0,5,Single,1,1,93.0,8.0,11.625,64,6,0.0,4670,0.25,0.25,20380.0,0,0,0.02526465,LOW PRIORITY,Loyal,2026-06-13 17:00:59
1077,50,56715.0,3,Married,0,0,1020.0,15.0,68.0,52,4,0.0,4938,0.4666666666666667,0.0666666666666666,56715.0,0,0,0.10052239,LOW PRIORITY,At Risk,2026-06-13 17:00:59
1079,53,71969.0,5,Married,1,1,1086.0,19.0,57.1578947368421,59,8,0.2,4988,0.1578947368421052,0.1578947368421052,35984.5,0,0,0.19440033,LOW PRIORITY,At Risk,2026-06-13 17:00:59
1081,67,75283.0,5,Married,3,1,1019.0,25.0,40.76,26,4,0.0,4826,0.24,0.44,18820.75,0,0,0.13549295,LOW PRIORITY,VIP,2026-06-13 17:00:59
1087,49,22669.0,4,Married,1,1,173.0,10.0,17.3,30,9,0.0,4770,0.4,0.3,11334.5,0,1,0.7598831,HIGH PRIORITY,New,2026-06-13 17:00:59
1092,44,61014.0,3,Married,1,1,1147.0,20.0,57.35,17,7,0.0,5054,0.45,0.2,30507.0,0,0,0.13360737,LOW PRIORITY,VIP,2026-06-13 17:00:59
1100,64,41275.0,4,Married,3,1,61.0,11.0,5.545454545454546,33,5,0.0,4464,0.2727272727272727,0.3636363636363636,10318.75,0,0,0.0046653175,LOW PRIORITY,New,2026-06-13 17:00:59
1103,48,81929.0,4,Married,1,1,2053.0,20.0,102.65,60,6,0.4,5005,0.2,0.1,40964.5,0,1,0.6987935,HIGH PRIORITY,At Risk,2026-06-13 17:00:59
1109,42,27590.0,4,Married,1,1,12.0,4.0,3.0,38,7,0.0,4799,0.25,0.25,13795.0,0,0,0.040125635,LOW PRIORITY,New,2026-06-13 17:00:59
1118,68,50965.0,4,Married,1,1,685.0,22.0,31.13636363636364,87,8,0.2,4861,0.4545454545454545,0.1363636363636363,25482.5,0,0,0.14631459,LOW PRIORITY,At Risk,2026-06-13 17:00:59
1127,51,85844.0,5,Married,0,0,1958.0,20.0,97.9,62,2,0.2,4398,0.3,0.05,85844.0,0,0,0.06500982,LOW PRIORITY,At Risk,2026-06-13 17:00:59
1131,57,52569.0,5,Single,1,1,95.0,7.0,13.571428571428571,54,3,0.0,4452,0.2857142857142857,0.1428571428571428,26284.5,0,0,0.0056554447,LOW PRIORITY,Loyal,2026-06-13 17:00:59
1135,64,17144.0,4,Married,2,1,47.0,12.0,3.9166666666666665,96,7,0.0,4501,0.25,0.4166666666666667,5714.666666666667,0,0,0.0032847214,LOW PRIORITY,Loyal,2026-06-13 17:00:59
1137,60,81246.0,3,Single,0,0,1379.0,17.0,81.11764705882354,87,1,0.4,4549,0.2352941176470588,0.0588235294117647,81246.0,0,0,0.04936475,LOW PRIORITY,At Risk,2026-06-13 17:00:59
1139,40,73356.0,5,Married,0,0,1512.0,22.0,68.72727272727273,56,2,0.6,4510,0.2272727272727272,0.0454545454545454,73356.0,0,1,0.86817974,HIGH PRIORITY,At Risk,2026-06-13 17:00:59
1142,71,55707.0,5,Married,1,1,428.0,16.0,26.75,91,3,0.0,4556,0.1875,0.125,27853.5,0,0,0.0013228026,LOW PRIORITY,Loyal,2026-06-13 17:00:59
1143,52,22063.0,3,Married,1,1,55.0,7.0,7.857142857142857,43,7,0.0,4692,0.2857142857142857,0.2857142857142857,11031.5,0,0,0.06564533,LOW PRIORITY,New,2026-06-13 17:00:59
1146,75,49912.0,4,Married,1,1,874.0,26.0,33.61538461538461,5,8,0.2,5027,0.3846153846153846,0.1538461538461538,24956.0,0,1,0.74874765,HIGH PRIORITY,VIP,2026-06-13 17:00:59
1150,125,83532.0,5,Married,0,0,1853.0,15.0,123.53333333333332,36,1,0.2,4643,0.2666666666666666,0.0666666666666666,83532.0,0,0,0.20552705,LOW PRIORITY,VIP,2026-06-13 17:00:59
1158,58,48877.0,3,Divorced,1,1,144.0,8.0,18.0,27,7,0.0,4542,0.375,0.125,24438.5,0,0,0.0131138945,LOW PRIORITY,New,2026-06-13 17:00:59
1160,54,13260.0,3,Married,2,1,49.0,10.0,4.9,48,8,0.0,4677,0.3,0.4,4420.0,0,0,0.018087458,LOW PRIORITY,New,2026-06-13 17:00:59
1162,37,42000.0,5,Single,0,0,653.0,20.0,32.65,23,5,0.0,4902,0.25,0.1,42000.0,0,1,0.8850619,HIGH PRIORITY,VIP,2026-06-13 17:00:59
1165,66,50729.0,5,Single,2,1,496.0,24.0,20.666666666666668,62,6,0.0,4790,0.25,0.375,16909.666666666668,0,0,0.20088044,LOW PRIORITY,At Risk,2026-06-13 17:00:59
1168,46,72159.0,5,Married,0,0,1401.0,21.0,66.71428571428571,62,2,0.0,4975,0.1904761904761904,0.0476190476190476,72159.0,0,0,0.08464017,LOW PRIORITY,At Risk,2026-06-13 17:00:59
1170,49,27573.0,3,Married,1,1,244.0,14.0,17.428571428571427,45,8,0.0,4828,0.3571428571428571,0.2857142857142857,13786.5,0,0,0.10370762,LOW PRIORITY,New,2026-06-13 17:00:59
1172,41,92491.0,5,Married,0,0,2034.0,25.0,81.36,71,3,0.6,4791,0.28,0.04,92491.0,0,1,0.9917887,HIGH PRIORITY,At Risk,2026-06-13 17:00:59
1173,77,77632.0,4,Married,0,0,2252.0,13.0,173.23076923076923,73,2,0.4,4843,0.3076923076923077,0.0769230769230769,77632.0,0,1,0.71241564,HIGH PRIORITY,At Risk,2026-06-13 17:00:59
1175,41,36262.0,4,Married,0,0,426.0,12.0,35.5,24,6,0.2,4649,0.25,0.0833333333333333,36262.0,0,1,0.4126602,MEDIUM PRIORITY,New,2026-06-13 17:00:59
1176,51,26228.0,3,Married,1,1,25.0,4.0,6.25,50,8,0.0,4647,0.25,0.25,13114.0,0,0,0.012607177,LOW PRIORITY,New,2026-06-13 17:00:59
1177,58,49618.0,4,Married,2,1,129.0,11.0,11.727272727272728,77,7,0.0,4886,0.2727272727272727,0.3636363636363636,16539.333333333332,0,0,0.09633341,LOW PRIORITY,Loyal,2026-06-13 17:00:59
1183,75,36408.0,4,Married,2,1,22.0,4.0,5.5,11,6,0.0,4648,0.25,0.25,12136.0,0,0,0.03484239,LOW PRIORITY,New,2026-06-13 17:00:59
1184,56,69674.0,5,Divorced,2,1,845.0,25.0,33.8,46,5,0.0,4770,0.4,0.12,23224.666666666668,0,0,0.031600703,LOW PRIORITY,VIP,2026-06-13 17:00:59
1204,54,67536.0,5,Married,1,1,1829.0,30.0,60.96666666666667,45,8,0.2,4770,0.3666666666666666,0.1,33768.0,0,0,0.21374442,LOW PRIORITY,VIP,2026-06-13 17:00:59
1212,51,52845.0,3,Married,1,1,936.0,25.0,37.44,7,6,0.2,4687,0.32,0.12,26422.5,0,0,0.3279153,MEDIUM PRIORITY,VIP,2026-06-13 17:00:59
1215,46,70440.0,3,Married,0,0,1572.0,23.0,68.34782608695652,49,3,0.2,4631,0.217391304347826,0.0434782608695652,70440.0,0,0,0.044273555,LOW PRIORITY,At Risk,2026-06-13 17:00:59
1225,61,80124.0,3,Married,0,0,1495.0,19.0,78.6842105263158,47,1,0.2,4370,0.1578947368421052,0.0526315789473684,80124.0,0,0,0.0769399,LOW PRIORITY,VIP,2026-06-13 17:00:59
1232,42,70038.0,5,Married,0,0,1244.0,17.0,73.17647058823529,54,2,0.0,4614,0.2352941176470588,0.0588235294117647,70038.0,0,0,0.024430254,LOW PRIORITY,At Risk,2026-06-13 17:00:59
1241,40,14796.0,2,Married,1,1,51.0,6.0,8.5,1,9,0.0,5017,0.1666666666666666,0.3333333333333333,7398.0,0,1,0.94429886,HIGH PRIORITY,New,2026-06-13 17:00:59
1245,58,63810.0,3,Single,1,1,1371.0,23.0,59.60869565217392,45,8,0.2,4962,0.1739130434782608,0.1739130434782608,31905.0,0,0,0.25843105,LOW PRIORITY,VIP,2026-06-13 17:00:59
1250,48,37697.0,3,Single,1,1,84.0,7.0,12.0,82,6,0.0,4509,0.2857142857142857,0.1428571428571428,18848.5,0,0,0.0035036434,LOW PRIORITY,Loyal,2026-06-13 17:00:59
1272,59,55250.0,4,Single,1,1,903.0,26.0,34.73076923076923,49,5,0.0,4983,0.2692307692307692,0.1538461538461538,27625.0,0,0,0.34329048,MEDIUM PRIORITY,VIP,2026-06-13 17:00:59
1277,64,78468.0,3,Married,0,0,1004.0,28.0,35.857142857142854,29,4,0.2,4448,0.3571428571428571,0.0357142857142857,78468.0,0,0,0.030592902,LOW PRIORITY,VIP,2026-06-13 17:00:59
1291,46,27683.0,5,Married,1,1,351.0,16.0,21.9375,90,8,0.0,5061,0.375,0.25,13841.5,0,0,0.09594185,LOW PRIORITY,Loyal,2026-06-13 17:00:59
1295,61,51381.5,3,Married,1,1,725.0,19.0,38.1578947368421,96,4,0.0,4689,0.3157894736842105,0.0526315789473684,25690.75,0,0,0.0011452242,LOW PRIORITY,At Risk,2026-06-13 17:00:59
1307,46,41986.0,3,Divorced,1,1,63.0,10.0,6.3,15,4,0.0,4507,0.3,0.3,20993.0,0,0,0.061177585,LOW PRIORITY,New,2026-06-13 17:00:59
1321,50,26067.0,3,Married,1,1,56.0,9.0,6.222222222222222,49,8,0.0,4604,0.3333333333333333,0.3333333333333333,13033.5,0,0,0.03439211,LOW PRIORITY,New,2026-06-13 17:00:59
1324,36,38872.0,3,Married,1,1,91.0,8.0,11.375,93,8,0.0,4762,0.375,0.25,19436.0,0,0,0.00092199654,LOW PRIORITY,Loyal,2026-06-13 17:00:59
1328,42,57937.0,2,Married,1,1,683.0,20.0,34.15,56,3,0.0,4500,0.2,0.15,28968.5,0,0,0.0006028785,LOW PRIORITY,At Risk,2026-06-13 17:00:59
1331,47,35790.0,3,Single,1,1,72.0,7.0,10.285714285714286,54,7,0.0,4910,0.2857142857142857,0.2857142857142857,17895.0,0,0,0.31917524,MEDIUM PRIORITY,Loyal,2026-06-13 17:00:59
1340,38,92910.0,3,Married,0,0,1795.0,27.0,66.48148148148148,42,1,0.6,4433,0.2222222222222222,0.037037037037037,92910.0,0,0,0.33639172,MEDIUM PRIORITY,VIP,2026-06-13 17:00:59
1343,56,58554.0,3,Married,2,1,586.0,22.0,26.63636363636364,55,7,0.0,5008,0.3636363636363636,0.2727272727272727,19518.0,0,0,0.26853904,LOW PRIORITY,At Risk,2026-06-13 17:00:59
1349,54,50447.0,3,Married,2,1,148.0,8.0,18.5,4,6,0.0,4436,0.375,0.125,16815.666666666668,0,0,0.02458206,LOW PRIORITY,New,2026-06-13 17:00:59
1351,68,58656.0,4,Married,1,1,1220.0,32.0,38.125,25,6,0.2,5014,0.21875,0.125,29328.0,0,0,0.27020243,LOW PRIORITY,VIP,2026-06-13 17:00:59
1357,54,74854.0,3,Married,3,1,1562.0,19.0,82.21052631578948,90,5,0.0,4814,0.1052631578947368,0.3684210526315789,18713.5,0,0,0.0037096809,LOW PRIORITY,At Risk,2026-06-13 17:00:59
1361,50,82584.0,4,Married,0,0,1435.0,16.0,89.6875,26,1,0.4,4757,0.1875,0.0625,82584.0,0,1,0.8673391,HIGH PRIORITY,VIP,2026-06-13 17:00:59
1362,52,31907.0,3,Single,0,0,449.0,14.0,32.07142857142857,75,7,0.0,4849,0.4285714285714285,0.0714285714285714,31907.0,0,0,0.02132317,LOW PRIORITY,Loyal,2026-06-13 17:00:59
1371,48,79941.0,3,Single,0,0,984.0,16.0,61.5,72,1,0.0,4368,0.125,0.0625,79941.0,0,0,0.008430637,LOW PRIORITY,At Risk,2026-06-13 17:00:59
1377,70,44551.0,4,Widow,1,1,285.0,12.0,23.75,24,7,0.0,4669,0.3333333333333333,0.1666666666666666,22275.5,0,0,0.05349646,LOW PRIORITY,New,2026-06-13 17:00:59
1378,52,50334.0,2,Married,1,1,694.0,23.0,30.17391304347826,24,6,0.0,4707,0.3043478260869565,0.2608695652173913,25167.0,0,0,0.017579073,LOW PRIORITY,VIP,2026-06-13 17:00:59
1379,32,42670.0,4,Married,0,0,241.0,11.0,21.90909090909091,12,4,0.0,4795,0.3636363636363636,0.0909090909090909,42670.0,0,0,0.018467091,LOW PRIORITY,New,2026-06-13 17:00:59
1381,42,38513.0,5,Single,1,1,324.0,17.0,19.058823529411764,20,8,0.0,4519,0.3529411764705882,0.2941176470588235,19256.5,0,1,0.7644728,HIGH PRIORITY,New,2026-06-13 17:00:59
1384,32,17256.0,1,Married,1,1,62.0,7.0,8.857142857142858,10,8,0.2,4585,0.2857142857142857,0.2857142857142857,8628.0,0,0,0.23485929,LOW PRIORITY,New,2026-06-13 17:00:59
1386,57,32474.0,3,Married,2,1,11.0,4.0,2.75,0,7,0.0,4416,0.25,0.25,10824.666666666666,0,0,0.021072524,LOW PRIORITY,New,2026-06-13 17:00:59
1388,49,33249.0,3,Single,1,1,112.0,8.0,14.0,11,6,0.0,4861,0.25,0.25,16624.5,0,0,0.1356201,LOW PRIORITY,New,2026-06-13 17:00:59
1399,66,72905.0,3,Married,0,0,1515.0,20.0,75.75,52,1,0.2,4526,0.15,0.05,72905.0,0,0,0.21510945,LOW PRIORITY,At Risk,2026-06-13 17:00:59
1402,70,66991.0,4,Married,0,0,1253.0,21.0,59.66666666666666,1,3,0.0,5023,0.1904761904761904,0.1428571428571428,66991.0,0,0,0.27346376,LOW PRIORITY,VIP,2026-06-13 17:00:59
1403,49,34984.0,2,Married,2,1,38.0,6.0,6.333333333333333,40,7,0.0,5028,0.1666666666666666,0.3333333333333333,11661.333333333334,0,0,0.052071698,LOW PRIORITY,New,2026-06-13 17:00:59
1404,56,34916.0,3,Married,2,1,231.0,13.0,17.76923076923077,89,9,0.0,4777,0.3846153846153846,0.3076923076923077,11638.666666666666,0,0,0.021201765,LOW PRIORITY,Loyal,2026-06-13 17:00:59
1406,49,53201.0,3,Single,2,1,415.0,22.0,18.863636363636363,49,7,0.0,4869,0.2727272727272727,0.3636363636363636,17733.666666666668,0,0,0.17767729,LOW PRIORITY,VIP,2026-06-13 17:00:59
1407,38,20425.0,1,Married,1,1,57.0,7.0,8.142857142857142,5,7,0.0,4975,0.2857142857142857,0.2857142857142857,10212.5,0,0,0.13397048,LOW PRIORITY,New,2026-06-13 17:00:59
1409,73,40689.0,3,Married,1,1,444.0,20.0,22.2,69,8,0.0,4835,0.35,0.35,20344.5,0,0,0.04884494,LOW PRIORITY,At Risk,2026-06-13 17:00:59
1411,72,82623.0,3,Divorced,0,0,940.0,16.0,58.75,58,1,0.0,4598,0.125,0.0625,82623.0,0,0,0.09807112,LOW PRIORITY,At Risk,2026-06-13 17:00:59
1419,74,34026.0,3,Married,2,1,76.0,9.0,8.444444444444445,11,5,0.0,4695,0.2222222222222222,0.3333333333333333,11342.0,0,0,0.12831677,LOW PRIORITY,New,2026-06-13 17:00:59
1440,46,52513.0,2,Married,0,0,1149.0,25.0,45.96,84,7,0.0,5030,0.36,0.08,52513.0,0,0,0.06292255,LOW PRIORITY,At Risk,2026-06-13 17:00:59
1446,68,86424.0,4,Single,0,0,1226.0,28.0,43.785714285714285,12,1,0.0,4452,0.2142857142857142,0.0357142857142857,86424.0,0,0,0.24301448,LOW PRIORITY,VIP,2026-06-13 17:00:59
1448,61,33562.0,4,Married,3,1,51.0,9.0,5.666666666666667,33,4,0.0,4371,0.2222222222222222,0.3333333333333333,8390.5,0,0,0.0031000345,LOW PRIORITY,New,2026-06-13 17:00:59
1453,81,57513.0,5,Widow,0,0,1060.0,27.0,39.25925925925926,59,6,0.0,4725,0.3333333333333333,0.074074074074074,57513.0,0,0,0.28885674,LOW PRIORITY,At Risk,2026-06-13 17:00:59
1456,45,60474.0,3,Single,1,1,1180.0,31.0,38.064516129032256,25,7,0.0,4821,0.3225806451612903,0.2258064516129032,30237.0,0,0,0.03256914,LOW PRIORITY,VIP,2026-06-13 17:00:59
1458,42,21059.0,4,Married,1,1,44.0,9.0,4.888888888888889,40,6,0.0,4540,0.3333333333333333,0.3333333333333333,10529.5,0,0,0.01767469,LOW PRIORITY,New,2026-06-13 17:00:59
1459,58,69063.0,5,Married,1,1,928.0,14.0,66.28571428571429,16,3,0.0,4966,0.3571428571428571,0.0714285714285714,34531.5,0,0,0.08257112,LOW PRIORITY,VIP,2026-06-13 17:00:59
1461,59,36921.0,5,Divorced,2,1,38.0,7.0,5.428571428571429,74,7,0.0,4703,0.2857142857142857,0.2857142857142857,12307.0,0,0,0.005856087,LOW PRIORITY,Loyal,2026-06-13 17:00:59
1463,66,45160.0,3,Single,2,1,21.0,4.0,5.25,9,7,0.0,4459,0.25,0.25,15053.333333333334,0,0,0.01135198,LOW PRIORITY,New,2026-06-13 17:00:59
1473,64,47823.0,2,Single,1,1,72.0,7.0,10.285714285714286,0,8,0.0,4708,0.2857142857142857,0.2857142857142857,23911.5,0,0,0.18924123,LOW PRIORITY,New,2026-06-13 17:00:59
1490,62,55759.0,3,Married,1,1,854.0,26.0,32.84615384615385,84,8,0.0,4945,0.3846153846153846,0.1923076923076923,27879.5,0,0,0.049080312,LOW PRIORITY,At Risk,2026-06-13 17:00:59
1491,59,71488.0,2,Married,0,0,559.0,16.0,34.9375,87,1,0.0,4863,0.1875,0.125,71488.0,0,0,0.0067580617,LOW PRIORITY,Loyal,2026-06-13 17:00:59
1497,72,47958.0,3,Single,1,1,407.0,16.0,25.4375,8,5,0.0,4893,0.375,0.125,23979.0,0,0,0.086219266,LOW PRIORITY,New,2026-06-13 17:00:59
1501,42,160803.0,5,Married,0,0,1717.0,44.0,39.02272727272727,21,0,0.0,5061,0.0,0.3409090909090909,160803.0,0,0,0.061342016,LOW PRIORITY,VIP,2026-06-13 17:00:59
1502,41,28427.0,3,Married,1,1,52.0,7.0,7.428571428571429,67,8,0.0,4832,0.2857142857142857,0.2857142857142857,14213.5,0,0,0.019196143,LOW PRIORITY,Loyal,2026-06-13 17:00:59
1503,48,162397.0,5,Married,2,1,107.0,1.0,107.0,31,1,0.0,4758,0.0,0.0,54132.333333333336,0,0,0.0042856843,LOW PRIORITY,New,2026-06-13 17:00:59
1506,49,42160.0,3,Single,2,1,140.0,11.0,12.727272727272728,26,6,0.0,4733,0.1818181818181818,0.3636363636363636,14053.333333333334,0,1,0.6178013,HIGH PRIORITY,New,2026-06-13 17:00:59
1509,66,84460.0,5,Married,0,0,523.0,22.0,23.772727272727277,80,5,0.8,4908,0.4090909090909091,0.0,84460.0,0,1,0.9691316,HIGH PRIORITY,At Risk,2026-06-13 17:00:59
1513,45,60839.0,2,Married,2,1,1250.0,29.0,43.10344827586207,72,8,0.0,5037,0.0689655172413793,0.4482758620689655,20279.666666666668,0,0,0.015456143,LOW PRIORITY,At Risk,2026-06-13 17:00:59
1515,49,34176.0,4,Married,1,1,28.0,5.0,5.6,9,3,0.0,4525,0.2,0.2,17088.0,0,0,0.036350884,LOW PRIORITY,New,2026-06-13 17:00:59
1517,55,30822.0,3,Single,1,1,51.0,5.0,10.2,92,7,0.0,4747,0.2,0.2,15411.0,0,0,0.0019360523,LOW PRIORITY,Loyal,2026-06-13 17:00:59
1518,59,62694.0,4,Married,2,1,749.0,24.0,31.20833333333333,29,7,0.0,4744,0.375,0.2083333333333333,20898.0,0,0,0.051439006,LOW PRIORITY,VIP,2026-06-13 17:00:59
1519,52,38578.0,5,Single,2,1,73.0,9.0,8.11111111111111,2,8,0.0,4739,0.3333333333333333,0.3333333333333333,12859.333333333334,0,1,0.37755284,MEDIUM PRIORITY,New,2026-06-13 17:00:59
1523,51,59041.0,3,Married,2,1,96.0,8.0,12.0,25,5,0.0,4420,0.25,0.25,19680.33333333333,0,0,0.002654983,LOW PRIORITY,New,2026-06-13 17:00:59
1524,41,81698.0,2,Single,0,0,1104.0,16.0,69.0,1,5,0.2,4852,0.5,0.0625,81698.0,0,1,0.93048406,HIGH PRIORITY,VIP,2026-06-13 17:00:59
1542,49,56243.0,3,Single,3,1,396.0,20.0,19.8,26,5,0.0,4548,0.2,0.3,14060.75,0,0,0.11784484,LOW PRIORITY,VIP,2026-06-13 17:00:59
1544,57,81380.0,4,Divorced,0,0,1893.0,17.0,111.3529411764706,51,2,0.0,4921,0.2352941176470588,0.0588235294117647,81380.0,0,0,0.80179816,HIGH PRIORITY,At Risk,2026-06-13 17:00:59
1545,38,38508.0,3,Married,1,1,443.0,20.0,22.15,95,8,0.0,4698,0.35,0.3,19254.0,0,0,0.0018037786,LOW PRIORITY,At Risk,2026-06-13 17:00:59
1553,78,82657.0,3,Married,0,0,2283.0,23.0,99.2608695652174,71,4,0.4,4642,0.3043478260869565,0.0434782608695652,82657.0,0,0,0.19554016,LOW PRIORITY,At Risk,2026-06-13 17:00:59
1570,73,69702.0,5,Married,1,1,1039.0,26.0,39.96153846153846,8,4,0.0,4862,0.2692307692307692,0.0769230769230769,34851.0,0,0,0.05328699,LOW PRIORITY,VIP,2026-06-13 17:00:59
1577,78,78569.0,3,Married,0,0,1736.0,15.0,115.73333333333332,14,1,0.2,4497,0.2666666666666666,0.0666666666666666,78569.0,0,1,0.68372583,HIGH PRIORITY,VIP,2026-06-13 17:00:59
1581,44,37406.0,3,Married,1,1,17.0,4.0,4.25,18,8,0.0,4629,0.25,0.25,18703.0,0,1,0.41174525,MEDIUM PRIORITY,New,2026-06-13 17:00:59
1584,47,41443.0,3,Married,1,1,482.0,20.0,24.1,79,8,0.0,4456,0.4,0.3,20721.5,0,0,0.004202779,LOW PRIORITY,At Risk,2026-06-13 17:00:59
1592,54,90765.0,3,Married,0,0,1724.0,15.0,114.93333333333334,25,1,0.4,4523,0.2666666666666666,0.0,90765.0,0,0,0.23554042,LOW PRIORITY,VIP,2026-06-13 17:00:59
1600,59,56962.0,4,Married,3,1,411.0,21.0,19.571428571428573,60,7,0.0,4628,0.2857142857142857,0.3333333333333333,14240.5,0,0,0.021259578,LOW PRIORITY,At Risk,2026-06-13 17:00:59
1604,64,47353.0,4,Married,1,1,225.0,13.0,17.307692307692307,93,5,0.0,4595,0.1538461538461538,0.2307692307692307,23676.5,0,0,0.0023765168,LOW PRIORITY,Loyal,2026-06-13 17:00:59
1606,53,38590.0,3,Married,1,1,22.0,4.0,5.5,65,8,0.0,4777,0.25,0.25,19295.0,0,0,0.017830618,LOW PRIORITY,Loyal,2026-06-13 17:00:59
1612,43,51381.5,5,Single,1,1,47.0,8.0,5.875,82,6,0.0,4761,0.375,0.25,25690.75,0,0,0.004767232,LOW PRIORITY,Loyal,2026-06-13 17:00:59
1618,59,56046.0,3,Married,0,0,692.0,21.0,32.95238095238095,9,8,0.2,4910,0.4761904761904761,0.0952380952380952,56046.0,0,1,0.75803834,HIGH PRIORITY,VIP,2026-06-13 17:00:59
1619,68,90369.0,3,Married,0,0,1588.0,17.0,93.41176470588236,2,1,0.0,4429,0.2352941176470588,0.0588235294117647,90369.0,0,1,0.6994504,HIGH PRIORITY,VIP,2026-06-13 17:00:59
1626,51,35860.0,5,Divorced,2,1,49.0,6.0,8.166666666666666,37,5,0.2,4408,0.1666666666666666,0.3333333333333333,11953.333333333334,0,1,0.5028283,MEDIUM PRIORITY,New,2026-06-13 17:00:59
1627,67,77297.0,2,Divorced,0,0,789.0,22.0,35.86363636363637,84,4,0.2,4886,0.2272727272727272,0.0454545454545454,77297.0,0,0,0.1864723,LOW PRIORITY,At Risk,2026-06-13 17:00:59
1628,53,71796.0,3,Married,0,0,960.0,17.0,56.47058823529412,54,4,0.0,4615,0.5294117647058824,0.0588235294117647,71796.0,0,0,0.014473881,LOW PRIORITY,At Risk,2026-06-13 17:00:59
1630,45,61825.0,3,Single,1,1,424.0,15.0,28.266666666666666,56,4,0.0,4693,0.2666666666666666,0.0666666666666666,30912.5,0,0,0.0039488096,LOW PRIORITY,Loyal,2026-06-13 17:00:59
1631,59,65220.0,5,Married,0,0,1282.0,23.0,55.73913043478261,3,6,0.0,5031,0.3478260869565217,0.1739130434782608,65220.0,0,1,0.8601942,HIGH PRIORITY,VIP,2026-06-13 17:00:59
1640,70,64587.0,3,Divorced,2,1,108.0,8.0,13.5,49,3,0.0,4374,0.125,0.25,21529.0,0,0,0.0025012898,LOW PRIORITY,New,2026-06-13 17:00:59
1646,52,25224.0,1,Married,1,1,46.0,7.0,6.571428571428571,36,3,0.0,4472,0.1428571428571428,0.2857142857142857,12612.0,0,0,0.0026176076,LOW PRIORITY,New,2026-06-13 17:00:59
1650,64,81843.0,4,Married,0,0,1643.0,27.0,60.851851851851855,13,3,0.0,4800,0.1851851851851851,0.037037037037037,81843.0,0,0,0.05520425,LOW PRIORITY,VIP,2026-06-13 17:00:59
1655,45,34350.0,3,Married,1,1,48.0,5.0,9.6,81,7,0.0,4620,0.2,0.2,17175.0,0,0,0.0037864684,LOW PRIORITY,Loyal,2026-06-13 17:00:59
1663,46,34043.0,5,Married,1,1,49.0,5.0,9.8,97,9,0.0,4614,0.4,0.2,17021.5,0,0,0.005394314,LOW PRIORITY,Loyal,2026-06-13 17:00:59
1665,60,64140.0,5,Divorced,2,1,1750.0,18.0,97.22222222222224,71,5,0.6,4646,0.1111111111111111,0.2777777777777778,21380.0,0,1,0.87604105,HIGH PRIORITY,At Risk,2026-06-13 17:00:59
1672,50,65640.0,5,Married,1,1,461.0,15.0,30.73333333333333,74,2,0.0,4487,0.3333333333333333,0.0666666666666666,32820.0,0,0,0.0010960919,LOW PRIORITY,Loyal,2026-06-13 17:00:59
1676,49,43057.0,3,Married,1,1,266.0,15.0,17.733333333333334,30,5,0.0,4609,0.2666666666666666,0.2666666666666666,21528.5,0,0,0.005212616,LOW PRIORITY,New,2026-06-13 17:00:59
1685,57,62981.0,5,Married,0,0,1482.0,23.0,64.43478260869566,21,3,0.2,4836,0.1739130434782608,0.0434782608695652,62981.0,0,0,0.25933194,LOW PRIORITY,VIP,2026-06-13 17:00:59
1710,46,30168.0,3,Single,1,1,279.0,18.0,15.5,51,9,0.0,4846,0.3333333333333333,0.3888888888888889,15084.0,0,0,0.25007597,LOW PRIORITY,Loyal,2026-06-13 17:00:59
1715,46,25851.0,3,Married,1,1,48.0,7.0,6.857142857142857,45,7,0.0,4870,0.2857142857142857,0.2857142857142857,12925.5,0,0,0.04017809,LOW PRIORITY,New,2026-06-13 17:00:59
1717,36,39747.0,3,Single,1,1,273.0,13.0,21.0,43,8,0.0,4444,0.3846153846153846,0.2307692307692307,19873.5,0,0,0.0048321863,LOW PRIORITY,New,2026-06-13 17:00:59
1726,54,22585.0,3,Single,0,0,81.0,5.0,16.2,23,9,0.2,4835,0.2,0.2,22585.0,0,1,0.8668071,HIGH PRIORITY,New,2026-06-13 17:00:59
1729,63,66426.0,5,Married,1,1,1377.0,20.0,68.85,14,6,0.0,4637,0.15,0.1,33213.0,0,0,0.087612905,LOW PRIORITY,VIP,2026-06-13 17:00:59
1734,56,40706.0,5,Married,3,1,81.0,11.0,7.363636363636363,37,7,0.0,4895,0.2727272727272727,0.3636363636363636,10176.5,0,0,0.1093007,LOW PRIORITY,New,2026-06-13 17:00:59
1740,80,55956.0,3,Married,0,0,999.0,16.0,62.4375,22,4,0.2,4450,0.4375,0.125,55956.0,0,0,0.103833966,LOW PRIORITY,VIP,2026-06-13 17:00:59
1743,50,69719.0,3,Single,0,0,801.0,11.0,72.81818181818181,99,1,0.0,4401,0.1818181818181818,0.0909090909090909,69719.0,0,0,0.00703679,LOW PRIORITY,Loyal,2026-06-13 17:00:59
1744,59,23529.0,1,Single,1,1,54.0,5.0,10.8,67,6,0.0,4905,0.2,0.2,11764.5,0,0,0.029596979,LOW PRIORITY,Loyal,2026-06-13 17:00:59
1745,62,85696.0,5,Divorced,0,0,1313.0,20.0,65.65,88,1,0.0,4789,0.2,0.05,85696.0,0,1,0.5047391,MEDIUM PRIORITY,At Risk,2026-06-13 17:00:59
1755,36,45204.0,2,Married,1,1,114.0,7.0,16.285714285714285,93,3,0.0,4446,0.1428571428571428,0.1428571428571428,22602.0,0,0,0.000100624246,LOW PRIORITY,Loyal,2026-06-13 17:00:59
1763,36,87679.0,3,Married,0,0,2524.0,29.0,87.03448275862068,62,4,0.6,4704,0.2413793103448276,0.0344827586206896,87679.0,0,1,0.98460674,HIGH PRIORITY,At Risk,2026-06-13 17:00:59
1764,49,33955.0,3,Single,1,1,270.0,15.0,18.0,92,8,0.0,4691,0.3333333333333333,0.2666666666666666,16977.5,0,0,0.007508133,LOW PRIORITY,Loyal,2026-06-13 17:00:59
1772,49,79174.0,5,Married,0,0,2043.0,19.0,107.52631578947368,2,2,0.4,4901,0.2631578947368421,0.0526315789473684,79174.0,0,1,0.9717352,HIGH PRIORITY,VIP,2026-06-13 17:00:59
1773,46,12393.0,2,Married,0,0,57.0,6.0,9.5,38,9,0.0,4939,0.3333333333333333,0.1666666666666666,12393.0,0,0,0.09238882,LOW PRIORITY,New,2026-06-13 17:00:59
1777,44,25965.0,1,Married,0,0,74.0,6.0,12.333333333333334,29,8,0.0,5027,0.3333333333333333,0.1666666666666666,25965.0,0,0,0.17823984,LOW PRIORITY,New,2026-06-13 17:00:59
1802,53,64795.0,3,Married,1,1,680.0,21.0,32.38095238095238,23,2,0.0,4895,0.1428571428571428,0.1428571428571428,32397.5,0,0,0.012628909,LOW PRIORITY,VIP,2026-06-13 17:00:59
1818,53,29732.0,5,Married,1,1,38.0,5.0,7.6,23,9,0.0,4463,0.4,0.2,14866.0,0,0,0.047518976,LOW PRIORITY,New,2026-06-13 17:00:59
1826,54,84835.0,3,Divorced,0,0,1190.0,15.0,79.33333333333333,0,1,0.0,4380,0.2666666666666666,0.0666666666666666,84835.0,0,1,0.93652856,HIGH PRIORITY,VIP,2026-06-13 17:00:59
1829,63,54959.0,5,Divorced,1,1,1232.0,21.0,58.66666666666666,55,7,0.2,4893,0.4285714285714285,0.1428571428571428,27479.5,0,1,0.8574477,HIGH PRIORITY,At Risk,2026-06-13 17:00:59
1833,50,39190.0,5,Single,1,1,133.0,9.0,14.77777777777778,91,5,0.0,4431,0.2222222222222222,0.2222222222222222,19595.0,0,0,0.003824834,LOW PRIORITY,Loyal,2026-06-13 17:00:59
1834,46,35544.0,4,Single,1,1,67.0,6.0,11.166666666666666,77,7,0.0,4480,0.3333333333333333,0.1666666666666666,17772.0,0,0,0.008213666,LOW PRIORITY,Loyal,2026-06-13 17:00:59
1839,50,43322.0,3,Single,0,0,141.0,8.0,17.625,25,7,0.0,4436,0.375,0.125,43322.0,0,0,0.122220255,LOW PRIORITY,New,2026-06-13 17:00:59
1857,72,47139.0,3,Single,2,1,83.0,7.0,11.857142857142858,2,7,0.0,4482,0.2857142857142857,0.2857142857142857,15713.0,0,1,0.40562963,MEDIUM PRIORITY,New,2026-06-13 17:00:59
1859,52,75251.0,4,Married,0,0,1890.0,19.0,99.47368421052632,34,5,0.0,5038,0.3684210526315789,0.0526315789473684,75251.0,0,1,0.85642576,HIGH PRIORITY,VIP,2026-06-13 17:00:59
1867,67,64849.0,3,Single,0,0,1336.0,19.0,70.3157894736842,42,5,0.0,4960,0.4736842105263157,0.0526315789473684,64849.0,0,1,0.97217137,HIGH PRIORITY,VIP,2026-06-13 17:00:59
1876,34,18929.0,3,Married,0,0,85.0,6.0,14.166666666666666,15,6,0.0,4865,0.1666666666666666,0.1666666666666666,18929.0,0,0,0.02658558,LOW PRIORITY,New,2026-06-13 17:00:59
1878,39,23148.0,2,Married,0,0,37.0,6.0,6.166666666666667,83,7,0.0,4498,0.3333333333333333,0.1666666666666666,23148.0,0,0,0.00086581137,LOW PRIORITY,Loyal,2026-06-13 17:00:59
1880,65,53537.0,5,Married,2,1,93.0,8.0,11.625,17,5,0.0,4517,0.25,0.25,17845.666666666668,0,0,0.02732796,LOW PRIORITY,New,2026-06-13 17:00:59
1890,53,42033.0,2,Married,2,1,25.0,4.0,6.25,95,7,0.0,5015,0.25,0.25,14011.0,0,0,0.002897814,LOW PRIORITY,Loyal,2026-06-13 17:00:59
1891,44,78789.0,4,Divorced,0,0,1754.0,16.0,109.625,12,2,0.0,5057,0.25,0.0625,78789.0,0,1,0.93455255,HIGH PRIORITY,VIP,2026-06-13 17:00:59
1907,74,63120.0,4,Divorced,1,1,1477.0,26.0,56.80769230769231,53,7,0.0,5006,0.3076923076923077,0.1923076923076923,31560.0,0,1,0.7611494,HIGH PRIORITY,At Risk,2026-06-13 17:00:59
1911,37,67430.0,3,Married,0,0,1364.0,29.0,47.03448275862069,6,6,0.0,5029,0.3793103448275862,0.0344827586206896,67430.0,0,0,0.11792594,LOW PRIORITY,VIP,2026-06-13 17:00:59
1915,73,78939.0,5,Married,0,0,1507.0,20.0,75.35,57,3,0.0,4566,0.4,0.05,78939.0,0,0,0.13320489,LOW PRIORITY,At Risk,2026-06-13 17:00:59
1916,70,45736.0,4,Married,1,1,437.0,19.0,23.0,92,7,0.0,4707,0.3684210526315789,0.2631578947368421,22868.0,0,0,0.011439722,LOW PRIORITY,At Risk,2026-06-13 17:00:59
1920,52,40321.0,3,Married,2,1,102.0,8.0,12.75,59,7,0.0,4702,0.375,0.25,13440.333333333334,0,0,0.012974496,LOW PRIORITY,Loyal,2026-06-13 17:00:59
1921,57,59062.0,5,Married,3,1,71.0,7.0,10.142857142857142,74,4,0.0,4636,0.2857142857142857,0.2857142857142857,14765.5,0,0,0.0007988259,LOW PRIORITY,Loyal,2026-06-13 17:00:59
1927,51,69401.0,2,Married,1,1,690.0,17.0,40.588235294117645,41,2,0.0,4465,0.2352941176470588,0.2352941176470588,34700.5,0,0,0.0007414218,LOW PRIORITY,VIP,2026-06-13 17:00:59
1928,51,31814.0,3,Married,1,1,83.0,7.0,11.857142857142858,73,9,0.2,4872,0.2857142857142857,0.2857142857142857,15907.0,0,0,0.30201367,MEDIUM PRIORITY,Loyal,2026-06-13 17:00:59
1940,38,25252.0,3,Married,1,1,18.0,4.0,4.5,26,8,0.0,4719,0.25,0.25,12626.0,0,0,0.016224146,LOW PRIORITY,New,2026-06-13 17:00:59
1945,62,71434.0,3,Married,1,1,1400.0,21.0,66.66666666666667,4,4,0.4,4651,0.3333333333333333,0.1428571428571428,35717.0,0,0,0.4388946,MEDIUM PRIORITY,VIP,2026-06-13 17:00:59
1951,43,34445.0,1,Married,0,0,839.0,27.0,31.074074074074076,92,9,0.0,4885,0.4074074074074074,0.2222222222222222,34445.0,0,0,0.004932103,LOW PRIORITY,At Risk,2026-06-13 17:00:59
1958,51,55012.0,5,Married,1,1,660.0,25.0,26.4,85,5,0.0,4467,0.32,0.24,27506.0,0,0,0.0038491953,LOW PRIORITY,At Risk,2026-06-13 17:00:59
1964,73,86610.0,3,Married,0,0,1603.0,18.0,89.05555555555556,66,2,0.0,4664,0.2777777777777778,0.0555555555555555,86610.0,0,0,0.1639933,LOW PRIORITY,At Risk,2026-06-13 17:00:59
1966,59,84618.0,5,Married,0,0,1672.0,26.0,64.3076923076923,96,2,0.2,4586,0.2307692307692307,0.0384615384615384,84618.0,0,0,0.00911691,LOW PRIORITY,At Risk,2026-06-13 17:00:59
1968,53,45684.0,3,Widow,1,1,28.0,4.0,7.0,37,7,0.0,4576,0.25,0.25,22842.0,0,0,0.006508006,LOW PRIORITY,New,2026-06-13 17:00:59
1970,56,34053.0,4,Married,1,1,103.0,7.0,14.714285714285714,14,8,0.0,5024,0.4285714285714285,0.1428571428571428,17026.5,0,0,0.49577078,MEDIUM PRIORITY,New,2026-06-13 17:00:59
1987,37,21063.0,1,Single,1,1,59.0,7.0,8.428571428571429,34,6,0.0,4644,0.2857142857142857,0.2857142857142857,10531.5,0,0,0.0222121,LOW PRIORITY,New,2026-06-13 17:00:59
1990,50,63159.0,5,Single,0,0,1797.0,17.0,105.70588235294116,74,3,0.2,4968,0.1764705882352941,0.0588235294117647,63159.0,0,0,0.47931692,MEDIUM PRIORITY,At Risk,2026-06-13 17:00:59
1991,57,44931.0,3,Married,1,1,96.0,7.0,13.714285714285714,0,5,0.0,4529,0.2857142857142857,0.1428571428571428,22465.5,0,0,0.020702297,LOW PRIORITY,New,2026-06-13 17:00:59
1992,60,60597.0,3,Married,1,1,893.0,16.0,55.8125,2,7,0.2,4546,0.125,0.25,30298.5,0,1,0.6572749,HIGH PRIORITY,VIP,2026-06-13 17:00:59
1993,75,58607.0,5,Married,1,1,972.0,17.0,57.1764705882353,63,8,0.2,4920,0.1176470588235294,0.1764705882352941,29303.5,0,0,0.06409224,LOW PRIORITY,At Risk,2026-06-13 17:00:59
1994,41,51381.5,3,Married,1,1,19.0,4.0,4.75,11,7,0.0,4593,0.25,0.25,25690.75,0,0,0.04242521,LOW PRIORITY,New,2026-06-13 17:00:59
1998,48,37697.0,3,Single,1,1,84.0,7.0,12.0,82,6,0.0,4509,0.2857142857142857,0.1428571428571428,18848.5,0,0,0.0035036434,LOW PRIORITY,Loyal,2026-06-13 17:00:59
2002,66,71964.0,3,Divorced,0,0,1870.0,17.0,110.0,81,3,0.0,4772,0.2941176470588235,0.0588235294117647,71964.0,0,0,0.15618347,LOW PRIORITY,At Risk,2026-06-13 17:00:59
2004,55,72679.0,3,Single,1,1,1168.0,17.0,68.70588235294117,65,1,0.0,4651,0.2352941176470588,0.0588235294117647,36339.5,0,0,0.004648502,LOW PRIORITY,At Risk,2026-06-13 17:00:59
2005,34,35765.0,3,Married,1,1,75.0,8.0,9.375,86,6,0.0,4567,0.25,0.25,17882.5,0,0,0.0009547426,LOW PRIORITY,Loyal,2026-06-13 17:00:59
2008,46,77583.0,3,Married,0,0,1149.0,19.0,60.47368421052632,93,2,0.2,4506,0.2105263157894736,0.0526315789473684,77583.0,0,0,0.0018466559,LOW PRIORITY,At Risk,2026-06-13 17:00:59
2021,49,61456.0,3,Married,1,1,1388.0,33.0,42.06060606060606,47,4,0.0,4826,0.1818181818181818,0.1212121212121212,30728.0,0,0,0.0051136175,LOW PRIORITY,VIP,2026-06-13 17:00:59
2036,51,57906.0,5,Married,1,1,401.0,17.0,23.58823529411765,29,4,0.0,4750,0.2352941176470588,0.1764705882352941,28953.0,0,0,0.01601306,LOW PRIORITY,New,2026-06-13 17:00:59
2055,51,35860.0,5,Divorced,2,1,49.0,6.0,8.166666666666666,37,5,0.2,4408,0.1666666666666666,0.3333333333333333,11953.333333333334,0,0,0.5028283,MEDIUM PRIORITY,New,2026-06-13 17:00:59
2061,69,50737.0,3,Married,1,1,99.0,7.0,14.142857142857142,61,6,0.2,4781,0.2857142857142857,0.1428571428571428,25368.5,0,0,0.03819442,LOW PRIORITY,Loyal,2026-06-13 17:00:59
2066,75,38823.0,3,Married,1,1,114.0,7.0,16.285714285714285,56,6,0.0,5035,0.2857142857142857,0.1428571428571428,19411.5,0,0,0.11557967,LOW PRIORITY,Loyal,2026-06-13 17:00:59
2072,55,53374.0,5,Married,1,1,1064.0,21.0,50.66666666666666,34,9,0.2,5049,0.1904761904761904,0.2857142857142857,26687.0,0,1,0.66207725,HIGH PRIORITY,VIP,2026-06-13 17:00:59
2075,55,72460.0,3,Married,0,0,1047.0,16.0,65.4375,56,1,0.0,4594,0.1875,0.0625,72460.0,0,0,0.0064111073,LOW PRIORITY,At Risk,2026-06-13 17:00:59
2079,77,81044.0,2,Married,0,0,1208.0,22.0,54.90909090909091,0,1,0.0,4551,0.2272727272727272,0.0454545454545454,81044.0,0,0,0.46725237,MEDIUM PRIORITY,VIP,2026-06-13 17:00:59
2088,52,84906.0,3,Married,0,0,1631.0,24.0,67.95833333333333,98,2,0.6,4635,0.2083333333333333,0.0416666666666666,84906.0,0,0,0.101059124,LOW PRIORITY,At Risk,2026-06-13 17:00:59
2098,55,33581.0,5,Married,2,1,17.0,4.0,4.25,38,8,0.0,4904,0.25,0.25,11193.666666666666,0,0,0.040057745,LOW PRIORITY,New,2026-06-13 17:00:59
2106,50,20130.0,2,Married,0,0,34.0,5.0,6.8,99,8,0.0,4471,0.2,0.2,20130.0,0,0,0.0019964012,LOW PRIORITY,Loyal,2026-06-13 17:00:59
2109,34,96843.0,3,Single,0,0,1544.0,28.0,55.142857142857146,60,2,0.2,4799,0.2142857142857142,0.0357142857142857,96843.0,0,1,0.8646321,HIGH PRIORITY,At Risk,2026-06-13 17:00:59
2114,78,82800.0,5,Single,0,0,1315.0,26.0,50.57692307692308,23,3,0.4,4949,0.2692307692307692,0.0384615384615384,82800.0,0,1,0.99189705,HIGH PRIORITY,VIP,2026-06-13 17:00:59
2115,67,50116.0,3,Married,2,1,66.0,7.0,9.428571428571429,68,5,0.2,4376,0.1428571428571428,0.2857142857142857,16705.333333333332,0,0,0.0032702147,LOW PRIORITY,Loyal,2026-06-13 17:00:59
2118,60,62905.0,2,Married,1,1,622.0,20.0,31.1,68,4,0.0,4659,0.35,0.15,31452.5,0,0,0.001387129,LOW PRIORITY,At Risk,2026-06-13 17:00:59
2125,65,63033.0,3,Divorced,0,0,1102.0,16.0,68.875,82,2,0.0,4593,0.1875,0.0625,63033.0,0,0,0.015833974,LOW PRIORITY,At Risk,2026-06-13 17:00:59
2130,42,45203.0,3,Married,2,1,147.0,8.0,18.375,4,6,0.0,4465,0.375,0.125,15067.666666666666,0,1,0.026823245,LOW PRIORITY,New,2026-06-13 17:00:59
2131,65,62859.0,5,Divorced,1,1,1307.0,23.0,56.82608695652174,37,6,0.0,4913,0.391304347826087,0.1739130434782608,31429.5,0,0,0.47739917,MEDIUM PRIORITY,VIP,2026-06-13 17:00:59
2134,72,53700.0,3,Single,1,1,694.0,22.0,31.545454545454547,94,5,0.0,5048,0.2272727272727272,0.1818181818181818,26850.0,0,0,0.040262617,LOW PRIORITY,At Risk,2026-06-13 17:00:59
2139,49,7500.0,4,Married,1,1,31.0,8.0,3.875,19,5,0.0,4637,0.25,0.375,3750.0,0,0,0.04545687,LOW PRIORITY,New,2026-06-13 17:00:59
2147,55,76653.0,3,Married,0,0,2279.0,23.0,99.08695652173913,91,2,0.4,4684,0.1739130434782608,0.0434782608695652,76653.0,0,0,0.0813257,LOW PRIORITY,At Risk,2026-06-13 17:00:59
2150,66,80995.0,5,Widow,1,1,1482.0,22.0,67.36363636363636,83,4,0.0,4781,0.3636363636363636,0.0454545454545454,40497.5,0,0,0.10229097,LOW PRIORITY,At Risk,2026-06-13 17:00:59
2154,53,30372.0,3,Widow,2,1,44.0,8.0,5.5,33,7,0.0,4918,0.25,0.375,10124.0,0,0,0.06056835,LOW PRIORITY,New,2026-06-13 17:00:59
2156,69,22554.0,5,Married,2,1,41.0,10.0,4.1,38,5,0.0,4970,0.2,0.4,7518.0,0,0,0.014695174,LOW PRIORITY,New,2026-06-13 17:00:59
2157,52,26290.0,3,Married,2,1,77.0,10.0,7.7,49,6,0.0,4900,0.2,0.4,8763.333333333334,0,0,0.07270076,LOW PRIORITY,New,2026-06-13 17:00:59
2162,48,56939.0,3,Married,1,1,561.0,18.0,31.166666666666668,19,3,0.0,4651,0.1666666666666666,0.1111111111111111,28469.5,0,0,0.008734577,LOW PRIORITY,VIP,2026-06-13 17:00:59
2166,64,46779.0,2,Widow,2,1,23.0,4.0,5.75,55,4,0.0,4719,0.0,0.25,15593.0,0,0,0.00039957234,LOW PRIORITY,Loyal,2026-06-13 17:00:59
2173,72,40049.0,3,Widow,1,1,32.0,5.0,6.4,23,6,0.0,4623,0.2,0.2,20024.5,0,0,0.0063226516,LOW PRIORITY,New,2026-06-13 17:00:59
2174,70,46344.0,3,Single,2,1,27.0,6.0,4.5,38,5,0.0,4480,0.1666666666666666,0.3333333333333333,15448.0,0,0,0.011337514,LOW PRIORITY,New,2026-06-13 17:00:59
2176,52,80134.0,3,Married,1,1,1690.0,16.0,105.625,40,6,0.6,4772,0.3125,0.125,40067.0,0,1,0.9794763,HIGH PRIORITY,VIP,2026-06-13 17:00:59
2181,54,70617.0,3,Married,0,0,1280.0,14.0,91.42857142857144,45,2,0.0,4738,0.2142857142857142,0.0714285714285714,70617.0,0,0,0.055419948,LOW PRIORITY,VIP,2026-06-13 17:00:59
2186,47,82326.0,2,Married,0,0,2257.0,22.0,102.5909090909091,30,2,0.6,4478,0.2272727272727272,0.0454545454545454,82326.0,0,1,0.92992127,HIGH PRIORITY,VIP,2026-06-13 17:00:59
2202,46,41154.0,3,Married,1,1,69.0,6.0,11.5,98,5,0.0,4813,0.1666666666666666,0.1666666666666666,20577.0,0,0,0.004279088,LOW PRIORITY,Loyal,2026-06-13 17:00:59
2217,49,37284.0,2,Married,2,1,23.0,4.0,5.75,46,6,0.0,4824,0.0,0.25,12428.0,0,0,0.0021360363,LOW PRIORITY,New,2026-06-13 17:00:59
2223,59,64176.0,2,Divorced,1,1,1826.0,33.0,55.333333333333336,52,6,0.0,5062,0.2424242424242424,0.2424242424242424,32088.0,0,0,0.15043631,LOW PRIORITY,At Risk,2026-06-13 17:00:59
2225,47,82582.0,3,Divorced,0,0,1617.0,21.0,77.0,54,1,0.4,4389,0.1904761904761904,0.0476190476190476,82582.0,0,1,0.90644616,HIGH PRIORITY,At Risk,2026-06-13 17:00:59
2227,66,26490.0,2,Married,0,0,210.0,11.0,19.09090909090909,92,6,0.0,5012,0.2727272727272727,0.1818181818181818,26490.0,0,0,0.019561093,LOW PRIORITY,Loyal,2026-06-13 17:00:59
2230,54,23626.0,5,Married,1,1,43.0,10.0,4.3,84,5,0.0,4403,0.3,0.3,11813.0,0,0,0.00085240626,LOW PRIORITY,Loyal,2026-06-13 17:00:59
2245,55,43641.0,4,Married,2,1,139.0,10.0,13.9,50,6,0.0,4800,0.2,0.3,14547.0,0,0,0.040108476,LOW PRIORITY,Loyal,2026-06-13 17:00:59
2246,59,46891.0,2,Married,1,1,183.0,8.0,22.875,91,4,0.0,4668,0.25,0.125,23445.5,0,0,0.0007946013,LOW PRIORITY,Loyal,2026-06-13 17:00:59
2253,34,18929.0,3,Married,0,0,85.0,6.0,14.166666666666666,15,6,0.0,4865,0.1666666666666666,0.1666666666666666,18929.0,0,0,0.02658558,LOW PRIORITY,New,2026-06-13 17:00:59
2254,41,69520.0,3,Married,0,0,1455.0,21.0,69.28571428571429,95,5,0.0,4724,0.4285714285714285,0.0476190476190476,69520.0,0,0,0.028645013,LOW PRIORITY,At Risk,2026-06-13 17:00:59
2256,51,27159.0,4,Married,2,1,21.0,6.0,3.5,33,6,0.0,4459,0.1666666666666666,0.3333333333333333,9053.0,0,0,0.015330817,LOW PRIORITY,New,2026-06-13 17:00:59
2258,38,32880.0,3,Married,1,1,42.0,5.0,8.4,76,8,0.0,4939,0.2,0.2,16440.0,0,0,0.004969929,LOW PRIORITY,Loyal,2026-06-13 17:00:59
2261,55,26304.0,3,Married,1,1,16.0,4.0,4.0,5,7,0.0,4738,0.25,0.25,13152.0,0,0,0.04853918,LOW PRIORITY,New,2026-06-13 17:00:59
2262,59,45143.0,4,Married,1,1,311.0,15.0,20.73333333333333,74,7,0.0,4674,0.4,0.2,22571.5,0,0,0.0073826737,LOW PRIORITY,Loyal,2026-06-13 17:00:59
2276,69,57959.0,3,Single,1,1,868.0,27.0,32.148148148148145,71,3,0.0,4790,0.1481481481481481,0.1851851851851851,28979.5,0,0,0.0056176786,LOW PRIORITY,At Risk,2026-06-13 17:00:59
2278,39,33812.0,2,Single,1,1,133.0,8.0,16.625,86,6,0.0,4970,0.25,0.25,16906.0,0,0,0.015670877,LOW PRIORITY,Loyal,2026-06-13 17:00:59
2281,54,33697.0,3,Single,1,1,28.0,4.0,7.0,34,7,0.2,4654,0.25,0.25,16848.5,0,0,0.24612808,LOW PRIORITY,New,2026-06-13 17:00:59
2285,70,36634.0,4,Married,1,1,335.0,15.0,22.33333333333333,0,7,0.0,4764,0.3333333333333333,0.2,18317.0,0,0,0.318743,MEDIUM PRIORITY,New,2026-06-13 17:00:59
2286,62,50785.0,3,Single,2,1,114.0,8.0,14.25,27,6,0.0,4659,0.25,0.25,16928.333333333332,0,0,0.02205145,LOW PRIORITY,New,2026-06-13 17:00:59
2292,39,22327.0,3,Single,1,1,24.0,5.0,4.8,94,5,0.0,4698,0.2,0.2,11163.5,0,0,0.0007468936,LOW PRIORITY,Loyal,2026-06-13 17:00:59
2295,70,62670.0,5,Married,1,1,825.0,22.0,37.5,57,3,0.0,4514,0.2272727272727272,0.0454545454545454,31335.0,0,0,0.0025762157,LOW PRIORITY,At Risk,2026-06-13 17:00:59
2296,49,37368.0,4,Married,1,1,30.0,4.0,7.5,4,6,0.2,4562,0.25,0.25,18684.0,0,0,0.8128444,HIGH PRIORITY,New,2026-06-13 17:00:59
2304,61,66313.0,5,Married,1,1,770.0,23.0,33.47826086956522,86,4,0.0,4653,0.2608695652173913,0.0869565217391304,33156.5,0,0,0.0041791373,LOW PRIORITY,At Risk,2026-06-13 17:00:59
2308,70,46734.0,3,Married,1,1,330.0,14.0,23.571428571428573,40,7,0.0,4955,0.4285714285714285,0.1428571428571428,23367.0,0,0,0.11876864,LOW PRIORITY,New,2026-06-13 17:00:59
2315,64,58401.0,3,Divorced,1,1,96.0,6.0,16.0,55,4,0.0,4437,0.1666666666666666,0.1666666666666666,29200.5,0,0,0.0031230028,LOW PRIORITY,Loyal,2026-06-13 17:00:59
2320,46,47025.0,2,Married,1,1,635.0,23.0,27.608695652173918,98,9,0.0,4657,0.4782608695652174,0.217391304347826,23512.5,0,0,0.0017999104,LOW PRIORITY,At Risk,2026-06-13 17:00:59
2324,52,77044.0,3,Married,1,1,1065.0,31.0,34.354838709677416,12,4,0.2,4612,0.2258064516129032,0.064516129032258,38522.0,0,0,0.05442135,LOW PRIORITY,VIP,2026-06-13 17:00:59
2326,34,18929.0,3,Married,0,0,85.0,6.0,14.166666666666666,15,6,0.0,4865,0.1666666666666666,0.1666666666666666,18929.0,0,0,0.02658558,LOW PRIORITY,New,2026-06-13 17:00:59
2337,53,29819.0,3,Divorced,1,1,39.0,9.0,4.333333333333333,77,6,0.0,4615,0.3333333333333333,0.3333333333333333,14909.5,0,0,0.0029350691,LOW PRIORITY,Loyal,2026-06-13 17:00:59
2345,42,70038.0,5,Married,0,0,1244.0,17.0,73.17647058823529,54,2,0.0,4614,0.2352941176470588,0.0588235294117647,70038.0,0,0,0.024430254,LOW PRIORITY,At Risk,2026-06-13 17:00:59
2350,52,59666.0,3,Married,2,1,1027.0,20.0,51.35,87,8,0.2,4831,0.15,0.35,19888.666666666668,0,0,0.010166355,LOW PRIORITY,At Risk,2026-06-13 17:00:59
2371,52,33622.0,3,Married,2,1,81.0,9.0,9.0,22,7,0.0,4809,0.2222222222222222,0.3333333333333333,11207.333333333334,0,0,0.13031158,LOW PRIORITY,New,2026-06-13 17:00:59
2375,52,30261.0,3,Married,3,1,22.0,4.0,5.5,75,8,0.0,5009,0.0,0.25,7565.25,0,0,0.004316952,LOW PRIORITY,Loyal,2026-06-13 17:00:59
2379,71,69267.0,3,Single,0,0,1635.0,14.0,116.78571428571428,31,7,0.0,5012,0.2142857142857142,0.1428571428571428,69267.0,0,1,0.9398823,HIGH PRIORITY,VIP,2026-06-13 17:00:59
2387,72,43776.0,4,Married,2,1,275.0,17.0,16.176470588235293,9,8,0.0,4878,0.2941176470588235,0.3529411764705882,14592.0,0,1,0.8292776,HIGH PRIORITY,New,2026-06-13 17:00:59
2392,52,40321.0,3,Married,2,1,102.0,8.0,12.75,59,7,0.0,4702,0.375,0.25,13440.333333333334,0,0,0.012974496,LOW PRIORITY,Loyal,2026-06-13 17:00:59
2404,48,53359.0,3,Married,2,1,257.0,14.0,18.357142857142858,4,7,0.0,4765,0.3571428571428571,0.2857142857142857,17786.333333333332,0,0,0.3457832,MEDIUM PRIORITY,New,2026-06-13 17:00:59
2406,75,54591.0,3,Married,1,1,519.0,19.0,27.31578947368421,63,5,0.0,4695,0.3157894736842105,0.1578947368421052,27295.5,0,0,0.0028469274,LOW PRIORITY,At Risk,2026-06-13 17:00:59
2407,42,69109.0,3,Married,0,0,1555.0,20.0,77.75,10,4,0.2,4964,0.3,0.05,69109.0,0,1,0.9658817,HIGH PRIORITY,VIP,2026-06-13 17:00:59
2408,48,58597.0,3,Married,2,1,733.0,32.0,22.90625,20,7,0.0,4953,0.21875,0.375,19532.33333333333,0,0,0.13182254,LOW PRIORITY,VIP,2026-06-13 17:00:59
2410,55,81657.0,3,Single,0,0,1097.0,16.0,68.5625,69,1,0.0,4525,0.1875,0.0625,81657.0,0,0,0.094124,LOW PRIORITY,At Risk,2026-06-13 17:00:59
2415,62,62568.0,3,Married,1,1,953.0,16.0,59.5625,99,4,0.2,4450,0.3125,0.1875,31284.0,0,0,0.0022019134,LOW PRIORITY,At Risk,2026-06-13 17:00:59
2416,55,66582.0,5,Single,0,0,1288.0,20.0,64.4,83,1,0.0,4485,0.1,0.05,66582.0,0,0,0.011516761,LOW PRIORITY,At Risk,2026-06-13 17:00:59
2426,60,78825.0,5,Divorced,0,0,895.0,29.0,30.86206896551724,35,3,0.0,5020,0.1724137931034483,0.0344827586206896,78825.0,0,1,0.7083258,HIGH PRIORITY,VIP,2026-06-13 17:00:59
2428,54,28164.0,3,Married,1,1,78.0,9.0,8.666666666666666,23,7,0.0,4788,0.2222222222222222,0.3333333333333333,14082.0,0,0,0.15504026,LOW PRIORITY,New,2026-06-13 17:00:59
2429,70,72071.0,3,Divorced,1,1,1338.0,20.0,66.9,4,2,0.0,4867,0.25,0.15,36035.5,0,0,0.07227564,LOW PRIORITY,VIP,2026-06-13 17:00:59
2431,34,18222.0,3,Married,0,0,67.0,6.0,11.166666666666666,70,8,0.0,4912,0.3333333333333333,0.1666666666666666,18222.0,0,0,0.024364924,LOW PRIORITY,Loyal,2026-06-13 17:00:59
2437,35,51381.5,3,Married,0,0,1611.0,24.0,67.125,69,3,0.4,4758,0.25,0.0416666666666666,51381.5,0,0,0.073311806,LOW PRIORITY,At Risk,2026-06-13 17:00:59
2445,50,28440.0,5,Married,1,1,63.0,6.0,10.5,87,8,0.0,4724,0.3333333333333333,0.1666666666666666,14220.0,0,0,0.011011426,LOW PRIORITY,Loyal,2026-06-13 17:00:59
2447,45,30545.0,3,Married,1,1,69.0,7.0,9.857142857142858,71,7,0.0,4987,0.2857142857142857,0.2857142857142857,15272.5,0,0,0.078599826,LOW PRIORITY,Loyal,2026-06-13 17:00:59
2452,53,34600.0,3,Married,2,1,318.0,17.0,18.705882352941178,8,8,0.0,4911,0.2941176470588235,0.2941176470588235,11533.333333333334,0,1,0.9172031,HIGH PRIORITY,New,2026-06-13 17:00:59
2453,64,62807.0,3,Married,1,1,819.0,23.0,35.608695652173914,83,5,0.0,5034,0.217391304347826,0.1304347826086956,31403.5,0,0,0.023662599,LOW PRIORITY,At Risk,2026-06-13 17:00:59
2456,49,40233.0,5,Married,1,1,149.0,13.0,11.461538461538462,84,6,0.0,4625,0.1538461538461538,0.3846153846153846,20116.5,0,0,0.009836022,LOW PRIORITY,Loyal,2026-06-13 17:00:59
2457,49,30801.0,1,Married,1,1,45.0,6.0,7.5,23,7,0.0,4978,0.1666666666666666,0.3333333333333333,15400.5,0,0,0.12241055,LOW PRIORITY,New,2026-06-13 17:00:59
2461,69,51124.0,4,Single,2,1,43.0,6.0,7.166666666666667,79,3,0.0,4560,0.1666666666666666,0.3333333333333333,17041.333333333332,0,0,0.0031541171,LOW PRIORITY,Loyal,2026-06-13 17:00:59
2471,59,61482.0,3,Married,0,0,299.0,12.0,24.916666666666668,39,2,0.0,4369,0.25,0.0833333333333333,61482.0,0,0,0.0017234562,LOW PRIORITY,New,2026-06-13 17:00:59
2478,51,25410.0,3,Married,1,1,38.0,6.0,6.333333333333333,48,4,0.0,4669,0.1666666666666666,0.1666666666666666,12705.0,0,0,0.0026486244,LOW PRIORITY,New,2026-06-13 17:00:59
2488,68,31395.0,2,Divorced,2,1,64.0,10.0,6.4,80,6,0.0,4830,0.2,0.4,10465.0,0,0,0.0055209803,LOW PRIORITY,Loyal,2026-06-13 17:00:59
2493,58,61286.0,3,Married,1,1,608.0,18.0,33.77777777777778,34,5,0.0,4698,0.3888888888888889,0.1111111111111111,30643.0,0,0,0.009740615,LOW PRIORITY,VIP,2026-06-13 17:00:59
2495,50,83891.0,4,Married,1,1,816.0,22.0,37.09090909090909,24,1,0.0,4376,0.1818181818181818,0.0454545454545454,41945.5,0,0,0.008425254,LOW PRIORITY,VIP,2026-06-13 17:00:59
2499,66,75342.0,2,Single,1,1,563.0,18.0,31.27777777777778,38,4,0.0,4786,0.2777777777777778,0.0555555555555555,37671.0,0,0,0.023323653,LOW PRIORITY,VIP,2026-06-13 17:00:59
2516,55,46831.0,2,Married,2,1,78.0,7.0,11.142857142857142,84,4,0.0,4753,0.1428571428571428,0.2857142857142857,15610.333333333334,0,0,0.0013011093,LOW PRIORITY,Loyal,2026-06-13 17:00:59
2518,38,20491.0,2,Married,0,0,30.0,4.0,7.5,16,7,0.0,4887,0.0,0.25,20491.0,0,0,0.021368409,LOW PRIORITY,New,2026-06-13 17:00:59
2521,53,35178.0,4,Married,1,1,59.0,5.0,11.8,10,7,0.2,4902,0.2,0.2,17589.0,0,1,0.9587431,HIGH PRIORITY,New,2026-06-13 17:00:59
2525,50,38410.0,5,Married,0,0,534.0,18.0,29.666666666666668,65,6,0.0,5020,0.2777777777777778,0.1111111111111111,38410.0,0,1,0.609539,HIGH PRIORITY,At Risk,2026-06-13 17:00:59
2532,37,73454.0,4,Single,0,0,1651.0,13.0,127.0,95,5,0.2,4487,0.1538461538461538,0.0769230769230769,73454.0,0,0,0.04755107,LOW PRIORITY,At Risk,2026-06-13 17:00:59
2534,71,37716.0,3,Married,1,1,188.0,10.0,18.8,4,7,0.0,4436,0.4,0.2,18858.0,0,0,0.06513611,LOW PRIORITY,New,2026-06-13 17:00:59
2535,46,88097.0,4,Married,1,1,844.0,20.0,42.2,24,9,0.6,5047,0.3,0.05,44048.5,0,1,0.97092134,HIGH PRIORITY,VIP,2026-06-13 17:00:59
2541,48,24027.0,3,Married,1,1,48.0,7.0,6.857142857142857,7,8,0.0,4752,0.2857142857142857,0.2857142857142857,12013.5,0,0,0.50999343,MEDIUM PRIORITY,New,2026-06-13 17:00:59
2544,73,57530.0,4,Divorced,1,1,92.0,7.0,13.142857142857142,68,1,0.0,4627,0.1428571428571428,0.1428571428571428,28765.0,0,0,0.006134405,LOW PRIORITY,Loyal,2026-06-13 17:00:59
2546,47,31878.0,2,Single,1,1,70.0,6.0,11.666666666666666,7,3,0.0,4374,0.1666666666666666,0.1666666666666666,15939.0,0,0,0.040456347,LOW PRIORITY,New,2026-06-13 17:00:59
2549,41,21840.0,5,Married,1,1,27.0,5.0,5.4,80,9,0.0,4710,0.2,0.2,10920.0,0,0,0.0033143784,LOW PRIORITY,Loyal,2026-06-13 17:00:59
2552,69,55521.0,5,Single,3,1,446.0,24.0,18.58333333333333,11,7,0.2,4617,0.25,0.375,13880.25,0,1,0.85665256,HIGH PRIORITY,VIP,2026-06-13 17:00:59
2557,54,29548.0,4,Single,1,1,29.0,5.0,5.8,52,4,0.2,4671,0.2,0.2,14774.0,0,0,0.147537,LOW PRIORITY,Loyal,2026-06-13 17:00:59
2561,58,63810.0,3,Single,1,1,1371.0,23.0,59.60869565217392,45,8,0.2,4962,0.1739130434782608,0.1739130434782608,31905.0,0,0,0.25843105,LOW PRIORITY,VIP,2026-06-13 17:00:59
2563,63,28249.0,1,Married,0,0,43.0,6.0,7.166666666666667,80,6,0.0,4381,0.3333333333333333,0.1666666666666666,28249.0,0,0,0.0007848073,LOW PRIORITY,Loyal,2026-06-13 17:00:59
2564,71,61278.0,3,Married,1,1,165.0,10.0,16.5,87,6,0.0,4543,0.3,0.2,30639.0,0,0,0.0024663636,LOW PRIORITY,Loyal,2026-06-13 17:00:59
2565,69,70638.0,4,Divorced,0,0,1334.0,20.0,66.7,69,3,0.2,4760,0.2,0.05,70638.0,0,0,0.3316509,MEDIUM PRIORITY,At Risk,2026-06-13 17:00:59
2569,37,17323.0,3,Married,0,0,46.0,5.0,9.2,38,8,0.0,4994,0.2,0.2,17323.0,0,0,0.03870707,LOW PRIORITY,New,2026-06-13 17:00:59
2570,56,56534.0,3,Married,1,1,815.0,25.0,32.6,35,8,0.4,4708,0.4,0.16,28267.0,0,1,0.61524165,HIGH PRIORITY,VIP,2026-06-13 17:00:59
2574,47,61996.0,5,Married,1,1,1230.0,21.0,58.57142857142857,27,5,0.6,4881,0.2857142857142857,0.1428571428571428,30998.0,0,1,0.96202534,HIGH PRIORITY,VIP,2026-06-13 17:00:59
2579,67,71113.0,3,Married,1,1,835.0,26.0,32.11538461538461,95,4,0.0,4561,0.2307692307692307,0.1538461538461538,35556.5,0,0,0.0011654528,LOW PRIORITY,At Risk,2026-06-13 17:00:59
2587,52,29791.0,5,Married,1,1,20.0,7.0,2.857142857142857,21,5,0.0,4412,0.2857142857142857,0.2857142857142857,14895.5,0,0,0.0035863328,LOW PRIORITY,New,2026-06-13 17:00:59
2589,52,26759.0,3,Divorced,1,1,59.0,8.0,7.375,65,6,0.0,4509,0.25,0.25,13379.5,0,0,0.0074727507,LOW PRIORITY,Loyal,2026-06-13 17:00:59
2591,65,76320.0,3,Widow,1,1,932.0,15.0,62.13333333333333,49,2,0.0,4374,0.4,0.1333333333333333,38160.0,0,0,0.0024303545,LOW PRIORITY,At Risk,2026-06-13 17:00:59
2607,71,40464.0,3,Single,1,1,630.0,24.0,26.25,78,8,0.0,4901,0.3333333333333333,0.25,20232.0,0,0,0.030407479,LOW PRIORITY,At Risk,2026-06-13 17:00:59
2611,65,82576.0,4,Married,0,0,1910.0,19.0,100.52631578947368,66,1,0.2,5064,0.1052631578947368,0.0526315789473684,82576.0,0,0,0.091326535,LOW PRIORITY,At Risk,2026-06-13 17:00:59
2612,37,75794.0,3,Married,0,0,1682.0,25.0,67.28,33,3,0.2,4554,0.28,0.04,75794.0,0,0,0.090591684,LOW PRIORITY,VIP,2026-06-13 17:00:59
2613,64,54197.0,4,Married,1,1,237.0,12.0,19.75,16,1,0.0,4454,0.0833333333333333,0.1666666666666666,27098.5,0,0,0.0033700797,LOW PRIORITY,New,2026-06-13 17:00:59
2620,50,34596.0,5,Married,1,1,23.0,4.0,5.75,48,8,0.0,4809,0.25,0.25,17298.0,0,1,0.13416354,LOW PRIORITY,New,2026-06-13 17:00:59
2625,70,42607.0,2,Single,1,1,350.0,14.0,25.0,30,3,0.0,4591,0.2142857142857142,0.1428571428571428,21303.5,0,0,0.008235443,LOW PRIORITY,New,2026-06-13 17:00:59
2631,42,71853.0,3,Married,0,0,1149.0,17.0,67.58823529411765,29,1,0.0,4784,0.1176470588235294,0.0588235294117647,71853.0,0,0,0.022315435,LOW PRIORITY,VIP,2026-06-13 17:00:59
2632,70,50501.0,3,Married,2,1,500.0,20.0,25.0,10,6,0.2,4743,0.25,0.35,16833.666666666668,0,1,0.68762034,HIGH PRIORITY,VIP,2026-06-13 17:00:59
2634,45,16653.0,4,Single,1,1,69.0,9.0,7.666666666666667,10,6,0.0,4439,0.2222222222222222,0.3333333333333333,8326.5,0,1,0.8278524,HIGH PRIORITY,New,2026-06-13 17:00:59
2639,58,43602.0,3,Single,2,1,68.0,9.0,7.555555555555555,45,6,0.0,4537,0.3333333333333333,0.3333333333333333,14534.0,0,0,0.017124472,LOW PRIORITY,New,2026-06-13 17:00:59
2656,53,40851.0,3,Divorced,2,1,59.0,5.0,11.8,63,7,0.0,4860,0.2,0.2,13617.0,0,0,0.02054971,LOW PRIORITY,Loyal,2026-06-13 17:00:59
2661,60,18701.0,3,Single,2,1,44.0,10.0,4.4,95,5,0.0,4757,0.2,0.4,6233.666666666667,0,0,0.0012857592,LOW PRIORITY,Loyal,2026-06-13 17:00:59
2666,52,76234.0,4,Married,1,1,907.0,23.0,39.43478260869565,21,3,0.2,4510,0.3478260869565217,0.0434782608695652,38117.0,0,0,0.028953804,LOW PRIORITY,VIP,2026-06-13 17:00:59
2669,31,74293.0,3,Single,0,0,1127.0,16.0,70.4375,66,2,0.0,4423,0.3125,0.0625,74293.0,0,0,0.01750726,LOW PRIORITY,At Risk,2026-06-13 17:00:59
2674,66,75154.0,4,Single,1,1,1143.0,16.0,71.4375,79,3,0.0,5030,0.375,0.0625,37577.0,0,1,0.6434322,HIGH PRIORITY,At Risk,2026-06-13 17:00:59
2677,68,46097.0,3,Married,1,1,241.0,15.0,16.066666666666666,11,4,0.0,4822,0.2,0.3333333333333333,23048.5,0,0,0.10767716,LOW PRIORITY,New,2026-06-13 17:00:59
2678,34,34412.0,3,Single,1,1,209.0,11.0,19.0,62,9,0.0,4868,0.4545454545454545,0.2727272727272727,17206.0,0,0,0.01101808,LOW PRIORITY,Loyal,2026-06-13 17:00:59
2681,40,65370.0,2,Married,0,0,461.0,19.0,24.26315789473684,1,1,0.0,4699,0.1052631578947368,0.0526315789473684,65370.0,0,0,0.062243275,LOW PRIORITY,VIP,2026-06-13 17:00:59
2683,55,52413.0,3,Married,2,1,910.0,26.0,35.0,56,6,0.0,4879,0.2307692307692307,0.1538461538461538,17471.0,0,0,0.04577978,LOW PRIORITY,At Risk,2026-06-13 17:00:59
2686,55,22390.0,1,Married,0,0,26.0,4.0,6.5,49,7,0.0,4618,0.25,0.25,22390.0,0,0,0.0033125249,LOW PRIORITY,New,2026-06-13 17:00:59
2694,57,42664.0,3,Married,1,1,24.0,5.0,4.8,44,6,0.0,4470,0.2,0.2,21332.0,0,0,0.001439995,LOW PRIORITY,New,2026-06-13 17:00:59
2698,48,47025.0,3,Single,1,1,415.0,17.0,24.41176470588235,52,6,0.0,4601,0.3529411764705882,0.1764705882352941,23512.5,0,0,0.006085786,LOW PRIORITY,Loyal,2026-06-13 17:00:59
2711,48,30560.0,4,Married,1,1,31.0,5.0,6.2,6,7,0.0,4734,0.2,0.2,15280.0,0,0,0.13968083,LOW PRIORITY,New,2026-06-13 17:00:59
2712,68,71866.0,3,Married,1,1,715.0,20.0,35.75,85,3,0.0,4553,0.3,0.05,35933.0,0,0,0.0007698529,LOW PRIORITY,At Risk,2026-06-13 17:00:59
2715,58,29435.0,4,Divorced,2,1,180.0,11.0,16.363636363636363,11,9,0.0,5059,0.2727272727272727,0.3636363636363636,9811.666666666666,0,1,0.9438375,HIGH PRIORITY,New,2026-06-13 17:00:59
2724,43,36143.0,4,Single,1,1,19.0,4.0,4.75,33,3,0.0,4458,0.0,0.25,18071.5,0,0,0.0075500165,LOW PRIORITY,New,2026-06-13 17:00:59
2727,51,57100.0,3,Married,0,0,409.0,13.0,31.46153846153846,19,3,0.0,4574,0.2307692307692307,0.0769230769230769,57100.0,0,0,0.012542629,LOW PRIORITY,New,2026-06-13 17:00:59
2730,69,80317.0,3,Single,0,0,1231.0,18.0,68.38888888888889,64,1,0.0,4680,0.1666666666666666,0.0555555555555555,80317.0,0,0,0.16784522,LOW PRIORITY,At Risk,2026-06-13 17:00:59
2736,46,73807.0,3,Married,1,1,849.0,23.0,36.91304347826087,88,2,0.0,4910,0.217391304347826,0.0869565217391304,36903.5,0,0,0.0038491401,LOW PRIORITY,At Risk,2026-06-13 17:00:59
2740,66,33438.0,5,Widow,2,1,90.0,11.0,8.181818181818182,81,5,0.0,4647,0.1818181818181818,0.3636363636363636,11146.0,0,0,0.0050329654,LOW PRIORITY,Loyal,2026-06-13 17:00:59
2747,36,67546.0,5,Married,0,0,2126.0,20.0,106.3,90,3,0.0,5034,0.2,0.05,67546.0,0,0,0.02813969,LOW PRIORITY,At Risk,2026-06-13 17:00:59
2781,43,72066.0,3,Single,0,0,1792.0,17.0,105.41176470588236,55,2,0.4,4373,0.2352941176470588,0.0588235294117647,72066.0,0,1,0.770138,HIGH PRIORITY,At Risk,2026-06-13 17:00:59
2782,63,54456.0,5,Married,1,1,404.0,17.0,23.764705882352946,23,6,0.0,4720,0.3529411764705882,0.1764705882352941,27228.0,0,0,0.03662371,LOW PRIORITY,New,2026-06-13 17:00:59
2793,48,70179.0,5,Divorced,1,1,1034.0,26.0,39.76923076923077,10,5,0.0,4710,0.2692307692307692,0.1153846153846153,35089.5,0,0,0.09065572,LOW PRIORITY,VIP,2026-06-13 17:00:59
2795,66,30523.0,4,Single,3,1,13.0,4.0,3.25,0,7,0.0,4730,0.25,0.25,7630.75,0,0,0.024701813,LOW PRIORITY,New,2026-06-13 17:00:59
2797,47,72117.0,3,Married,1,1,1073.0,26.0,41.26923076923077,34,5,0.0,4680,0.3461538461538461,0.0384615384615384,36058.5,0,0,0.0036517407,LOW PRIORITY,VIP,2026-06-13 17:00:59
2798,47,102160.0,5,Married,0,0,1240.0,26.0,47.69230769230769,54,4,0.6,4971,0.2692307692307692,0.0,102160.0,0,1,0.9893672,HIGH PRIORITY,At Risk,2026-06-13 17:00:59
2802,32,87000.0,2,Married,0,0,961.0,18.0,53.388888888888886,61,2,0.0,4928,0.2222222222222222,0.0555555555555555,87000.0,0,0,0.0023637468,LOW PRIORITY,At Risk,2026-06-13 17:00:59
2804,49,46098.0,4,Single,2,1,120.0,11.0,10.909090909090908,86,8,0.0,5047,0.2727272727272727,0.3636363636363636,15366.0,0,1,0.34409347,MEDIUM PRIORITY,Loyal,2026-06-13 17:00:59
2807,55,56796.0,3,Married,1,1,1001.0,27.0,37.07407407407408,24,7,0.0,4865,0.2962962962962963,0.1111111111111111,28398.0,0,0,0.018190267,LOW PRIORITY,VIP,2026-06-13 17:00:59
2811,61,48918.0,5,Single,2,1,62.0,7.0,8.857142857142858,21,4,0.0,4445,0.1428571428571428,0.2857142857142857,16306.0,0,0,0.039921418,LOW PRIORITY,New,2026-06-13 17:00:59
2814,48,30560.0,4,Married,1,1,31.0,5.0,6.2,6,7,0.0,4734,0.2,0.2,15280.0,0,0,0.13968083,LOW PRIORITY,New,2026-06-13 17:00:59
2815,49,33183.0,3,Married,1,1,120.0,9.0,13.333333333333334,46,7,0.0,4492,0.4444444444444444,0.2222222222222222,16591.5,0,0,0.0056843706,LOW PRIORITY,New,2026-06-13 17:00:59
2826,57,22574.0,3,Married,3,1,37.0,7.0,5.285714285714286,28,7,0.0,4611,0.2857142857142857,0.2857142857142857,5643.5,0,0,0.008803533,LOW PRIORITY,New,2026-06-13 17:00:59
2829,69,65210.0,3,Married,1,1,731.0,22.0,33.22727272727273,25,6,0.4,4478,0.4090909090909091,0.0909090909090909,32605.0,0,0,0.054909915,LOW PRIORITY,VIP,2026-06-13 17:00:59
2831,48,78416.0,3,Married,1,1,1179.0,26.0,45.34615384615385,99,3,0.0,4369,0.2692307692307692,0.0769230769230769,39208.0,0,0,0.00081423594,LOW PRIORITY,At Risk,2026-06-13 17:00:59
2836,52,43269.0,5,Married,1,1,19.0,4.0,4.75,61,8,0.0,4653,0.25,0.25,21634.5,0,0,0.005989501,LOW PRIORITY,Loyal,2026-06-13 17:00:59
2849,45,60474.0,3,Single,1,1,1180.0,31.0,38.064516129032256,25,7,0.0,4821,0.3225806451612903,0.2258064516129032,30237.0,0,0,0.03256914,LOW PRIORITY,VIP,2026-06-13 17:00:59
2853,44,51766.0,3,Single,1,1,275.0,12.0,22.916666666666668,74,5,0.0,4477,0.3333333333333333,0.1666666666666666,25883.0,0,0,0.0015750501,LOW PRIORITY,Loyal,2026-06-13 17:00:59
2861,41,24072.0,3,Single,1,1,23.0,4.0,5.75,79,8,0.0,4806,0.25,0.25,12036.0,0,0,0.004710614,LOW PRIORITY,Loyal,2026-06-13 17:00:59
2863,54,51381.5,3,Single,3,1,1052.0,21.0,50.095238095238095,67,7,0.4,4677,0.0952380952380952,0.2857142857142857,12845.375,0,0,0.092713684,LOW PRIORITY,At Risk,2026-06-13 17:00:59
2868,75,26518.0,5,Single,2,1,57.0,8.0,7.125,33,8,0.0,4814,0.25,0.375,8839.333333333334,0,1,0.121406496,LOW PRIORITY,New,2026-06-13 17:00:59
2870,51,49094.0,3,Married,1,1,502.0,20.0,25.1,6,6,0.0,5013,0.3,0.25,24547.0,0,0,0.09855043,LOW PRIORITY,VIP,2026-06-13 17:00:59
2874,36,35388.0,2,Divorced,1,1,32.0,5.0,6.4,20,7,0.0,4846,0.2,0.2,17694.0,0,0,0.014437136,LOW PRIORITY,New,2026-06-13 17:00:59
2875,46,67023.0,3,Married,0,0,906.0,24.0,37.75,93,2,0.0,4484,0.125,0.0416666666666666,67023.0,1,0,0.0005521107,LOW PRIORITY,At Risk,2026-06-13 17:00:59
2877,50,46014.0,4,Married,2,1,541.0,26.0,20.807692307692307,21,7,0.0,4891,0.2692307692307692,0.3846153846153846,15338.0,0,0,0.61128944,HIGH PRIORITY,VIP,2026-06-13 17:00:59
2878,77,67472.0,5,Married,1,1,414.0,15.0,27.6,93,3,0.0,4641,0.2666666666666666,0.1333333333333333,33736.0,0,0,0.0010038323,LOW PRIORITY,Loyal,2026-06-13 17:00:59
2882,49,67893.0,2,Divorced,1,1,995.0,16.0,62.1875,31,8,0.0,5003,0.1875,0.125,33946.5,0,0,0.022583487,LOW PRIORITY,VIP,2026-06-13 17:00:59
2886,53,74290.0,4,Divorced,1,1,1217.0,32.0,38.03125,70,6,0.4,4688,0.3125,0.125,37145.0,0,0,0.45045653,MEDIUM PRIORITY,At Risk,2026-06-13 17:00:59
2891,61,68118.0,3,Divorced,1,1,928.0,23.0,40.34782608695652,51,6,0.0,4621,0.3478260869565217,0.0869565217391304,34059.0,0,0,0.0046561686,LOW PRIORITY,At Risk,2026-06-13 17:00:59
2894,39,72903.0,3,Single,0,0,2013.0,21.0,95.85714285714286,74,4,0.6,4610,0.3333333333333333,0.0476190476190476,72903.0,0,1,0.9473311,HIGH PRIORITY,At Risk,2026-06-13 17:00:59
2895,61,49980.0,3,Single,1,1,195.0,11.0,17.727272727272727,79,5,0.0,4616,0.2727272727272727,0.1818181818181818,24990.0,0,0,0.0026098124,LOW PRIORITY,Loyal,2026-06-13 17:00:59
2902,66,51381.5,3,Married,2,1,45.0,5.0,9.0,87,5,0.0,5031,0.2,0.2,17127.166666666668,0,0,0.015763033,LOW PRIORITY,Loyal,2026-06-13 17:00:59
2909,50,78128.0,5,Married,1,1,1264.0,20.0,63.2,89,3,0.4,4497,0.4,0.1,39064.0,0,0,0.026027557,LOW PRIORITY,At Risk,2026-06-13 17:00:59
2918,43,28510.0,3,Divorced,2,1,91.0,9.0,10.11111111111111,72,5,0.0,4809,0.2222222222222222,0.3333333333333333,9503.333333333334,0,0,0.026057068,LOW PRIORITY,Loyal,2026-06-13 17:00:59
2920,49,52614.0,5,Single,1,1,990.0,16.0,61.875,63,8,0.0,4942,0.125,0.125,26307.0,0,0,0.038307566,LOW PRIORITY,At Risk,2026-06-13 17:00:59
2926,72,55951.0,4,Married,1,1,1374.0,23.0,59.73913043478261,62,8,0.4,5042,0.1304347826086956,0.1304347826086956,27975.5,0,0,0.12559325,LOW PRIORITY,At Risk,2026-06-13 17:00:59
2928,49,52614.0,5,Single,1,1,990.0,16.0,61.875,63,8,0.0,4942,0.125,0.125,26307.0,0,0,0.038307566,LOW PRIORITY,At Risk,2026-06-13 17:00:59
2929,48,20180.0,3,Single,0,0,137.0,8.0,17.125,27,7,0.0,4861,0.25,0.125,20180.0,0,0,0.22818507,LOW PRIORITY,New,2026-06-13 17:00:59
2930,46,68092.0,4,Single,0,0,1281.0,20.0,64.05,7,5,0.0,4562,0.1,0.1,68092.0,0,0,0.42792985,MEDIUM PRIORITY,VIP,2026-06-13 17:00:59
2931,46,71847.0,3,Divorced,0,0,1192.0,22.0,54.18181818181818,95,3,0.2,5013,0.2727272727272727,0.0,71847.0,0,0,0.14682119,LOW PRIORITY,At Risk,2026-06-13 17:00:59
2936,42,23661.0,4,Married,1,1,23.0,5.0,4.6,46,7,0.0,4574,0.2,0.2,11830.5,0,0,0.0037427368,LOW PRIORITY,New,2026-06-13 17:00:59
2937,50,68352.0,5,Single,1,1,871.0,25.0,34.84,47,6,0.0,4672,0.32,0.12,34176.0,0,0,0.05344455,LOW PRIORITY,VIP,2026-06-13 17:00:59
2939,54,79419.0,4,Married,0,0,1631.0,15.0,108.73333333333332,96,2,0.0,4374,0.2666666666666666,0.0666666666666666,79419.0,0,0,0.016329885,LOW PRIORITY,At Risk,2026-06-13 17:00:59
2942,60,45906.0,3,Single,1,1,486.0,15.0,32.4,20,5,0.2,4785,0.3333333333333333,0.1333333333333333,22953.0,0,0,0.2964139,LOW PRIORITY,New,2026-06-13 17:00:59
2945,69,46015.0,5,Married,2,1,46.0,5.0,9.2,25,7,0.4,4444,0.2,0.2,15338.333333333334,0,0,0.020139307,LOW PRIORITY,New,2026-06-13 17:00:59
2948,70,62637.0,4,Divorced,1,1,185.0,10.0,18.5,76,2,0.0,4487,0.2,0.1,31318.5,0,0,0.0022342254,LOW PRIORITY,Loyal,2026-06-13 17:00:59
2952,47,36273.0,4,Single,1,1,76.0,8.0,9.5,80,6,0.0,4441,0.375,0.25,18136.5,0,0,0.0061710156,LOW PRIORITY,Loyal,2026-06-13 17:00:59
2958,46,28442.0,3,Married,2,1,57.0,10.0,5.7,53,4,0.0,4492,0.2,0.3,9480.666666666666,0,0,0.0016388546,LOW PRIORITY,Loyal,2026-06-13 17:00:59
2961,42,42081.0,3,Married,1,1,382.0,15.0,25.466666666666665,86,6,0.2,4855,0.4,0.1333333333333333,21040.5,0,0,0.023701042,LOW PRIORITY,Loyal,2026-06-13 17:00:59
2963,45,75507.0,3,Married,0,0,1440.0,21.0,68.57142857142857,56,3,0.0,4425,0.3809523809523809,0.0476190476190476,75507.0,0,0,0.020990392,LOW PRIORITY,At Risk,2026-06-13 17:00:59
2964,43,26872.0,3,Married,0,0,72.0,5.0,14.4,0,6,0.0,4623,0.2,0.2,26872.0,0,0,0.13921838,LOW PRIORITY,New,2026-06-13 17:00:59
2968,81,48948.0,5,Divorced,0,0,902.0,24.0,37.583333333333336,53,6,0.2,4880,0.2916666666666667,0.0833333333333333,48948.0,0,1,0.9528873,HIGH PRIORITY,At Risk,2026-06-13 17:00:59
2975,48,85606.0,3,Married,1,1,1956.0,24.0,81.5,89,3,0.2,4961,0.25,0.0833333333333333,42803.0,0,0,0.17907943,LOW PRIORITY,At Risk,2026-06-13 17:00:59
2980,72,8820.0,4,Single,2,1,35.0,10.0,3.5,52,8,0.0,4831,0.3,0.4,2940.0,0,0,0.03977705,LOW PRIORITY,Loyal,2026-06-13 17:00:59
2986,48,30772.0,3,Married,2,1,20.0,4.0,5.0,89,6,0.0,4476,0.25,0.25,10257.333333333334,0,0,0.00092076353,LOW PRIORITY,Loyal,2026-06-13 17:00:59
2995,67,66636.0,4,Married,0,0,1084.0,17.0,63.76470588235294,64,1,0.0,4683,0.1764705882352941,0.0588235294117647,66636.0,0,0,0.006666632,LOW PRIORITY,At Risk,2026-06-13 17:00:59
3005,32,83528.0,3,Single,0,0,1650.0,23.0,71.73913043478261,7,1,0.4,4426,0.1739130434782608,0.0434782608695652,83528.0,0,1,0.98457056,HIGH PRIORITY,VIP,2026-06-13 17:00:59
3006,48,30992.0,3,Divorced,1,1,43.0,5.0,8.6,83,7,0.0,4800,0.2,0.2,15496.0,0,0,0.0043693567,LOW PRIORITY,Loyal,2026-06-13 17:00:59
3007,58,37758.0,3,Married,2,1,40.0,6.0,6.666666666666667,49,8,0.0,5000,0.1666666666666666,0.3333333333333333,12586.0,0,0,0.04613177,LOW PRIORITY,New,2026-06-13 17:00:59
3009,62,71670.0,5,Widow,0,0,1766.0,15.0,117.73333333333332,8,6,0.6,4722,0.3333333333333333,0.0666666666666666,71670.0,0,1,0.99760133,HIGH PRIORITY,VIP,2026-06-13 17:00:59
3010,35,88420.0,4,Married,0,0,2069.0,20.0,103.45,87,1,0.6,4425,0.2,0.05,88420.0,0,0,0.074950054,LOW PRIORITY,At Risk,2026-06-13 17:00:59
3011,59,69139.0,3,Married,1,1,227.0,11.0,20.63636363636364,23,4,0.0,4520,0.3636363636363636,0.0909090909090909,34569.5,0,0,0.0016708068,LOW PRIORITY,New,2026-06-13 17:00:59
3025,66,49967.0,3,Single,1,1,306.0,15.0,20.4,4,7,0.0,4723,0.4,0.2,24983.5,0,0,0.083458334,LOW PRIORITY,New,2026-06-13 17:00:59
3032,40,24570.0,3,Married,1,1,193.0,11.0,17.545454545454547,97,9,0.0,4854,0.3636363636363636,0.2727272727272727,12285.0,0,0,0.031434093,LOW PRIORITY,Loyal,2026-06-13 17:00:59
3033,61,38620.0,4,Married,0,0,318.0,11.0,28.90909090909091,56,3,0.0,4781,0.1818181818181818,0.0909090909090909,38620.0,0,0,0.015960852,LOW PRIORITY,Loyal,2026-06-13 17:00:59
3037,41,50150.0,5,Married,0,0,410.0,16.0,25.625,32,5,0.0,4741,0.3125,0.125,50150.0,0,0,0.034443017,LOW PRIORITY,New,2026-06-13 17:00:59
3050,58,54198.0,3,Married,2,1,235.0,16.0,14.6875,13,4,0.0,4561,0.1875,0.375,18066.0,0,0,0.13870345,LOW PRIORITY,New,2026-06-13 17:00:59
3056,46,63693.0,3,Divorced,1,1,1150.0,29.0,39.6551724137931,63,6,0.0,4625,0.3793103448275862,0.1034482758620689,31846.5,0,0,0.0011605324,LOW PRIORITY,At Risk,2026-06-13 17:00:59
3066,49,61905.0,5,Married,1,1,231.0,12.0,19.25,2,5,0.0,4512,0.3333333333333333,0.1666666666666666,30952.5,0,0,0.030548548,LOW PRIORITY,New,2026-06-13 17:00:59
3068,34,18351.0,3,Married,0,0,43.0,6.0,7.166666666666667,1,7,0.0,4610,0.3333333333333333,0.1666666666666666,18351.0,0,0,0.071972914,LOW PRIORITY,New,2026-06-13 17:00:59
3074,40,70643.0,5,Married,0,0,1828.0,18.0,101.55555555555556,66,6,0.0,4989,0.2777777777777778,0.0555555555555555,70643.0,0,1,0.80902636,HIGH PRIORITY,At Risk,2026-06-13 17:00:59
3075,52,59973.0,5,Married,0,0,382.0,15.0,25.466666666666665,47,1,0.0,4658,0.2,0.0666666666666666,59973.0,0,0,0.0024696647,LOW PRIORITY,New,2026-06-13 17:00:59
3076,49,66653.0,3,Married,2,1,612.0,22.0,27.818181818181817,18,3,0.0,5027,0.1818181818181818,0.1818181818181818,22217.666666666668,0,0,0.016390035,LOW PRIORITY,VIP,2026-06-13 17:00:59
3081,46,41014.0,5,Married,1,1,20.0,4.0,5.0,65,7,0.0,4800,0.25,0.25,20507.0,0,0,0.011816294,LOW PRIORITY,Loyal,2026-06-13 17:00:59
3083,50,45837.0,3,Married,2,1,373.0,18.0,20.72222222222222,88,7,0.0,4705,0.3333333333333333,0.2777777777777778,15279.0,0,0,0.023328342,LOW PRIORITY,Loyal,2026-06-13 17:00:59
3091,43,75774.0,2,Married,1,1,823.0,21.0,39.19047619047619,27,4,0.0,4425,0.3333333333333333,0.0476190476190476,37887.0,0,0,0.0014260787,LOW PRIORITY,VIP,2026-06-13 17:00:59
3099,54,44267.0,3,Divorced,2,1,310.0,16.0,19.375,48,9,0.0,4856,0.3125,0.3125,14755.666666666666,0,0,0.11444694,LOW PRIORITY,New,2026-06-13 17:00:59
3102,43,19414.0,2,Married,1,1,32.0,5.0,6.4,32,8,0.0,4623,0.2,0.2,9707.0,0,0,0.00905392,LOW PRIORITY,New,2026-06-13 17:00:59
3104,63,82332.0,3,Single,0,0,2006.0,21.0,95.52380952380952,89,2,0.2,5017,0.238095238095238,0.0476190476190476,82332.0,0,1,0.5020265,MEDIUM PRIORITY,At Risk,2026-06-13 17:00:59
3107,48,71322.0,3,Married,1,1,350.0,13.0,26.923076923076923,31,2,0.0,4425,0.3076923076923077,0.0769230769230769,35661.0,0,0,0.0007332786,LOW PRIORITY,New,2026-06-13 17:00:59
3112,47,22701.0,4,Married,1,1,24.0,5.0,4.8,2,5,0.0,4664,0.2,0.2,11350.5,0,0,0.034485407,LOW PRIORITY,New,2026-06-13 17:00:59
3117,69,51381.5,3,Single,1,1,450.0,15.0,30.0,95,7,0.0,4621,0.4,0.2,25690.75,0,0,0.0028048707,LOW PRIORITY,Loyal,2026-06-13 17:00:59
3120,43,38547.0,3,Married,1,1,22.0,4.0,5.5,49,8,0.0,4672,0.25,0.25,19273.5,1,0,0.029554509,LOW PRIORITY,New,2026-06-13 17:00:59
3129,41,30096.0,3,Married,1,1,45.0,6.0,7.5,30,6,0.0,4405,0.3333333333333333,0.1666666666666666,15048.0,0,0,0.009483486,LOW PRIORITY,New,2026-06-13 17:00:59
3130,60,18701.0,3,Single,2,1,44.0,10.0,4.4,95,5,0.0,4757,0.2,0.4,6233.666666666667,0,0,0.0012857592,LOW PRIORITY,Loyal,2026-06-13 17:00:59
3136,62,59432.0,4,Divorced,1,1,663.0,22.0,30.13636363636364,88,5,0.0,4809,0.2272727272727272,0.1363636363636363,29716.0,0,0,0.023141809,LOW PRIORITY,At Risk,2026-06-13 17:00:59
3138,68,91249.0,3,Single,0,0,1676.0,22.0,76.18181818181819,84,4,0.8,4984,0.3181818181818182,0.0,91249.0,0,1,0.98795044,HIGH PRIORITY,At Risk,2026-06-13 17:00:59
3139,42,74116.0,2,Single,0,0,2052.0,19.0,108.0,53,2,0.2,4548,0.2105263157894736,0.0526315789473684,74116.0,0,0,0.4557371,MEDIUM PRIORITY,At Risk,2026-06-13 17:00:59
3152,67,26091.0,3,Married,2,1,89.0,9.0,9.88888888888889,84,5,0.0,4491,0.2222222222222222,0.3333333333333333,8697.0,0,0,0.0031205602,LOW PRIORITY,Loyal,2026-06-13 17:00:59
3153,67,40737.0,5,Single,3,1,17.0,4.0,4.25,24,8,0.0,4570,0.25,0.25,10184.25,0,0,0.01149478,LOW PRIORITY,New,2026-06-13 17:00:59
3158,51,32300.0,3,Married,1,1,39.0,5.0,7.8,1,8,0.0,4909,0.2,0.2,16150.0,0,0,0.26191688,LOW PRIORITY,New,2026-06-13 17:00:59
3170,67,68148.0,4,Married,0,0,1042.0,15.0,69.46666666666667,86,2,0.0,4669,0.2666666666666666,0.0666666666666666,68148.0,0,0,0.0040974203,LOW PRIORITY,At Risk,2026-06-13 17:00:59
3174,65,87771.0,3,Married,1,1,1957.0,20.0,97.85,61,6,0.8,4770,0.25,0.05,43885.5,0,1,0.9757474,HIGH PRIORITY,At Risk,2026-06-13 17:00:59
3179,44,81741.0,3,Single,0,0,1572.0,19.0,82.73684210526316,75,2,0.0,4745,0.3157894736842105,0.0,81741.0,0,0,0.10167477,LOW PRIORITY,At Risk,2026-06-13 17:00:59
3182,51,46854.0,5,Single,2,1,263.0,15.0,17.533333333333335,81,8,0.2,4457,0.3333333333333333,0.4,15618.0,0,1,0.079909764,LOW PRIORITY,Loyal,2026-06-13 17:00:59
3194,50,71466.0,5,Single,0,0,1230.0,19.0,64.73684210526316,86,1,0.0,4452,0.2105263157894736,0.0526315789473684,71466.0,0,0,0.018141696,LOW PRIORITY,At Risk,2026-06-13 17:00:59
3197,44,77353.0,3,Married,1,1,670.0,20.0,33.5,38,4,0.0,4562,0.3,0.1,38676.5,0,0,0.002868574,LOW PRIORITY,VIP,2026-06-13 17:00:59
3202,37,51563.0,5,Married,0,0,1250.0,19.0,65.78947368421052,60,8,0.4,5003,0.2105263157894736,0.0526315789473684,51563.0,0,0,0.1873269,LOW PRIORITY,At Risk,2026-06-13 17:00:59
3220,41,39922.0,3,Married,1,1,156.0,9.0,17.333333333333332,30,8,0.0,4867,0.3333333333333333,0.2222222222222222,19961.0,0,0,0.036389925,LOW PRIORITY,New,2026-06-13 17:00:59
3225,40,42207.0,4,Married,1,1,265.0,14.0,18.928571428571427,71,6,0.2,4821,0.2857142857142857,0.2857142857142857,21103.5,0,1,0.56007296,MEDIUM PRIORITY,Loyal,2026-06-13 17:00:59
3231,51,37971.0,3,Married,1,1,30.0,5.0,6.0,97,8,0.0,4583,0.2,0.2,18985.5,0,0,0.004426621,LOW PRIORITY,Loyal,2026-06-13 17:00:59
3233,59,62745.0,5,Married,1,1,1117.0,29.0,38.51724137931034,89,5,0.0,4830,0.2413793103448276,0.1034482758620689,31372.5,0,0,0.02865206,LOW PRIORITY,At Risk,2026-06-13 17:00:59
3254,53,70886.0,3,Married,1,1,960.0,14.0,68.57142857142857,65,2,0.0,4625,0.3571428571428571,0.0714285714285714,35443.0,0,0,0.00055688183,LOW PRIORITY,At Risk,2026-06-13 17:00:59
3262,66,68281.0,3,Single,0,0,1655.0,25.0,66.2,31,5,0.0,5058,0.08,0.04,68281.0,0,1,0.8063296,HIGH PRIORITY,VIP,2026-06-13 17:00:59
3265,65,35701.0,3,Married,0,0,46.0,5.0,9.2,36,6,0.0,4834,0.2,0.2,35701.0,0,0,0.03086328,LOW PRIORITY,New,2026-06-13 17:00:59
3266,60,42523.0,3,Married,0,0,125.0,7.0,17.857142857142858,96,2,0.0,4434,0.1428571428571428,0.1428571428571428,42523.0,0,0,0.0007289133,LOW PRIORITY,Loyal,2026-06-13 17:00:59
3267,61,57288.0,4,Married,1,1,608.0,20.0,30.4,27,6,0.2,4371,0.4,0.15,28644.0,0,0,0.024513412,LOW PRIORITY,VIP,2026-06-13 17:00:59
3270,46,17117.0,2,Married,1,1,128.0,11.0,11.636363636363637,96,9,0.0,4895,0.2727272727272727,0.3636363636363636,8558.5,0,0,0.051211286,LOW PRIORITY,Loyal,2026-06-13 17:00:59
3276,48,36301.0,2,Married,1,1,78.0,7.0,11.142857142857142,53,7,0.0,4614,0.4285714285714285,0.1428571428571428,18150.5,0,0,0.011044397,LOW PRIORITY,Loyal,2026-06-13 17:00:59
3277,69,49431.0,3,Divorced,1,1,365.0,15.0,24.33333333333333,9,8,0.0,5062,0.4666666666666667,0.1333333333333333,24715.5,0,0,0.27844578,LOW PRIORITY,New,2026-06-13 17:00:59
3281,64,49154.0,5,Married,2,1,411.0,19.0,21.63157894736842,69,6,0.0,4605,0.2105263157894736,0.3157894736842105,16384.666666666668,0,0,0.018489469,LOW PRIORITY,At Risk,2026-06-13 17:00:59
3283,52,70932.0,2,Married,1,1,909.0,22.0,41.31818181818182,57,3,0.0,4528,0.2727272727272727,0.0909090909090909,35466.0,0,0,0.0006344359,LOW PRIORITY,At Risk,2026-06-13 17:00:59
3286,57,26642.0,5,Divorced,1,1,42.0,7.0,6.0,71,6,0.0,4487,0.2857142857142857,0.2857142857142857,13321.0,0,0,0.0053572888,LOW PRIORITY,Loyal,2026-06-13 17:00:59
3298,68,52973.0,4,Married,1,1,1152.0,31.0,37.16129032258065,92,8,0.0,4965,0.2903225806451613,0.2258064516129032,26486.5,0,0,0.06563671,LOW PRIORITY,At Risk,2026-06-13 17:00:59
3308,72,35704.0,3,Married,2,1,94.0,9.0,10.444444444444445,54,4,0.0,4544,0.2222222222222222,0.3333333333333333,11901.333333333334,0,0,0.003933901,LOW PRIORITY,Loyal,2026-06-13 17:00:59
3310,51,35688.0,2,Married,3,1,211.0,16.0,13.1875,94,8,0.0,5043,0.25,0.4375,8922.0,0,0,0.020746043,LOW PRIORITY,Loyal,2026-06-13 17:00:59
3312,36,34176.0,3,Single,1,1,89.0,11.0,8.090909090909092,12,6,0.0,4415,0.2727272727272727,0.3636363636363636,17088.0,0,0,0.13728845,LOW PRIORITY,New,2026-06-13 17:00:59
3321,57,56575.0,5,Married,2,1,542.0,20.0,27.1,42,5,0.0,4787,0.35,0.15,18858.33333333333,0,0,0.054899957,LOW PRIORITY,VIP,2026-06-13 17:00:59
3332,39,29760.0,3,Single,1,1,165.0,12.0,13.75,87,8,0.0,5036,0.25,0.3333333333333333,14880.0,0,0,0.052523147,LOW PRIORITY,Loyal,2026-06-13 17:00:59
3334,73,94642.0,3,Married,0,0,2211.0,21.0,105.28571428571428,35,1,0.4,4504,0.238095238095238,0.0,94642.0,0,0,0.1441819,LOW PRIORITY,VIP,2026-06-13 17:00:59
3336,76,66375.0,5,Married,1,1,948.0,14.0,67.71428571428571,96,7,0.2,4587,0.1428571428571428,0.2142857142857142,33187.5,0,0,0.008383061,LOW PRIORITY,At Risk,2026-06-13 17:00:59
3340,47,42014.0,3,Married,1,1,436.0,20.0,21.8,56,8,0.0,5048,0.35,0.3,21007.0,0,1,0.50282097,MEDIUM PRIORITY,At Risk,2026-06-13 17:00:59
3363,50,20130.0,2,Married,0,0,34.0,5.0,6.8,99,8,0.0,4471,0.2,0.2,20130.0,0,0,0.0019964012,LOW PRIORITY,Loyal,2026-06-13 17:00:59
3376,54,55282.0,4,Divorced,1,1,235.0,11.0,21.363636363636363,9,4,0.0,4565,0.2727272727272727,0.0909090909090909,27641.0,0,0,0.03276686,LOW PRIORITY,New,2026-06-13 17:00:59
3381,71,54348.0,4,Married,2,1,90.0,8.0,11.25,51,6,0.0,4388,0.25,0.25,18116.0,0,0,0.0043782066,LOW PRIORITY,Loyal,2026-06-13 17:00:59
3386,32,34935.0,3,Married,0,0,137.0,8.0,17.125,71,7,0.0,4740,0.25,0.125,34935.0,0,0,0.0010783457,LOW PRIORITY,Loyal,2026-06-13 17:00:59
3388,57,70844.0,3,Divorced,2,1,294.0,17.0,17.294117647058822,16,7,0.0,4609,0.3529411764705882,0.2941176470588235,23614.666666666668,0,0,0.33178312,MEDIUM PRIORITY,New,2026-06-13 17:00:59
3389,54,69016.0,3,Married,1,1,1533.0,34.0,45.088235294117645,61,5,0.0,4951,0.2352941176470588,0.1176470588235294,34508.0,0,0,0.04282058,LOW PRIORITY,At Risk,2026-06-13 17:00:59
3403,66,78952.0,5,Married,1,1,2092.0,21.0,99.61904761904762,11,6,0.0,5010,0.0952380952380952,0.0952380952380952,39476.0,0,0,0.12432359,LOW PRIORITY,VIP,2026-06-13 17:00:59
3406,60,45989.0,3,Single,1,1,322.0,16.0,20.125,97,3,0.0,4982,0.1875,0.25,22994.5,0,0,0.0147631,LOW PRIORITY,Loyal,2026-06-13 17:00:59
3409,40,36108.0,3,Single,1,1,339.0,15.0,22.6,68,9,0.2,4624,0.4666666666666667,0.2,18054.0,0,0,0.060551703,LOW PRIORITY,Loyal,2026-06-13 17:00:59
3412,73,67381.0,4,Married,1,1,957.0,17.0,56.294117647058826,67,7,0.2,4897,0.1176470588235294,0.2352941176470588,33690.5,0,0,0.077822015,LOW PRIORITY,At Risk,2026-06-13 17:00:59
3421,56,63841.0,4,Divorced,1,1,908.0,22.0,41.27272727272727,64,6,0.0,4801,0.4090909090909091,0.0454545454545454,31920.5,0,0,0.017025141,LOW PRIORITY,At Risk,2026-06-13 17:00:59
3422,49,76068.0,3,Married,1,1,1376.0,10.0,137.6,67,6,0.4,4944,0.2,0.1,38034.0,0,0,0.19309169,LOW PRIORITY,At Risk,2026-06-13 17:00:59
3426,49,70300.0,3,Divorced,1,1,1596.0,26.0,61.38461538461539,89,8,0.0,4716,0.1923076923076923,0.1153846153846153,35150.0,0,0,0.0036435714,LOW PRIORITY,At Risk,2026-06-13 17:00:59
3427,69,59821.0,5,Married,1,1,734.0,26.0,28.23076923076923,11,8,0.0,4810,0.4230769230769231,0.2307692307692307,29910.5,0,0,0.19211103,LOW PRIORITY,VIP,2026-06-13 17:00:59
3428,33,68682.0,5,Married,0,0,1598.0,24.0,66.58333333333333,56,2,0.0,4633,0.1666666666666666,0.0416666666666666,68682.0,0,0,0.003819607,LOW PRIORITY,At Risk,2026-06-13 17:00:59
3433,69,72635.0,2,Married,0,0,981.0,21.0,46.71428571428572,54,3,0.2,4758,0.2857142857142857,0.0476190476190476,72635.0,0,0,0.112816826,LOW PRIORITY,At Risk,2026-06-13 17:00:59
3434,73,80872.0,3,Single,0,0,1336.0,19.0,70.3157894736842,60,1,0.0,4415,0.2105263157894736,0.0526315789473684,80872.0,0,0,0.18950774,LOW PRIORITY,At Risk,2026-06-13 17:00:59
3436,55,14045.0,3,Married,1,1,20.0,5.0,4.0,24,7,0.0,4521,0.2,0.2,7022.5,0,0,0.005907996,LOW PRIORITY,New,2026-06-13 17:00:59
3439,52,56721.0,3,Married,2,1,296.0,15.0,19.73333333333333,64,6,0.0,4973,0.2666666666666666,0.3333333333333333,18907.0,0,0,0.08083667,LOW PRIORITY,Loyal,2026-06-13 17:00:59
3445,68,60714.0,3,Single,0,0,957.0,23.0,41.60869565217392,56,5,0.0,4895,0.3043478260869565,0.0869565217391304,60714.0,0,1,0.5942283,MEDIUM PRIORITY,At Risk,2026-06-13 17:00:59
3463,49,69283.0,5,Married,1,1,904.0,27.0,33.48148148148148,41,5,0.0,4382,0.2592592592592592,0.1481481481481481,34641.5,0,0,0.0023246661,LOW PRIORITY,VIP,2026-06-13 17:00:59
3469,47,34487.0,5,Divorced,2,1,103.0,9.0,11.444444444444445,94,9,0.0,5028,0.3333333333333333,0.3333333333333333,11495.666666666666,0,0,0.18355538,LOW PRIORITY,Loyal,2026-06-13 17:00:59
3478,53,60585.0,5,Married,2,1,736.0,30.0,24.53333333333333,17,5,0.0,4737,0.2333333333333333,0.3333333333333333,20195.0,0,1,0.24103245,LOW PRIORITY,VIP,2026-06-13 17:00:59
3479,74,16813.0,3,Single,0,0,50.0,6.0,8.333333333333334,49,7,0.2,4712,0.3333333333333333,0.1666666666666666,16813.0,0,0,0.35963362,MEDIUM PRIORITY,New,2026-06-13 17:00:59
3483,66,48192.0,3,Married,0,0,1526.0,25.0,61.04,76,8,0.6,4816,0.08,0.12,48192.0,0,1,0.71311736,HIGH PRIORITY,At Risk,2026-06-13 17:00:59
3491,49,55914.0,3,Married,1,1,1260.0,29.0,43.44827586206897,32,7,0.0,4793,0.3793103448275862,0.1379310344827586,27957.0,0,0,0.024844617,LOW PRIORITY,VIP,2026-06-13 17:00:59
3498,48,55424.0,5,Married,1,1,877.0,25.0,35.08,6,6,0.2,4948,0.28,0.16,27712.0,0,1,0.78708035,HIGH PRIORITY,VIP,2026-06-13 17:00:59
3503,74,82460.0,3,Divorced,0,0,974.0,15.0,64.93333333333334,78,1,0.0,4576,0.3333333333333333,0.0666666666666666,82460.0,0,0,0.029646391,LOW PRIORITY,At Risk,2026-06-13 17:00:59
3507,54,76467.0,3,Single,1,1,1575.0,14.0,112.5,44,6,0.0,5048,0.1428571428571428,0.1428571428571428,38233.5,0,1,0.6547278,HIGH PRIORITY,VIP,2026-06-13 17:00:59
3515,72,62307.0,3,Single,1,1,160.0,9.0,17.77777777777778,94,5,0.0,4499,0.4444444444444444,0.1111111111111111,31153.5,0,0,0.003662736,LOW PRIORITY,Loyal,2026-06-13 17:00:59
3517,72,40887.0,3,Single,2,1,161.0,10.0,16.1,32,9,0.0,4786,0.3,0.3,13629.0,0,1,0.45906165,MEDIUM PRIORITY,New,2026-06-13 17:00:59
3518,41,25271.0,3,Married,1,1,50.0,5.0,10.0,45,9,0.0,4938,0.2,0.2,12635.5,0,0,0.06738131,LOW PRIORITY,New,2026-06-13 17:00:59
3520,34,91172.0,4,Single,0,0,1092.0,14.0,78.0,94,3,0.8,4826,0.2857142857142857,0.0,91172.0,0,1,0.9311784,HIGH PRIORITY,At Risk,2026-06-13 17:00:59
3523,62,75072.0,3,Married,1,1,1073.0,19.0,56.47368421052632,83,3,0.0,4889,0.2631578947368421,0.1052631578947368,37536.0,0,0,0.014294384,LOW PRIORITY,At Risk,2026-06-13 17:00:59
3524,53,39763.0,4,Single,1,1,167.0,10.0,16.7,9,9,0.0,4696,0.5,0.2,19881.5,0,1,0.42049792,MEDIUM PRIORITY,New,2026-06-13 17:00:59
3525,54,38200.0,3,Married,2,1,17.0,4.0,4.25,19,7,0.0,4936,0.25,0.25,12733.333333333334,0,0,0.021482702,LOW PRIORITY,New,2026-06-13 17:00:59
3526,56,38443.0,5,Married,2,1,38.0,6.0,6.333333333333333,58,7,0.0,4520,0.1666666666666666,0.3333333333333333,12814.333333333334,0,0,0.0070181563,LOW PRIORITY,Loyal,2026-06-13 17:00:59
3535,59,66294.0,3,Single,0,0,967.0,13.0,74.38461538461539,68,2,0.0,4471,0.3076923076923077,0.0769230769230769,66294.0,0,0,0.040784374,LOW PRIORITY,At Risk,2026-06-13 17:00:59
3536,64,19740.0,3,Married,1,1,55.0,7.0,7.857142857142857,65,5,0.0,4829,0.1428571428571428,0.2857142857142857,9870.0,0,0,0.021964043,LOW PRIORITY,Loyal,2026-06-13 17:00:59
3537,43,31089.0,3,Married,1,1,79.0,10.0,7.9,57,8,0.0,5048,0.3,0.3,15544.5,0,0,0.18585236,LOW PRIORITY,Loyal,2026-06-13 17:00:59
3547,55,41021.0,4,Married,1,1,64.0,7.0,9.142857142857142,12,6,0.0,4913,0.2857142857142857,0.2857142857142857,20510.5,0,1,0.6184854,HIGH PRIORITY,New,2026-06-13 17:00:59
3551,70,60033.0,4,Married,1,1,198.0,10.0,19.8,28,2,0.0,4459,0.2,0.2,30016.5,0,0,0.001981057,LOW PRIORITY,New,2026-06-13 17:00:59
3559,36,16248.0,2,Married,1,1,57.0,9.0,6.333333333333333,77,6,0.0,4417,0.2222222222222222,0.3333333333333333,8124.0,0,0,0.0002792655,LOW PRIORITY,Loyal,2026-06-13 17:00:59
3560,72,83844.0,3,Married,0,0,1574.0,20.0,78.7,57,1,0.2,4780,0.2,0.05,83844.0,0,0,0.17588776,LOW PRIORITY,At Risk,2026-06-13 17:00:59
3565,69,38452.0,4,Married,2,1,72.0,9.0,8.0,62,7,0.0,4458,0.3333333333333333,0.3333333333333333,12817.333333333334,0,0,0.0076434175,LOW PRIORITY,Loyal,2026-06-13 17:00:59
3570,55,42731.0,5,Married,1,1,244.0,13.0,18.76923076923077,64,5,0.0,4618,0.3076923076923077,0.2307692307692307,21365.5,0,0,0.0020207288,LOW PRIORITY,Loyal,2026-06-13 17:00:59
3571,63,63342.0,5,Married,1,1,1101.0,19.0,57.94736842105263,48,6,0.2,4988,0.4210526315789473,0.1578947368421052,31671.0,0,1,0.71440285,HIGH PRIORITY,VIP,2026-06-13 17:00:59
3578,75,49160.0,3,Divorced,1,1,236.0,12.0,19.666666666666668,29,6,0.0,4619,0.25,0.1666666666666666,24580.0,0,0,0.012448416,LOW PRIORITY,New,2026-06-13 17:00:59
3584,69,49667.0,5,Single,0,0,1396.0,22.0,63.45454545454545,35,8,0.2,5045,0.2272727272727272,0.0909090909090909,49667.0,0,1,0.96922594,HIGH PRIORITY,VIP,2026-06-13 17:00:59
3594,51,54108.0,4,Married,2,1,747.0,32.0,23.34375,74,8,0.0,4968,0.25,0.40625,18036.0,0,0,0.120909356,LOW PRIORITY,At Risk,2026-06-13 17:00:59
3595,61,77226.0,3,Married,1,1,1138.0,28.0,40.642857142857146,29,3,0.0,4488,0.2142857142857142,0.0714285714285714,38613.0,0,0,0.002887381,LOW PRIORITY,VIP,2026-06-13 17:00:59
3598,52,62710.0,3,Married,1,1,606.0,22.0,27.545454545454547,53,4,0.0,4769,0.1818181818181818,0.1818181818181818,31355.0,0,0,0.0044343947,LOW PRIORITY,At Risk,2026-06-13 17:00:59
3599,54,63684.0,3,Married,1,1,1464.0,23.0,63.65217391304348,61,5,0.0,4947,0.3478260869565217,0.1304347826086956,31842.0,0,0,0.09579149,LOW PRIORITY,At Risk,2026-06-13 17:00:59
3602,66,51412.0,4,Married,1,1,195.0,11.0,17.727272727272727,42,4,0.0,4547,0.2727272727272727,0.1818181818181818,25706.0,0,0,0.0024768538,LOW PRIORITY,New,2026-06-13 17:00:59
3619,64,87305.0,2,Divorced,0,0,1152.0,17.0,67.76470588235294,19,2,0.2,5011,0.2941176470588235,0.0588235294117647,87305.0,0,1,0.86837214,HIGH PRIORITY,VIP,2026-06-13 17:00:59
3623,48,21675.0,3,Married,1,1,45.0,10.0,4.5,55,7,0.0,4385,0.4,0.3,10837.5,0,0,0.005412406,LOW PRIORITY,Loyal,2026-06-13 17:00:59
3628,37,15038.0,1,Single,1,1,80.0,7.0,11.428571428571429,93,9,0.0,4883,0.2857142857142857,0.2857142857142857,7519.0,0,0,0.005971323,LOW PRIORITY,Loyal,2026-06-13 17:00:59
3629,46,38557.0,3,Single,1,1,145.0,9.0,16.11111111111111,17,7,0.0,4924,0.3333333333333333,0.2222222222222222,19278.5,0,0,0.19944231,LOW PRIORITY,New,2026-06-13 17:00:59
3635,62,52597.0,5,Single,1,1,578.0,20.0,28.9,69,5,0.0,4420,0.3,0.15,26298.5,0,0,0.007941209,LOW PRIORITY,At Risk,2026-06-13 17:00:59
3641,48,13624.0,3,Married,1,1,36.0,7.0,5.142857142857143,93,6,0.0,4892,0.2857142857142857,0.2857142857142857,6812.0,0,0,0.009129476,LOW PRIORITY,Loyal,2026-06-13 17:00:59
3643,50,63206.0,4,Married,0,0,928.0,14.0,66.28571428571429,65,2,0.2,4468,0.2857142857142857,0.0714285714285714,63206.0,0,0,0.008638141,LOW PRIORITY,At Risk,2026-06-13 17:00:59
3645,52,27213.0,5,Single,1,1,70.0,9.0,7.777777777777778,19,8,0.0,5035,0.2222222222222222,0.3333333333333333,13606.5,0,1,0.7107814,HIGH PRIORITY,New,2026-06-13 17:00:59
3657,38,39146.0,3,Single,1,1,165.0,11.0,15.0,1,8,0.0,4867,0.3636363636363636,0.2727272727272727,19573.0,0,0,0.27315798,LOW PRIORITY,New,2026-06-13 17:00:59
3661,29,80617.0,2,Single,0,0,1435.0,19.0,75.52631578947368,42,2,0.0,4992,0.2105263157894736,0.0526315789473684,80617.0,0,0,0.30156937,MEDIUM PRIORITY,VIP,2026-06-13 17:00:59
3665,47,25315.0,2,Married,1,1,54.0,9.0,6.0,46,8,0.0,4601,0.3333333333333333,0.3333333333333333,12657.5,0,0,0.025556965,LOW PRIORITY,New,2026-06-13 17:00:59
3667,55,80952.0,3,Married,0,0,1757.0,25.0,70.28,20,8,0.6,4853,0.32,0.04,80952.0,0,1,0.99601585,HIGH PRIORITY,VIP,2026-06-13 17:00:59
3673,53,55239.0,3,Single,1,1,779.0,26.0,29.96153846153846,59,5,0.0,4717,0.2692307692307692,0.1153846153846153,27619.5,0,0,0.010637314,LOW PRIORITY,At Risk,2026-06-13 17:00:59
3678,51,60208.0,3,Widow,2,1,656.0,29.0,22.620689655172413,13,7,0.2,4997,0.2758620689655172,0.3793103448275862,20069.33333333333,0,1,0.6957037,HIGH PRIORITY,VIP,2026-06-13 17:00:59
3690,38,80141.0,4,Married,0,0,2091.0,22.0,95.04545454545456,20,6,0.2,4901,0.3181818181818182,0.0454545454545454,80141.0,0,1,0.95982987,HIGH PRIORITY,VIP,2026-06-13 17:00:59
3696,59,30630.0,3,Divorced,2,1,52.0,7.0,7.428571428571429,67,7,0.0,4520,0.2857142857142857,0.2857142857142857,10210.0,0,0,0.0109392,LOW PRIORITY,Loyal,2026-06-13 17:00:59
3697,70,39898.0,3,Married,1,1,134.0,9.0,14.88888888888889,20,7,0.0,4869,0.3333333333333333,0.2222222222222222,19949.0,0,0,0.048626803,LOW PRIORITY,New,2026-06-13 17:00:59
3698,41,78687.0,3,Married,0,0,2130.0,19.0,112.10526315789474,13,2,0.2,5056,0.2105263157894736,0.0526315789473684,78687.0,0,1,0.9007262,HIGH PRIORITY,VIP,2026-06-13 17:00:59
3706,46,28647.0,3,Single,1,1,94.0,7.0,13.428571428571429,54,7,0.2,4679,0.2857142857142857,0.1428571428571428,14323.5,0,1,0.24967992,LOW PRIORITY,Loyal,2026-06-13 17:00:59
3710,40,39684.0,5,Single,1,1,81.0,7.0,11.571428571428571,41,7,0.0,4992,0.2857142857142857,0.2857142857142857,19842.0,1,1,0.63064134,HIGH PRIORITY,New,2026-06-13 17:00:59
3711,80,80184.0,4,Married,0,0,1902.0,20.0,95.1,19,3,0.4,4487,0.3,0.05,80184.0,0,0,0.26093918,LOW PRIORITY,VIP,2026-06-13 17:00:59
3712,65,52332.0,3,Divorced,0,0,259.0,12.0,21.58333333333333,63,4,0.2,4672,0.25,0.0833333333333333,52332.0,0,0,0.18713535,LOW PRIORITY,Loyal,2026-06-13 17:00:59
3717,65,61180.0,3,Married,1,1,704.0,18.0,39.11111111111112,70,3,0.2,4434,0.2777777777777778,0.1111111111111111,30590.0,0,0,0.0018431181,LOW PRIORITY,At Risk,2026-06-13 17:00:59
3722,52,44503.0,3,Single,2,1,48.0,7.0,6.857142857142857,83,6,0.0,4441,0.2857142857142857,0.2857142857142857,14834.333333333334,0,0,0.0013028745,LOW PRIORITY,Loyal,2026-06-13 17:00:59
3725,63,84865.0,5,Single,0,0,1688.0,16.0,105.5,1,4,0.8,4783,0.125,0.0625,84865.0,0,1,0.99437344,HIGH PRIORITY,VIP,2026-06-13 17:00:59
3726,38,34320.0,5,Married,1,1,17.0,4.0,4.25,66,8,0.0,4500,0.25,0.25,17160.0,0,0,0.009878283,LOW PRIORITY,Loyal,2026-06-13 17:00:59
3732,69,52750.0,4,Married,1,1,860.0,27.0,31.85185185185185,72,4,0.0,4877,0.1851851851851851,0.2222222222222222,26375.0,0,0,0.00887162,LOW PRIORITY,At Risk,2026-06-13 17:00:59
3745,36,23331.0,2,Married,1,1,103.0,8.0,12.875,92,8,0.0,5030,0.375,0.25,11665.5,0,0,0.0036157486,LOW PRIORITY,Loyal,2026-06-13 17:00:59
3749,51,73926.0,3,Married,0,0,1580.0,24.0,65.83333333333333,54,3,0.0,4851,0.25,0.0416666666666666,73926.0,0,0,0.10087588,LOW PRIORITY,At Risk,2026-06-13 17:00:59
3759,66,65196.0,3,Married,2,1,1155.0,26.0,44.42307692307692,34,5,0.2,4706,0.2692307692307692,0.0769230769230769,21732.0,0,0,0.03599873,LOW PRIORITY,VIP,2026-06-13 17:00:59
3762,38,69867.0,5,Single,0,0,925.0,17.0,54.41176470588236,30,1,0.2,4820,0.1764705882352941,0.0588235294117647,69867.0,0,1,0.90487134,HIGH PRIORITY,VIP,2026-06-13 17:00:59
3766,65,33051.0,4,Widow,0,0,835.0,21.0,39.76190476190476,15,9,0.0,5049,0.4285714285714285,0.1428571428571428,33051.0,0,1,0.86790335,HIGH PRIORITY,VIP,2026-06-13 17:00:59
3767,56,61314.0,3,Married,1,1,1008.0,24.0,42.0,1,3,0.0,4797,0.2083333333333333,0.0833333333333333,30657.0,0,0,0.024396008,LOW PRIORITY,VIP,2026-06-13 17:00:59
3769,52,51381.5,5,Married,1,1,42.0,5.0,8.4,17,7,0.0,4486,0.2,0.2,25690.75,0,0,0.025270287,LOW PRIORITY,New,2026-06-13 17:00:59
3783,65,52854.0,5,Married,2,1,116.0,9.0,12.88888888888889,43,5,0.0,4464,0.2222222222222222,0.2222222222222222,17618.0,0,0,0.0038927086,LOW PRIORITY,New,2026-06-13 17:00:59
3790,68,34633.0,3,Married,3,1,15.0,4.0,3.75,31,6,0.0,4524,0.25,0.25,8658.25,0,0,0.004312042,LOW PRIORITY,New,2026-06-13 17:00:59
3798,56,41120.0,3,Married,2,1,81.0,9.0,9.0,80,6,0.0,4602,0.2222222222222222,0.3333333333333333,13706.666666666666,0,0,0.0019106151,LOW PRIORITY,Loyal,2026-06-13 17:00:59
3799,69,67225.0,3,Married,1,1,868.0,23.0,37.73913043478261,4,5,0.0,4582,0.3043478260869565,0.1304347826086956,33612.5,0,0,0.024293514,LOW PRIORITY,VIP,2026-06-13 17:00:59
3807,69,59925.0,3,Married,1,1,766.0,23.0,33.30434782608695,83,6,0.0,4943,0.391304347826087,0.1304347826086956,29962.5,0,0,0.05858936,LOW PRIORITY,At Risk,2026-06-13 17:00:59
3828,73,71107.0,3,Married,1,1,1327.0,28.0,47.392857142857146,61,4,0.0,4864,0.25,0.0714285714285714,35553.5,0,0,0.014113202,LOW PRIORITY,At Risk,2026-06-13 17:00:59
3829,45,24594.0,1,Married,1,1,29.0,5.0,5.8,94,5,0.0,4568,0.2,0.2,12297.0,0,0,0.00033287518,LOW PRIORITY,Loyal,2026-06-13 17:00:59
3830,71,59354.0,4,Married,2,1,459.0,16.0,28.6875,59,3,0.0,4433,0.25,0.0625,19784.666666666668,0,0,0.0006978674,LOW PRIORITY,Loyal,2026-06-13 17:00:59
3834,62,69627.0,3,Single,1,1,861.0,23.0,37.43478260869565,35,5,0.0,4836,0.3478260869565217,0.0869565217391304,34813.5,0,0,0.034152355,LOW PRIORITY,VIP,2026-06-13 17:00:59
3839,66,15056.0,1,Single,2,1,88.0,12.0,7.333333333333333,76,5,0.0,4789,0.1666666666666666,0.4166666666666667,5018.666666666667,0,0,0.020590762,LOW PRIORITY,Loyal,2026-06-13 17:00:59
3846,50,42557.0,3,Married,1,1,270.0,15.0,18.0,98,8,0.0,5036,0.4,0.2666666666666666,21278.5,0,0,0.08304057,LOW PRIORITY,Loyal,2026-06-13 17:00:59
3850,61,14918.0,1,Married,1,1,43.0,5.0,8.6,52,6,0.0,4936,0.2,0.2,7459.0,0,0,0.032404628,LOW PRIORITY,Loyal,2026-06-13 17:00:59
3852,63,74881.0,4,Married,2,1,964.0,27.0,35.7037037037037,48,5,0.0,4845,0.3333333333333333,0.1481481481481481,24960.33333333333,0,0,0.014341889,LOW PRIORITY,VIP,2026-06-13 17:00:59
3855,61,22419.0,3,Married,0,0,162.0,8.0,20.25,74,8,0.0,4804,0.375,0.125,22419.0,0,0,0.030160708,LOW PRIORITY,Loyal,2026-06-13 17:00:59
3856,64,63381.0,3,Married,1,1,1005.0,26.0,38.65384615384615,78,2,0.0,4999,0.1538461538461538,0.1538461538461538,31690.5,0,0,0.011610252,LOW PRIORITY,At Risk,2026-06-13 17:00:59
3859,77,73059.0,5,Married,1,1,1095.0,26.0,42.11538461538461,36,4,0.0,4669,0.3461538461538461,0.0384615384615384,36529.5,0,0,0.017437622,LOW PRIORITY,VIP,2026-06-13 17:00:59
3865,47,20981.0,2,Married,0,0,73.0,7.0,10.428571428571429,14,8,0.0,4792,0.4285714285714285,0.1428571428571428,20981.0,0,1,0.4294336,MEDIUM PRIORITY,New,2026-06-13 17:00:59
3867,77,73059.0,5,Married,1,1,1095.0,26.0,42.11538461538461,36,4,0.0,4669,0.3461538461538461,0.0384615384615384,36529.5,0,0,0.017437622,LOW PRIORITY,VIP,2026-06-13 17:00:59
3870,46,63855.0,2,Married,0,0,1006.0,24.0,41.91666666666666,28,4,0.0,4872,0.2916666666666667,0.0416666666666666,63855.0,0,0,0.028181357,LOW PRIORITY,VIP,2026-06-13 17:00:59
3878,44,31859.0,2,Single,1,1,48.0,5.0,9.6,3,7,0.0,4489,0.2,0.2,15929.5,0,0,0.08858555,LOW PRIORITY,New,2026-06-13 17:00:59
3885,41,33569.0,5,Married,1,1,63.0,5.0,12.6,10,8,0.2,4623,0.2,0.2,16784.5,0,1,0.9061384,HIGH PRIORITY,New,2026-06-13 17:00:59
3887,54,27242.0,3,Single,1,1,106.0,7.0,15.142857142857142,2,9,0.0,4962,0.2857142857142857,0.2857142857142857,13621.0,0,1,0.93609756,HIGH PRIORITY,New,2026-06-13 17:00:59
3896,40,27255.0,3,Married,1,1,37.0,5.0,7.4,3,7,0.0,4601,0.2,0.2,13627.5,0,0,0.15390132,LOW PRIORITY,New,2026-06-13 17:00:59
3900,52,65685.0,3,Married,1,1,769.0,21.0,36.61904761904762,54,5,0.0,4459,0.4285714285714285,0.0476190476190476,32842.5,0,0,0.00094562944,LOW PRIORITY,At Risk,2026-06-13 17:00:59
3910,49,83829.0,3,Divorced,0,0,1862.0,17.0,109.52941176470588,78,1,0.6,4631,0.2352941176470588,0.0,83829.0,0,1,0.95485085,HIGH PRIORITY,At Risk,2026-06-13 17:00:59
3916,53,49269.0,5,Married,1,1,890.0,25.0,35.6,92,7,0.0,5050,0.28,0.12,24634.5,0,0,0.16594753,LOW PRIORITY,At Risk,2026-06-13 17:00:59
3919,48,72309.0,4,Single,0,0,1931.0,20.0,96.55,64,3,0.2,4842,0.25,0.05,72309.0,0,1,0.9390292,HIGH PRIORITY,At Risk,2026-06-13 17:00:59
3921,72,28457.0,2,Widow,0,0,205.0,10.0,20.5,96,8,0.0,4976,0.4,0.1,28457.0,0,0,0.04479338,LOW PRIORITY,Loyal,2026-06-13 17:00:59
3924,59,57912.0,5,Divorced,1,1,916.0,28.0,32.714285714285715,34,5,0.2,4471,0.2857142857142857,0.1785714285714285,28956.0,0,0,0.08127903,LOW PRIORITY,VIP,2026-06-13 17:00:59
3933,44,44010.0,3,Married,1,1,662.0,24.0,27.58333333333333,46,9,0.0,4991,0.4166666666666667,0.25,22005.0,0,0,0.06745366,LOW PRIORITY,VIP,2026-06-13 17:00:59
3934,58,61286.0,3,Married,1,1,608.0,18.0,33.77777777777778,34,5,0.0,4698,0.3888888888888889,0.1111111111111111,30643.0,0,0,0.009740615,LOW PRIORITY,VIP,2026-06-13 17:00:59
3945,77,68117.0,5,Widow,1,1,930.0,25.0,37.2,80,6,0.2,4843,0.44,0.08,34058.5,0,1,0.7785517,HIGH PRIORITY,At Risk,2026-06-13 17:00:59
3955,59,4861.0,3,Divorced,0,0,6.0,0.0,0.0,20,14,0.0,4374,0.0,0.0,4861.0,0,0,0.0058836285,LOW PRIORITY,New,2026-06-13 17:00:59
3967,53,78931.0,5,Married,0,0,943.0,24.0,39.29166666666666,19,1,0.0,4614,0.0833333333333333,0.0416666666666666,78931.0,0,0,0.017037274,LOW PRIORITY,VIP,2026-06-13 17:00:59
3968,54,65706.0,2,Divorced,0,0,1199.0,27.0,44.407407407407405,77,7,0.6,4733,0.4074074074074074,0.037037037037037,65706.0,0,1,0.98254967,HIGH PRIORITY,At Risk,2026-06-13 17:00:59
3969,50,43018.0,4,Married,1,1,133.0,7.0,19.0,46,5,0.0,4607,0.2857142857142857,0.1428571428571428,21509.0,0,0,0.0039442508,LOW PRIORITY,New,2026-06-13 17:00:59
3972,48,50200.0,3,Married,2,1,401.0,19.0,21.105263157894736,70,8,0.0,4819,0.3684210526315789,0.3157894736842105,16733.333333333332,0,0,0.03169058,LOW PRIORITY,At Risk,2026-06-13 17:00:59
3979,41,90687.0,5,Divorced,0,0,1779.0,17.0,104.6470588235294,98,2,0.2,4770,0.3529411764705882,0.0588235294117647,90687.0,0,1,0.9552441,HIGH PRIORITY,At Risk,2026-06-13 17:00:59
4001,78,64014.0,5,Married,3,1,444.0,22.0,20.181818181818183,56,7,0.2,4386,0.3636363636363636,0.3181818181818182,16003.5,0,0,0.05795839,LOW PRIORITY,At Risk,2026-06-13 17:00:59
4002,64,77037.0,5,Married,1,1,1123.0,27.0,41.5925925925926,3,3,0.0,4626,0.2592592592592592,0.037037037037037,38518.5,0,0,0.021874532,LOW PRIORITY,VIP,2026-06-13 17:00:59
4012,52,62220.0,5,Married,1,1,1226.0,23.0,53.30434782608695,55,6,0.0,5054,0.3043478260869565,0.217391304347826,31110.0,0,1,0.36826503,MEDIUM PRIORITY,At Risk,2026-06-13 17:00:59
4023,54,22979.0,3,Married,1,1,115.0,10.0,11.5,29,8,0.0,5028,0.3,0.3,11489.5,0,1,0.60055995,HIGH PRIORITY,New,2026-06-13 17:00:59
4037,48,31859.0,3,Divorced,1,1,20.0,4.0,5.0,77,7,0.0,4747,0.25,0.25,15929.5,0,0,0.0027448745,LOW PRIORITY,Loyal,2026-06-13 17:00:59
4042,53,43300.0,3,Divorced,1,1,180.0,11.0,16.363636363636363,87,8,0.0,4991,0.3636363636363636,0.2727272727272727,21650.0,0,1,0.3805155,MEDIUM PRIORITY,Loyal,2026-06-13 17:00:59
4047,70,65324.0,5,Married,1,1,544.0,20.0,27.2,0,4,0.0,4536,0.3,0.15,32662.0,0,0,0.0386443,LOW PRIORITY,VIP,2026-06-13 17:00:59
4050,58,49605.0,4,Married,0,0,127.0,8.0,15.875,65,3,0.0,4375,0.25,0.125,49605.0,0,0,0.0011902048,LOW PRIORITY,Loyal,2026-06-13 17:00:59
4055,32,18746.0,1,Single,1,1,64.0,8.0,8.0,41,6,0.0,4398,0.375,0.25,9373.0,0,0,0.0016811929,LOW PRIORITY,New,2026-06-13 17:00:59
4058,69,61284.0,5,Single,0,0,811.0,22.0,36.86363636363637,76,6,0.2,4627,0.5,0.0454545454545454,61284.0,0,0,0.12931123,LOW PRIORITY,At Risk,2026-06-13 17:00:59
4065,48,49544.0,5,Married,1,1,404.0,16.0,25.25,0,7,0.0,4869,0.3125,0.125,24772.0,0,0,0.10230961,LOW PRIORITY,New,2026-06-13 17:00:59
4066,46,21282.0,2,Divorced,1,1,46.0,7.0,6.571428571428571,76,6,0.0,4416,0.2857142857142857,0.2857142857142857,10641.0,0,0,0.0018194009,LOW PRIORITY,Loyal,2026-06-13 17:00:59
4070,55,94871.0,5,Married,2,1,1078.0,18.0,59.888888888888886,99,7,0.4,5033,0.4444444444444444,0.0555555555555555,31623.666666666668,0,1,0.9385745,HIGH PRIORITY,At Risk,2026-06-13 17:00:59
4073,70,63564.0,2,Married,0,0,1215.0,28.0,43.392857142857146,0,6,0.2,4518,0.3571428571428571,0.0357142857142857,63564.0,0,1,0.669417,HIGH PRIORITY,VIP,2026-06-13 17:00:59
4084,49,60934.0,3,Married,1,1,873.0,23.0,37.95652173913044,41,4,0.0,4530,0.2608695652173913,0.0869565217391304,30467.0,0,0,0.001380009,LOW PRIORITY,VIP,2026-06-13 17:00:59
4086,65,18690.0,3,Married,0,0,60.0,5.0,12.0,77,8,0.0,4915,0.2,0.2,18690.0,0,0,0.015179822,LOW PRIORITY,Loyal,2026-06-13 17:00:59
4088,62,31497.0,5,Married,1,1,155.0,10.0,15.5,22,8,0.0,4937,0.3,0.2,15748.5,0,0,0.23746368,LOW PRIORITY,New,2026-06-13 17:00:59
4093,49,53253.0,4,Married,2,1,436.0,19.0,22.94736842105263,61,5,0.0,4870,0.2105263157894736,0.3684210526315789,17751.0,0,0,0.039626453,LOW PRIORITY,At Risk,2026-06-13 17:00:59
4094,63,60544.0,3,Married,2,1,289.0,15.0,19.266666666666666,92,6,0.0,5040,0.3333333333333333,0.2666666666666666,20181.33333333333,0,0,0.08101943,LOW PRIORITY,Loyal,2026-06-13 17:00:59
4095,53,37150.0,3,Married,1,1,467.0,21.0,22.23809523809524,80,7,0.0,5023,0.1904761904761904,0.3809523809523809,18575.0,0,0,0.09423715,LOW PRIORITY,At Risk,2026-06-13 17:00:59
4096,56,41335.0,4,Divorced,1,1,187.0,12.0,15.583333333333334,24,7,0.0,4552,0.3333333333333333,0.25,20667.5,0,0,0.056506112,LOW PRIORITY,New,2026-06-13 17:00:59
4098,51,24639.0,3,Married,2,1,44.0,9.0,4.888888888888889,3,6,0.0,4519,0.2222222222222222,0.3333333333333333,8213.0,0,0,0.09444203,LOW PRIORITY,New,2026-06-13 17:00:59
4099,52,30675.0,3,Married,1,1,62.0,5.0,12.4,14,8,0.0,4961,0.2,0.2,15337.5,0,0,0.18647498,LOW PRIORITY,New,2026-06-13 17:00:59
4102,49,37284.0,2,Married,2,1,23.0,4.0,5.75,46,6,0.0,4824,0.0,0.25,12428.0,0,0,0.0021360363,LOW PRIORITY,New,2026-06-13 17:00:59
4107,76,46681.0,5,Married,2,1,425.0,16.0,26.5625,52,5,0.0,4631,0.25,0.125,15560.333333333334,0,0,0.0052410713,LOW PRIORITY,Loyal,2026-06-13 17:00:59
4114,60,79143.0,4,Married,0,0,1693.0,29.0,58.37931034482759,2,3,0.0,5054,0.2068965517241379,0.0344827586206896,79143.0,0,0,0.1539259,LOW PRIORITY,VIP,2026-06-13 17:00:59
4119,61,38620.0,4,Married,0,0,318.0,11.0,28.90909090909091,56,3,0.0,4781,0.1818181818181818,0.0909090909090909,38620.0,0,0,0.015960852,LOW PRIORITY,Loyal,2026-06-13 17:00:59
4120,49,49514.0,2,Single,1,1,369.0,13.0,28.384615384615383,61,7,0.0,4561,0.4615384615384615,0.1538461538461538,24757.0,0,0,0.0046188165,LOW PRIORITY,Loyal,2026-06-13 17:00:59
4122,49,79205.0,3,Married,0,0,895.0,16.0,55.9375,73,4,0.2,5036,0.375,0.0625,79205.0,0,1,0.7134447,HIGH PRIORITY,At Risk,2026-06-13 17:00:59
4127,57,77766.0,5,Married,1,1,1529.0,34.0,44.97058823529412,97,6,0.2,4859,0.3235294117647059,0.0588235294117647,38883.0,0,1,0.84883314,HIGH PRIORITY,At Risk,2026-06-13 17:00:59
4128,62,56067.0,5,Married,1,1,725.0,20.0,36.25,51,5,0.0,4711,0.35,0.1,28033.5,0,0,0.01917816,LOW PRIORITY,At Risk,2026-06-13 17:00:59
4136,32,7500.0,1,Single,1,1,119.0,11.0,10.818181818181818,63,9,0.0,4940,0.2727272727272727,0.3636363636363636,3750.0,0,0,0.027560076,LOW PRIORITY,Loyal,2026-06-13 17:00:59
4137,76,70666.0,3,Married,0,0,1076.0,16.0,67.25,29,4,0.0,4572,0.4375,0.0625,70666.0,0,0,0.048828024,LOW PRIORITY,VIP,2026-06-13 17:00:59
4138,62,76624.0,3,Single,1,1,899.0,23.0,39.08695652173913,68,1,0.2,4403,0.217391304347826,0.0434782608695652,38312.0,0,0,0.006584938,LOW PRIORITY,At Risk,2026-06-13 17:00:59
4141,59,71613.0,3,Married,0,0,776.0,21.0,36.95238095238095,26,4,0.0,4679,0.3809523809523809,0.0476190476190476,71613.0,0,0,0.055509575,LOW PRIORITY,VIP,2026-06-13 17:00:59
4148,52,38988.0,3,Married,3,1,348.0,19.0,18.31578947368421,90,8,0.0,5045,0.2631578947368421,0.3684210526315789,9747.0,0,0,0.06377557,LOW PRIORITY,Loyal,2026-06-13 17:00:59
4149,76,76140.0,5,Married,0,0,1348.0,21.0,64.19047619047619,57,2,0.0,4414,0.238095238095238,0.0476190476190476,76140.0,0,0,0.011394669,LOW PRIORITY,At Risk,2026-06-13 17:00:59
4168,58,37070.0,3,Single,2,1,433.0,23.0,18.82608695652174,30,7,0.0,4833,0.217391304347826,0.391304347826087,12356.666666666666,0,1,0.84786344,HIGH PRIORITY,VIP,2026-06-13 17:00:59
4174,68,55249.0,4,Married,1,1,130.0,8.0,16.25,81,3,0.0,4440,0.25,0.125,27624.5,0,0,0.00067429175,LOW PRIORITY,Loyal,2026-06-13 17:00:59
4179,65,24221.0,3,Married,0,0,55.0,6.0,9.166666666666666,94,4,0.0,4680,0.1666666666666666,0.1666666666666666,24221.0,0,0,0.0009880827,LOW PRIORITY,Loyal,2026-06-13 17:00:59
4184,74,52157.0,5,Married,1,1,265.0,12.0,22.08333333333333,48,4,0.0,4389,0.25,0.1666666666666666,26078.5,0,0,0.0011643548,LOW PRIORITY,New,2026-06-13 17:00:59
4186,74,34026.0,3,Married,2,1,76.0,9.0,8.444444444444445,11,5,0.0,4695,0.2222222222222222,0.3333333333333333,11342.0,0,0,0.12831677,LOW PRIORITY,New,2026-06-13 17:00:59
4188,67,36864.0,3,Single,1,1,354.0,14.0,25.285714285714285,53,8,0.0,5052,0.3571428571428571,0.2142857142857142,18432.0,0,1,0.5247557,MEDIUM PRIORITY,Loyal,2026-06-13 17:00:59
4198,59,29672.0,3,Married,2,1,25.0,4.0,6.25,6,6,0.0,4841,0.0,0.25,9890.666666666666,0,0,0.0072716186,LOW PRIORITY,New,2026-06-13 17:00:59
4200,54,44159.0,4,Married,1,1,275.0,15.0,18.33333333333333,85,5,0.0,4379,0.2666666666666666,0.2666666666666666,22079.5,0,0,0.0017009791,LOW PRIORITY,Loyal,2026-06-13 17:00:59
4201,62,57967.0,3,Single,1,1,468.0,19.0,24.63157894736842,39,5,0.0,4850,0.2105263157894736,0.2631578947368421,28983.5,0,0,0.09746283,LOW PRIORITY,VIP,2026-06-13 17:00:59
4207,43,87171.0,5,Married,0,0,1298.0,25.0,51.92,27,2,0.4,4791,0.24,0.04,87171.0,0,0,0.56496465,MEDIUM PRIORITY,VIP,2026-06-13 17:00:59
4211,38,20425.0,1,Married,1,1,57.0,7.0,8.142857142857142,5,7,0.0,4975,0.2857142857142857,0.2857142857142857,10212.5,0,0,0.13397048,LOW PRIORITY,New,2026-06-13 17:00:59
4216,43,91065.0,3,Single,0,0,1474.0,26.0,56.69230769230769,33,3,0.4,4859,0.2692307692307692,0.0384615384615384,91065.0,0,1,0.9868242,HIGH PRIORITY,VIP,2026-06-13 17:00:59
4220,54,59892.0,5,Married,1,1,87.0,7.0,12.428571428571429,26,3,0.0,4606,0.2857142857142857,0.1428571428571428,29946.0,0,0,0.0038247453,LOW PRIORITY,New,2026-06-13 17:00:59
4227,56,32889.0,4,Married,2,1,55.0,9.0,6.111111111111111,78,5,0.0,4663,0.2222222222222222,0.3333333333333333,10963.0,0,0,0.0011685115,LOW PRIORITY,Loyal,2026-06-13 17:00:59
4240,46,17345.0,3,Married,1,1,58.0,7.0,8.285714285714286,79,8,0.0,4970,0.2857142857142857,0.2857142857142857,8672.5,0,0,0.08752432,LOW PRIORITY,Loyal,2026-06-13 17:00:59
4246,42,6560.0,4,Single,0,0,373.0,2.0,186.5,2,17,0.0,4566,0.5,0.0,6560.0,0,0,0.10844156,LOW PRIORITY,New,2026-06-13 17:00:59
4248,64,98777.0,4,Single,0,0,2008.0,19.0,105.6842105263158,23,1,0.2,4499,0.2105263157894736,0.0,98777.0,0,0,0.3810638,MEDIUM PRIORITY,VIP,2026-06-13 17:00:59
4252,59,44375.0,3,Married,1,1,301.0,12.0,25.08333333333333,73,5,0.0,4465,0.3333333333333333,0.0833333333333333,22187.5,0,0,0.00077481417,LOW PRIORITY,Loyal,2026-06-13 17:00:59
4259,38,19485.0,4,Single,2,1,10.0,4.0,2.5,80,7,0.0,4645,0.25,0.25,6495.0,0,0,0.0013900904,LOW PRIORITY,Loyal,2026-06-13 17:00:59
4261,78,82800.0,5,Single,0,0,1315.0,26.0,50.57692307692308,23,3,0.4,4949,0.2692307692307692,0.0384615384615384,82800.0,0,1,0.99189705,HIGH PRIORITY,VIP,2026-06-13 17:00:59
4268,65,53154.0,3,Married,1,1,158.0,9.0,17.555555555555557,50,4,0.0,4387,0.3333333333333333,0.1111111111111111,26577.0,0,0,0.0007963122,LOW PRIORITY,Loyal,2026-06-13 17:00:59
4271,35,38683.0,2,Married,1,1,341.0,17.0,20.058823529411764,80,7,0.0,5000,0.2352941176470588,0.3529411764705882,19341.5,0,0,0.005156655,LOW PRIORITY,Loyal,2026-06-13 17:00:59
4278,41,87188.0,5,Single,0,0,1923.0,19.0,101.21052631578948,73,3,0.0,4758,0.5263157894736842,0.0526315789473684,87188.0,0,1,0.8872288,HIGH PRIORITY,At Risk,2026-06-13 17:00:59
4279,61,39548.0,2,Single,2,1,54.0,7.0,7.714285714285714,87,3,0.0,4457,0.1428571428571428,0.2857142857142857,13182.666666666666,0,0,0.0011249064,LOW PRIORITY,Loyal,2026-06-13 17:00:59
4286,54,57642.0,5,Single,1,1,679.0,22.0,30.863636363636363,24,4,0.2,4538,0.3181818181818182,0.1363636363636363,28821.0,0,0,0.19284151,LOW PRIORITY,VIP,2026-06-13 17:00:59
4290,52,30467.0,3,Married,1,1,24.0,4.0,6.0,8,7,0.0,4469,0.25,0.25,15233.5,0,0,0.03660087,LOW PRIORITY,New,2026-06-13 17:00:59
4297,55,23228.0,3,Married,1,1,40.0,7.0,5.714285714285714,71,8,0.0,4521,0.2857142857142857,0.2857142857142857,11614.0,0,0,0.01065445,LOW PRIORITY,Loyal,2026-06-13 17:00:59
4298,51,20427.0,5,Married,1,1,10.0,4.0,2.5,63,8,0.0,4464,0.25,0.25,10213.5,0,0,0.0036488706,LOW PRIORITY,Loyal,2026-06-13 17:00:59
4299,64,70971.0,3,Married,1,1,1825.0,34.0,53.6764705882353,28,7,0.0,5013,0.3235294117647059,0.2058823529411764,35485.5,0,1,0.26348135,LOW PRIORITY,VIP,2026-06-13 17:00:59
4301,53,35178.0,4,Married,1,1,59.0,5.0,11.8,10,7,0.2,4902,0.2,0.2,17589.0,0,1,0.9587431,HIGH PRIORITY,New,2026-06-13 17:00:59
4303,67,6835.0,5,Married,1,1,137.0,1.0,137.0,76,20,0.0,4935,0.0,0.0,3417.5,0,0,0.007070993,LOW PRIORITY,Loyal,2026-06-13 17:00:59
4310,80,80589.0,3,Married,0,0,1428.0,21.0,68.0,25,1,0.2,4525,0.238095238095238,0.0476190476190476,80589.0,0,1,0.33183414,MEDIUM PRIORITY,VIP,2026-06-13 17:00:59
4320,45,60152.0,3,Single,1,1,943.0,23.0,41.0,6,3,0.0,4825,0.2608695652173913,0.0434782608695652,30076.0,0,0,0.014654445,LOW PRIORITY,VIP,2026-06-13 17:00:59
4322,66,77863.0,5,Married,0,0,1291.0,20.0,64.55,20,2,0.0,4581,0.2,0.05,77863.0,0,0,0.04849322,LOW PRIORITY,VIP,2026-06-13 17:00:59
4324,35,42387.0,3,Married,1,1,684.0,21.0,32.57142857142857,42,8,0.0,4975,0.3809523809523809,0.238095238095238,21193.5,0,0,0.008007705,LOW PRIORITY,VIP,2026-06-13 17:00:59
4328,38,21955.0,2,Married,1,1,55.0,8.0,6.875,81,6,0.0,4662,0.25,0.25,10977.5,0,0,0.00095607527,LOW PRIORITY,Loyal,2026-06-13 17:00:59
4329,40,18988.0,5,Married,1,1,16.0,6.0,2.6666666666666665,43,7,0.0,4404,0.1666666666666666,0.3333333333333333,9494.0,0,0,0.0107703125,LOW PRIORITY,New,2026-06-13 17:00:59
4331,46,85738.0,4,Married,0,0,1371.0,21.0,65.28571428571429,41,1,0.4,4524,0.1428571428571428,0.0476190476190476,85738.0,0,0,0.14425798,LOW PRIORITY,VIP,2026-06-13 17:00:59
4333,70,32144.0,3,Married,2,1,54.0,10.0,5.4,76,7,0.2,4465,0.2,0.4,10714.666666666666,0,0,0.010927774,LOW PRIORITY,Loyal,2026-06-13 17:00:59
4338,41,39062.0,3,Single,1,1,44.0,5.0,8.8,28,4,0.2,4463,0.2,0.2,19531.0,0,0,0.087477416,LOW PRIORITY,New,2026-06-13 17:00:59
4339,54,67353.0,5,Married,1,1,913.0,28.0,32.607142857142854,37,2,0.0,4547,0.1785714285714285,0.1785714285714285,33676.5,0,0,0.005412976,LOW PRIORITY,VIP,2026-06-13 17:00:59
4345,60,51381.5,2,Single,2,1,21.0,4.0,5.25,49,7,0.0,4535,0.25,0.25,17127.166666666668,0,0,0.0019843508,LOW PRIORITY,New,2026-06-13 17:00:59
4351,69,37244.0,3,Divorced,2,1,55.0,5.0,11.0,90,7,0.2,4795,0.2,0.2,12414.666666666666,0,0,0.01187899,LOW PRIORITY,Loyal,2026-06-13 17:00:59
4356,53,71819.0,3,Married,1,1,1574.0,14.0,112.42857142857144,70,6,0.4,4672,0.2142857142857142,0.2142857142857142,35909.5,0,0,0.1362279,LOW PRIORITY,At Risk,2026-06-13 17:00:59
4368,44,47850.0,3,Married,1,1,134.0,8.0,16.75,72,6,0.0,4575,0.375,0.125,23925.0,0,0,0.001271677,LOW PRIORITY,Loyal,2026-06-13 17:00:59
4369,67,65487.0,4,Single,0,0,1169.0,17.0,68.76470588235294,48,2,0.0,4537,0.1764705882352941,0.1764705882352941,65487.0,0,0,0.08463267,LOW PRIORITY,At Risk,2026-06-13 17:00:59
4370,58,43482.0,3,Married,3,1,88.0,9.0,9.77777777777778,83,6,0.0,4595,0.2222222222222222,0.3333333333333333,10870.5,0,0,0.0022277199,LOW PRIORITY,Loyal,2026-06-13 17:00:59
4376,64,32218.0,2,Single,0,0,93.0,7.0,13.285714285714286,27,7,0.2,4501,0.2857142857142857,0.1428571428571428,32218.0,0,1,0.21769914,LOW PRIORITY,New,2026-06-13 17:00:59
4377,53,52914.0,3,Married,1,1,575.0,15.0,38.333333333333336,32,7,0.2,4905,0.4666666666666667,0.1333333333333333,26457.0,0,0,0.14851272,LOW PRIORITY,New,2026-06-13 17:00:59
4381,53,46463.0,5,Married,2,1,235.0,17.0,13.823529411764708,56,6,0.0,4682,0.1764705882352941,0.4117647058823529,15487.666666666666,0,0,0.03087352,LOW PRIORITY,Loyal,2026-06-13 17:00:59
4385,43,36038.0,5,Single,1,1,47.0,8.0,5.875,82,6,0.0,4761,0.375,0.25,18019.0,0,0,0.007030079,LOW PRIORITY,Loyal,2026-06-13 17:00:59
4390,70,75315.0,3,Married,1,1,841.0,23.0,36.56521739130435,14,2,0.0,4442,0.217391304347826,0.0869565217391304,37657.5,0,0,0.007071267,LOW PRIORITY,VIP,2026-06-13 17:00:59
4391,56,63841.0,4,Divorced,1,1,908.0,22.0,41.27272727272727,64,6,0.0,4801,0.4090909090909091,0.0454545454545454,31920.5,0,0,0.017025141,LOW PRIORITY,At Risk,2026-06-13 17:00:59
4394,59,81051.0,5,Married,0,0,1501.0,23.0,65.26086956521739,43,2,0.4,4404,0.217391304347826,0.0434782608695652,81051.0,0,0,0.055952225,LOW PRIORITY,VIP,2026-06-13 17:00:59
4399,55,68695.0,3,Married,0,0,1091.0,16.0,68.1875,3,2,0.0,4371,0.25,0.0625,68695.0,0,0,0.08771076,LOW PRIORITY,VIP,2026-06-13 17:00:59
4405,68,63915.0,4,Married,2,1,789.0,23.0,34.30434782608695,2,5,0.0,4701,0.2608695652173913,0.0869565217391304,21305.0,0,0,0.036736075,LOW PRIORITY,VIP,2026-06-13 17:00:59
4406,54,67419.0,3,Married,1,1,1471.0,25.0,58.84,29,5,0.0,4896,0.36,0.16,33709.5,0,0,0.05703805,LOW PRIORITY,VIP,2026-06-13 17:00:59
4415,63,16860.0,3,Married,2,1,38.0,8.0,4.75,19,7,0.0,5022,0.125,0.375,5620.0,0,0,0.04502826,LOW PRIORITY,New,2026-06-13 17:00:59
4418,41,89616.0,4,Single,0,0,1644.0,25.0,65.76,36,2,0.0,4856,0.28,0.04,89616.0,0,1,0.8985712,HIGH PRIORITY,VIP,2026-06-13 17:00:59
4426,49,55801.0,3,Single,2,1,527.0,21.0,25.09523809523809,35,7,0.2,4647,0.3333333333333333,0.2857142857142857,18600.33333333333,0,0,0.17230172,LOW PRIORITY,VIP,2026-06-13 17:00:59
4427,29,83257.0,2,Single,0,0,1365.0,28.0,48.75,56,6,0.4,5016,0.1785714285714285,0.0357142857142857,83257.0,1,1,0.93386734,HIGH PRIORITY,At Risk,2026-06-13 17:00:59
4432,48,31615.0,3,Divorced,1,1,51.0,7.0,7.285714285714286,82,7,0.0,4837,0.2857142857142857,0.2857142857142857,15807.5,0,0,0.015252453,LOW PRIORITY,Loyal,2026-06-13 17:00:59
4436,48,20180.0,3,Single,0,0,137.0,8.0,17.125,27,7,0.0,4861,0.25,0.125,20180.0,0,0,0.22818507,LOW PRIORITY,New,2026-06-13 17:00:59
4437,62,65316.0,3,Married,2,1,260.0,12.0,21.666666666666668,65,4,0.0,4798,0.25,0.1666666666666666,21772.0,0,0,0.0019463967,LOW PRIORITY,Loyal,2026-06-13 17:00:59
4440,60,64100.0,4,Married,1,1,546.0,18.0,30.33333333333333,93,7,0.2,4659,0.4444444444444444,0.0555555555555555,32050.0,0,0,0.010812873,LOW PRIORITY,At Risk,2026-06-13 17:00:59
4442,63,46524.0,3,Single,1,1,177.0,9.0,19.666666666666668,70,3,0.0,4817,0.1111111111111111,0.2222222222222222,23262.0,0,0,0.007248864,LOW PRIORITY,Loyal,2026-06-13 17:00:59
4444,52,30023.0,3,Married,1,1,61.0,6.0,10.166666666666666,28,8,0.0,4464,0.3333333333333333,0.1666666666666666,15011.5,0,0,0.03511568,LOW PRIORITY,New,2026-06-13 17:00:59
4452,67,50388.0,3,Single,1,1,372.0,17.0,21.88235294117647,3,7,0.4,4399,0.3529411764705882,0.2352941176470588,25194.0,0,1,0.79373115,HIGH PRIORITY,New,2026-06-13 17:00:59
4459,35,30279.0,3,Single,1,1,37.0,5.0,7.4,13,8,0.0,4913,0.2,0.2,15139.5,0,0,0.012164588,LOW PRIORITY,New,2026-06-13 17:00:59
4470,62,58646.0,4,Married,1,1,140.0,8.0,17.5,3,4,0.0,4751,0.25,0.125,29323.0,0,0,0.045886133,LOW PRIORITY,New,2026-06-13 17:00:59
4472,54,35682.0,5,Divorced,1,1,57.0,6.0,9.5,34,2,0.0,4369,0.1666666666666666,0.1666666666666666,17841.0,0,0,0.019107496,LOW PRIORITY,New,2026-06-13 17:00:59
4475,75,69098.0,5,Married,0,0,2440.0,25.0,97.6,82,5,0.0,4865,0.28,0.04,69098.0,0,0,0.22433344,LOW PRIORITY,At Risk,2026-06-13 17:00:59
4477,66,69096.0,3,Married,1,1,653.0,18.0,36.27777777777778,4,4,0.0,4642,0.2777777777777778,0.0555555555555555,34548.0,0,0,0.015953919,LOW PRIORITY,VIP,2026-06-13 17:00:59
4478,45,63777.0,3,Married,2,1,653.0,26.0,25.115384615384617,87,8,0.0,4829,0.4230769230769231,0.3076923076923077,21259.0,0,0,0.010165732,LOW PRIORITY,At Risk,2026-06-13 17:00:59
4480,51,60432.0,4,Married,1,1,401.0,19.0,21.105263157894736,61,6,0.0,4479,0.3684210526315789,0.2631578947368421,30216.0,0,0,0.004950252,LOW PRIORITY,At Risk,2026-06-13 17:00:59
4483,31,72354.0,3,Single,0,0,1228.0,19.0,64.63157894736842,67,1,0.0,4805,0.1052631578947368,0.0526315789473684,72354.0,0,0,0.016510792,LOW PRIORITY,At Risk,2026-06-13 17:00:59
4487,55,39858.0,4,Single,1,1,95.0,7.0,13.571428571428571,67,6,0.0,4888,0.2857142857142857,0.1428571428571428,19929.0,0,1,0.36335945,MEDIUM PRIORITY,Loyal,2026-06-13 17:00:59
4491,75,62845.0,4,Married,2,1,1178.0,28.0,42.07142857142857,3,8,0.2,5003,0.1071428571428571,0.3928571428571428,20948.33333333333,0,0,0.13864063,LOW PRIORITY,VIP,2026-06-13 17:00:59
4500,33,68682.0,5,Married,0,0,1598.0,24.0,66.58333333333333,56,2,0.0,4633,0.1666666666666666,0.0416666666666666,68682.0,0,0,0.003819607,LOW PRIORITY,At Risk,2026-06-13 17:00:59
4501,59,69882.0,4,Single,0,0,1478.0,20.0,73.9,94,1,0.0,4598,0.15,0.05,69882.0,0,0,0.03316107,LOW PRIORITY,At Risk,2026-06-13 17:00:59
4507,72,72228.0,3,Single,0,0,1250.0,22.0,56.81818181818182,87,3,0.0,4946,0.2727272727272727,0.0454545454545454,72228.0,0,0,0.30768695,MEDIUM PRIORITY,At Risk,2026-06-13 17:00:59
4508,72,75127.0,3,Single,0,0,833.0,19.0,43.8421052631579,92,1,0.0,4405,0.1052631578947368,0.0526315789473684,75127.0,0,0,0.0026934363,LOW PRIORITY,At Risk,2026-06-13 17:00:59
4518,45,85693.0,3,Married,1,1,1169.0,27.0,43.2962962962963,59,5,0.0,4802,0.3333333333333333,0.074074074074074,42846.5,0,0,0.009051414,LOW PRIORITY,At Risk,2026-06-13 17:00:59
4530,76,78427.0,4,Widow,0,0,1930.0,23.0,83.91304347826087,36,3,0.2,4980,0.1304347826086956,0.1304347826086956,78427.0,0,1,0.9183402,HIGH PRIORITY,VIP,2026-06-13 17:00:59
4541,69,38946.0,3,Married,1,1,257.0,12.0,21.416666666666668,84,5,0.0,4615,0.25,0.1666666666666666,19473.0,0,0,0.0012742261,LOW PRIORITY,Loyal,2026-06-13 17:00:59
4543,44,82497.0,3,Married,0,0,1919.0,19.0,101.0,32,4,0.2,4973,0.1052631578947368,0.0526315789473684,82497.0,0,0,0.28064853,LOW PRIORITY,VIP,2026-06-13 17:00:59
4547,64,13672.0,3,Married,2,1,25.0,6.0,4.166666666666667,86,8,0.0,4805,0.1666666666666666,0.3333333333333333,4557.333333333333,0,0,0.0038817266,LOW PRIORITY,Loyal,2026-06-13 17:00:59
4548,43,41967.0,3,Single,2,1,54.0,5.0,10.8,66,4,0.0,4585,0.2,0.2,13989.0,0,0,0.003035495,LOW PRIORITY,Loyal,2026-06-13 17:00:59
4550,58,33564.0,4,Married,1,1,71.0,6.0,11.833333333333334,51,5,0.0,4372,0.1666666666666666,0.1666666666666666,16782.0,0,0,0.0039463774,LOW PRIORITY,Loyal,2026-06-13 17:00:59
4552,33,51373.0,3,Married,0,0,393.0,12.0,32.75,37,4,0.0,4739,0.25,0.0833333333333333,51373.0,0,0,0.0025829917,LOW PRIORITY,New,2026-06-13 17:00:59
4554,59,47009.0,3,Married,1,1,448.0,17.0,26.352941176470587,89,4,0.0,4638,0.1764705882352941,0.2352941176470588,23504.5,0,0,0.0011165661,LOW PRIORITY,Loyal,2026-06-13 17:00:59
4557,54,22070.0,3,Married,1,1,67.0,8.0,8.375,11,6,0.0,4635,0.25,0.25,11035.0,0,0,0.13163793,LOW PRIORITY,New,2026-06-13 17:00:59
4580,55,75759.0,3,Married,0,0,2486.0,26.0,95.6153846153846,46,5,0.6,4614,0.3461538461538461,0.0384615384615384,75759.0,0,1,0.9933444,HIGH PRIORITY,VIP,2026-06-13 17:00:59
4587,80,45006.0,4,Widow,0,0,266.0,12.0,22.166666666666668,90,3,0.0,4713,0.25,0.0833333333333333,45006.0,0,0,0.0067898454,LOW PRIORITY,Loyal,2026-06-13 17:00:59
4597,54,82072.0,5,Married,0,0,2018.0,19.0,106.21052631578948,67,1,0.0,4729,0.1578947368421052,0.0526315789473684,82072.0,0,0,0.04307991,LOW PRIORITY,At Risk,2026-06-13 17:00:59
4599,48,49681.0,4,Married,2,1,458.0,21.0,21.80952380952381,66,7,0.0,4604,0.3333333333333333,0.2857142857142857,16560.333333333332,0,0,0.013013905,LOW PRIORITY,At Risk,2026-06-13 17:00:59
4603,64,65695.0,5,Married,1,1,656.0,21.0,31.23809523809524,50,4,0.0,4516,0.238095238095238,0.0952380952380952,32847.5,0,0,0.003980296,LOW PRIORITY,At Risk,2026-06-13 17:00:59
4607,65,71367.0,3,Married,0,0,777.0,17.0,45.70588235294117,24,2,0.0,4677,0.2352941176470588,0.0588235294117647,71367.0,0,0,0.021315869,LOW PRIORITY,VIP,2026-06-13 17:00:59
4608,37,81361.0,3,Divorced,0,0,778.0,27.0,28.814814814814813,18,1,0.0,4491,0.1111111111111111,0.037037037037037,81361.0,0,1,0.02478635,LOW PRIORITY,VIP,2026-06-13 17:00:59
4609,58,57705.0,5,Married,1,1,486.0,18.0,27.0,14,6,0.0,4536,0.4444444444444444,0.1666666666666666,28852.5,0,0,0.072347626,LOW PRIORITY,VIP,2026-06-13 17:00:59
4611,54,105471.0,3,Married,0,0,1724.0,30.0,57.46666666666667,36,3,0.4,4891,0.3,0.0,105471.0,0,1,0.91452056,HIGH PRIORITY,VIP,2026-06-13 17:00:59
4619,79,113734.0,5,Single,0,0,277.0,27.0,10.25925925925926,9,1,0.0,4399,1.0,0.0,113734.0,0,0,0.06047189,LOW PRIORITY,VIP,2026-06-13 17:00:59
4637,70,74637.0,5,Single,0,0,1650.0,25.0,66.0,73,3,0.2,4774,0.24,0.04,74637.0,0,0,0.38145834,MEDIUM PRIORITY,At Risk,2026-06-13 17:00:59
4640,57,70647.0,3,Divorced,1,1,1079.0,26.0,41.5,65,2,0.0,5013,0.1538461538461538,0.0769230769230769,35323.5,0,0,0.020970237,LOW PRIORITY,At Risk,2026-06-13 17:00:59
4643,51,27803.0,3,Married,1,1,176.0,9.0,19.55555555555556,40,8,0.0,5039,0.3333333333333333,0.2222222222222222,13901.5,0,0,0.23065798,LOW PRIORITY,New,2026-06-13 17:00:59
4646,73,78497.0,2,Married,0,0,978.0,25.0,39.12,44,2,0.2,4577,0.2,0.04,78497.0,0,0,0.03778449,LOW PRIORITY,VIP,2026-06-13 17:00:59
4653,46,42011.0,3,Married,1,1,189.0,12.0,15.75,46,8,0.0,4827,0.25,0.3333333333333333,21005.5,0,0,0.067107745,LOW PRIORITY,New,2026-06-13 17:00:59
4654,32,75114.0,3,Married,0,0,1253.0,19.0,65.94736842105263,40,2,0.0,4601,0.1578947368421052,0.0526315789473684,75114.0,0,0,0.0034267644,LOW PRIORITY,VIP,2026-06-13 17:00:59
4656,34,51250.0,2,Single,1,1,710.0,24.0,29.58333333333333,28,9,0.2,4823,0.4166666666666667,0.2083333333333333,25625.0,0,0,0.03175281,LOW PRIORITY,VIP,2026-06-13 17:00:59
4669,43,24480.0,1,Married,1,1,102.0,10.0,10.2,46,7,0.0,4870,0.3,0.3,12240.0,0,0,0.06667288,LOW PRIORITY,New,2026-06-13 17:00:59
4673,61,81300.0,5,Married,1,1,1241.0,21.0,59.095238095238095,17,5,0.2,4974,0.4761904761904761,0.1428571428571428,40650.0,0,1,0.9177828,HIGH PRIORITY,VIP,2026-06-13 17:00:59
4676,73,73705.0,4,Widow,2,1,1695.0,25.0,67.8,86,5,0.0,4483,0.36,0.08,24568.33333333333,0,0,0.0039184047,LOW PRIORITY,At Risk,2026-06-13 17:00:59
4679,47,78710.0,4,Married,1,1,1092.0,28.0,39.0,42,4,0.0,4404,0.25,0.1071428571428571,39355.0,0,0,0.0028975715,LOW PRIORITY,VIP,2026-06-13 17:00:59
4682,66,51876.0,3,Married,0,0,310.0,13.0,23.846153846153847,88,1,0.0,4624,0.1538461538461538,0.0769230769230769,51876.0,0,0,0.0012508973,LOW PRIORITY,Loyal,2026-06-13 17:00:59
4686,62,82571.0,5,Widow,0,0,1686.0,24.0,70.25,28,2,0.2,4455,0.25,0.0,82571.0,0,0,0.17493,LOW PRIORITY,VIP,2026-06-13 17:00:59
4687,66,80739.0,4,Married,0,0,1633.0,24.0,68.04166666666667,92,1,0.0,4769,0.125,0.0416666666666666,80739.0,0,0,0.009140041,LOW PRIORITY,At Risk,2026-06-13 17:00:59
4690,71,50725.0,3,Married,1,1,586.0,21.0,27.904761904761905,45,8,0.0,4868,0.3809523809523809,0.1904761904761904,25362.5,0,0,0.03344222,LOW PRIORITY,VIP,2026-06-13 17:00:59
4692,48,7500.0,3,Married,1,1,71.0,12.0,5.916666666666667,19,9,0.2,5064,0.3333333333333333,0.4166666666666667,3750.0,0,1,0.96076053,HIGH PRIORITY,New,2026-06-13 17:00:59
4697,75,35416.0,4,Divorced,0,0,390.0,16.0,24.375,62,8,0.0,4748,0.4375,0.1875,35416.0,0,0,0.069193855,LOW PRIORITY,Loyal,2026-06-13 17:00:59
4698,41,50150.0,5,Married,0,0,410.0,16.0,25.625,32,5,0.0,4741,0.3125,0.125,50150.0,0,0,0.034443017,LOW PRIORITY,New,2026-06-13 17:00:59
4702,60,61839.0,3,Single,0,0,1895.0,17.0,111.47058823529412,20,8,0.0,5053,0.2352941176470588,0.0588235294117647,61839.0,0,0,0.88323647,HIGH PRIORITY,VIP,2026-06-13 17:00:59
4706,58,34704.0,3,Single,1,1,40.0,5.0,8.0,65,5,0.0,4795,0.2,0.2,17352.0,0,0,0.034270473,LOW PRIORITY,Loyal,2026-06-13 17:00:59
4712,33,20193.0,2,Married,0,0,82.0,7.0,11.714285714285714,18,4,0.0,4945,0.1428571428571428,0.1428571428571428,20193.0,0,0,0.0032422906,LOW PRIORITY,New,2026-06-13 17:00:59
4713,45,31605.0,5,Married,1,1,125.0,9.0,13.88888888888889,15,7,0.0,4951,0.2222222222222222,0.2222222222222222,15802.5,0,0,0.20807144,LOW PRIORITY,New,2026-06-13 17:00:59
4725,74,50616.0,5,Married,1,1,67.0,7.0,9.571428571428571,71,2,0.0,4444,0.1428571428571428,0.1428571428571428,25308.0,0,0,0.0010772778,LOW PRIORITY,Loyal,2026-06-13 17:00:59
4741,50,65463.0,2,Married,1,1,562.0,19.0,29.57894736842105,17,5,0.2,4517,0.3157894736842105,0.1052631578947368,32731.5,0,0,0.05334157,LOW PRIORITY,VIP,2026-06-13 17:00:59
4743,55,56242.0,5,Married,1,1,971.0,28.0,34.67857142857143,72,6,0.0,4850,0.2857142857142857,0.1785714285714285,28121.0,0,0,0.048049897,LOW PRIORITY,At Risk,2026-06-13 17:00:59
4749,56,58554.0,3,Married,2,1,586.0,22.0,26.63636363636364,55,7,0.0,5008,0.3636363636363636,0.2727272727272727,19518.0,0,0,0.26853904,LOW PRIORITY,At Risk,2026-06-13 17:00:59
4754,58,33585.0,4,Married,1,1,122.0,7.0,17.428571428571427,91,4,0.0,4644,0.2857142857142857,0.1428571428571428,16792.5,0,0,0.0011112235,LOW PRIORITY,Loyal,2026-06-13 17:00:59
4756,72,63998.0,2,Divorced,0,0,1168.0,25.0,46.72,42,4,0.0,4558,0.28,0.04,63998.0,0,1,0.547774,MEDIUM PRIORITY,VIP,2026-06-13 17:00:59
4764,72,40442.0,4,Married,2,1,169.0,12.0,14.083333333333334,52,7,0.0,5046,0.25,0.3333333333333333,13480.666666666666,0,1,0.61233556,HIGH PRIORITY,Loyal,2026-06-13 17:00:59
4767,59,70924.0,2,Married,0,0,1363.0,20.0,68.15,41,3,0.2,4450,0.3,0.05,70924.0,0,0,0.032292295,LOW PRIORITY,VIP,2026-06-13 17:00:59
4769,47,57954.0,4,Married,2,1,493.0,23.0,21.43478260869565,52,7,0.2,4378,0.3478260869565217,0.3043478260869565,19318.0,0,0,0.023401232,LOW PRIORITY,At Risk,2026-06-13 17:00:59
4785,54,77622.0,5,Married,2,1,714.0,22.0,32.45454545454545,3,3,0.0,4443,0.2727272727272727,0.0909090909090909,25874.0,0,0,0.0115237385,LOW PRIORITY,VIP,2026-06-13 17:00:59
4786,47,75330.0,3,Married,2,1,1109.0,29.0,38.241379310344826,94,6,0.0,5000,0.3448275862068966,0.1379310344827586,25110.0,0,0,0.020924514,LOW PRIORITY,At Risk,2026-06-13 17:00:59
4789,71,80812.0,3,Married,0,0,1677.0,18.0,93.16666666666669,95,2,0.6,4652,0.2222222222222222,0.0555555555555555,80812.0,0,0,0.13820085,LOW PRIORITY,At Risk,2026-06-13 17:00:59
4790,66,79803.0,3,Divorced,1,1,868.0,13.0,66.76923076923077,54,1,0.0,4394,0.3076923076923077,0.0769230769230769,39901.5,0,0,0.0026078396,LOW PRIORITY,At Risk,2026-06-13 17:00:59
4791,44,44964.0,3,Married,2,1,41.0,5.0,8.2,35,8,0.0,4927,0.2,0.2,14988.0,0,0,0.021458026,LOW PRIORITY,New,2026-06-13 17:00:59
4796,72,49638.0,3,Divorced,1,1,39.0,5.0,7.8,71,2,0.0,4438,0.2,0.2,24819.0,0,0,0.00078264595,LOW PRIORITY,Loyal,2026-06-13 17:00:59
4808,68,15759.0,3,Married,0,0,17.0,4.0,4.25,12,7,0.0,4664,0.25,0.25,15759.0,0,0,0.054927427,LOW PRIORITY,New,2026-06-13 17:00:59
4817,68,22304.0,3,Divorced,0,0,18.0,4.0,4.5,91,8,0.0,5061,0.25,0.25,22304.0,0,0,0.034054805,LOW PRIORITY,Loyal,2026-06-13 17:00:59
4827,68,54998.0,5,Single,1,1,455.0,20.0,22.75,3,4,0.0,4843,0.2,0.25,27499.0,0,1,0.22739391,LOW PRIORITY,VIP,2026-06-13 17:00:59
4828,70,79865.0,3,Divorced,1,1,792.0,21.0,37.71428571428572,12,1,0.0,4378,0.238095238095238,0.0476190476190476,39932.5,0,0,0.01970223,LOW PRIORITY,VIP,2026-06-13 17:00:59
4832,45,27244.0,3,Married,1,1,101.0,8.0,12.625,84,7,0.0,4481,0.25,0.25,13622.0,0,0,0.002211014,LOW PRIORITY,Loyal,2026-06-13 17:00:59
4837,59,71322.0,5,Married,1,1,1305.0,28.0,46.60714285714285,57,4,0.0,4865,0.2857142857142857,0.0714285714285714,35661.0,0,0,0.0680996,LOW PRIORITY,At Risk,2026-06-13 17:00:59
4838,46,22775.0,3,Married,1,1,15.0,4.0,3.75,40,8,0.0,4742,0.25,0.25,11387.5,0,0,0.01299862,LOW PRIORITY,New,2026-06-13 17:00:59
4843,72,75127.0,3,Single,0,0,833.0,19.0,43.8421052631579,92,1,0.0,4405,0.1052631578947368,0.0526315789473684,75127.0,0,0,0.0026934363,LOW PRIORITY,At Risk,2026-06-13 17:00:59
4855,50,30351.0,5,Married,1,1,46.0,6.0,7.666666666666667,19,9,0.0,4755,0.5,0.1666666666666666,15175.5,0,1,0.1456639,LOW PRIORITY,New,2026-06-13 17:00:59
4856,67,82347.0,2,Married,0,0,1853.0,25.0,74.12,38,3,0.4,4967,0.28,0.04,82347.0,0,0,0.961103,HIGH PRIORITY,VIP,2026-06-13 17:00:59
4860,54,24206.0,3,Single,1,1,25.0,5.0,5.0,66,6,0.0,4845,0.2,0.2,12103.0,0,0,0.006430238,LOW PRIORITY,Loyal,2026-06-13 17:00:59
4864,47,34380.0,3,Married,1,1,175.0,12.0,14.583333333333334,68,8,0.0,4790,0.3333333333333333,0.3333333333333333,17190.0,0,0,0.05586048,LOW PRIORITY,Loyal,2026-06-13 17:00:59
4865,50,53367.0,4,Divorced,2,1,400.0,21.0,19.047619047619047,2,7,0.0,4669,0.238095238095238,0.3333333333333333,17789.0,0,1,0.8236306,HIGH PRIORITY,VIP,2026-06-13 17:00:59
4867,56,38236.0,5,Single,2,1,88.0,11.0,8.0,2,7,0.0,4649,0.2727272727272727,0.3636363636363636,12745.333333333334,0,0,0.369687,MEDIUM PRIORITY,New,2026-06-13 17:00:59
4877,51,38576.0,4,Married,1,1,41.0,5.0,8.2,2,7,0.0,4484,0.2,0.2,19288.0,0,0,0.1729247,LOW PRIORITY,New,2026-06-13 17:00:59
4887,48,55412.0,5,Divorced,2,1,63.0,6.0,10.5,65,5,0.0,4586,0.3333333333333333,0.1666666666666666,18470.666666666668,0,0,0.008138808,LOW PRIORITY,Loyal,2026-06-13 17:00:59
4910,57,68743.0,3,Divorced,0,0,2074.0,30.0,69.13333333333334,81,7,0.0,5035,0.3666666666666666,0.0333333333333333,68743.0,0,0,0.33738828,MEDIUM PRIORITY,At Risk,2026-06-13 17:00:59
4915,68,53230.0,2,Married,1,1,732.0,23.0,31.82608695652174,86,5,0.0,5062,0.217391304347826,0.1739130434782608,26615.0,0,0,0.018136954,LOW PRIORITY,At Risk,2026-06-13 17:00:59
4927,53,16626.0,3,Married,2,1,68.0,9.0,7.555555555555555,76,9,0.0,4532,0.3333333333333333,0.3333333333333333,5542.0,0,0,0.01571271,LOW PRIORITY,Loyal,2026-06-13 17:00:59
4931,47,157146.0,3,Married,0,0,1730.0,28.0,61.785714285714285,13,1,0.0,4793,0.0,0.0,157146.0,0,0,0.025631534,LOW PRIORITY,VIP,2026-06-13 17:00:59
4937,51,46094.0,2,Married,2,1,44.0,5.0,8.8,62,7,0.0,4386,0.2,0.2,15364.666666666666,0,0,0.0007277621,LOW PRIORITY,Loyal,2026-06-13 17:00:59
4939,78,37760.0,3,Married,0,0,317.0,13.0,24.384615384615383,20,7,0.0,5034,0.3076923076923077,0.1538461538461538,37760.0,0,0,0.1843217,LOW PRIORITY,New,2026-06-13 17:00:59
4943,71,70503.0,3,Married,0,0,1727.0,16.0,107.9375,73,6,0.4,5004,0.125,0.0625,70503.0,0,0,0.15960705,LOW PRIORITY,At Risk,2026-06-13 17:00:59
4944,65,71367.0,3,Married,0,0,777.0,17.0,45.70588235294117,24,2,0.0,4677,0.2352941176470588,0.0588235294117647,71367.0,0,0,0.021315869,LOW PRIORITY,VIP,2026-06-13 17:00:59
4945,71,53653.0,3,Widow,0,0,1210.0,28.0,43.21428571428572,29,6,0.0,4966,0.3571428571428571,0.0714285714285714,53653.0,0,0,0.68899244,HIGH PRIORITY,VIP,2026-06-13 17:00:59
4947,58,89572.0,2,Single,0,0,2059.0,24.0,85.79166666666667,44,4,0.4,5019,0.2916666666666667,0.0416666666666666,89572.0,0,1,0.99479693,HIGH PRIORITY,VIP,2026-06-13 17:00:59
4954,68,48195.0,3,Married,2,1,265.0,17.0,15.588235294117649,53,6,0.0,4526,0.2352941176470588,0.3529411764705882,16065.0,0,0,0.01628053,LOW PRIORITY,Loyal,2026-06-13 17:00:59
4961,50,21255.0,4,Married,1,1,61.0,11.0,5.545454545454546,56,4,0.0,4526,0.1818181818181818,0.3636363636363636,10627.5,0,0,0.017862728,LOW PRIORITY,Loyal,2026-06-13 17:00:59
4964,66,74250.0,5,Married,0,0,1158.0,18.0,64.33333333333333,90,1,0.0,4521,0.1111111111111111,0.0555555555555555,74250.0,0,0,0.004604571,LOW PRIORITY,At Risk,2026-06-13 17:00:59
4967,64,38201.0,5,Married,1,1,268.0,15.0,17.866666666666667,19,8,0.0,4824,0.3333333333333333,0.2666666666666666,19100.5,0,0,0.13528931,LOW PRIORITY,New,2026-06-13 17:00:59
4971,62,31497.0,5,Married,1,1,155.0,10.0,15.5,22,8,0.0,4937,0.3,0.2,15748.5,0,0,0.23746368,LOW PRIORITY,New,2026-06-13 17:00:59
4973,54,20587.0,3,Single,1,1,25.0,5.0,5.0,39,7,0.0,4416,0.2,0.2,10293.5,0,0,0.0023770933,LOW PRIORITY,New,2026-06-13 17:00:59
4974,54,83273.0,3,Single,3,1,1392.0,29.0,48.0,98,7,0.0,5009,0.1379310344827586,0.3448275862068966,20818.25,0,0,0.07050658,LOW PRIORITY,At Risk,2026-06-13 17:00:59
4988,76,34469.0,5,Married,2,1,62.0,9.0,6.888888888888889,58,4,0.0,4423,0.1111111111111111,0.3333333333333333,11489.666666666666,0,0,0.0012943797,LOW PRIORITY,Loyal,2026-06-13 17:00:59
4990,70,59111.0,3,Married,0,0,869.0,21.0,41.38095238095238,90,7,0.0,4790,0.5238095238095238,0.0476190476190476,59111.0,0,0,0.016144788,LOW PRIORITY,At Risk,2026-06-13 17:00:59
4992,49,17459.0,4,Married,1,1,69.0,9.0,7.666666666666667,12,7,0.0,4650,0.3333333333333333,0.3333333333333333,8729.5,0,1,0.8484011,HIGH PRIORITY,New,2026-06-13 17:00:59
4994,81,77598.0,4,Single,0,0,1735.0,26.0,66.73076923076923,53,3,0.2,4638,0.2692307692307692,0.0384615384615384,77598.0,0,0,0.44907653,MEDIUM PRIORITY,At Risk,2026-06-13 17:00:59
4998,62,76081.0,3,Married,0,0,1033.0,14.0,73.78571428571429,85,2,0.2,4404,0.2857142857142857,0.0714285714285714,76081.0,0,0,0.0028561917,LOW PRIORITY,At Risk,2026-06-13 17:00:59
5010,36,25008.0,3,Single,1,1,34.0,6.0,5.666666666666667,72,8,0.0,4514,0.1666666666666666,0.3333333333333333,12504.0,0,0,0.0053305593,LOW PRIORITY,Loyal,2026-06-13 17:00:59
5011,61,68118.0,3,Divorced,1,1,928.0,23.0,40.34782608695652,51,6,0.0,4621,0.3478260869565217,0.0869565217391304,34059.0,0,0,0.0046561686,LOW PRIORITY,At Risk,2026-06-13 17:00:59
5012,35,28691.0,3,Married,1,1,34.0,5.0,6.8,56,8,0.0,4727,0.2,0.2,14345.5,0,0,0.0025300258,LOW PRIORITY,Loyal,2026-06-13 17:00:59
5015,48,34529.0,4,Married,1,1,162.0,9.0,18.0,94,7,0.0,5020,0.2222222222222222,0.2222222222222222,17264.5,0,0,0.06962783,LOW PRIORITY,Loyal,2026-06-13 17:00:59
5025,45,48526.0,3,Single,1,1,135.0,8.0,16.875,32,3,0.0,4554,0.25,0.125,24263.0,0,0,0.0042029484,LOW PRIORITY,New,2026-06-13 17:00:59
5029,78,18100.0,3,Married,0,0,14.0,4.0,3.5,14,5,0.0,4694,0.0,0.25,18100.0,0,0,0.010359555,LOW PRIORITY,New,2026-06-13 17:00:59
5031,50,83145.0,3,Married,0,0,1833.0,26.0,70.5,14,2,0.2,5012,0.1923076923076923,0.0384615384615384,83145.0,0,1,0.59840596,MEDIUM PRIORITY,VIP,2026-06-13 17:00:59
5036,40,42710.0,5,Single,1,1,406.0,14.0,29.0,38,6,0.0,4945,0.2857142857142857,0.1428571428571428,21355.0,0,0,0.3194816,MEDIUM PRIORITY,New,2026-06-13 17:00:59
5043,73,26997.0,1,Married,0,0,434.0,13.0,33.38461538461539,89,7,0.0,4968,0.3076923076923077,0.1538461538461538,26997.0,0,0,0.059375066,LOW PRIORITY,Loyal,2026-06-13 17:00:59
5046,66,78331.0,3,Divorced,1,1,1638.0,25.0,65.52,97,4,0.0,4524,0.4,0.08,39165.5,0,0,0.0074877464,LOW PRIORITY,At Risk,2026-06-13 17:00:59
5048,53,42767.0,5,Single,2,1,131.0,7.0,18.714285714285715,53,8,0.0,4781,0.4285714285714285,0.1428571428571428,14255.666666666666,0,0,0.086637236,LOW PRIORITY,Loyal,2026-06-13 17:00:59
5049,50,30351.0,5,Married,1,1,46.0,6.0,7.666666666666667,19,9,0.0,4755,0.5,0.1666666666666666,15175.5,0,0,0.1456639,LOW PRIORITY,New,2026-06-13 17:00:59
5057,63,61794.0,4,Married,1,1,611.0,20.0,30.55,74,2,0.0,4655,0.2,0.1,30897.0,0,0,0.0011798926,LOW PRIORITY,At Risk,2026-06-13 17:00:59
5062,61,54072.0,5,Married,2,1,39.0,5.0,7.8,71,8,0.0,4704,0.4,0.2,18024.0,0,0,0.011120004,LOW PRIORITY,Loyal,2026-06-13 17:00:59
5063,47,28769.0,3,Single,1,1,191.0,12.0,15.916666666666666,76,9,0.0,4925,0.3333333333333333,0.25,14384.5,0,0,0.06208515,LOW PRIORITY,Loyal,2026-06-13 17:00:59
5067,30,80134.0,3,Married,0,0,1378.0,21.0,65.61904761904762,11,5,0.8,4502,0.0952380952380952,0.0476190476190476,80134.0,0,0,0.27927348,LOW PRIORITY,VIP,2026-06-13 17:00:59
5068,53,22804.0,3,Single,1,1,26.0,5.0,5.2,75,9,0.0,4700,0.4,0.2,11402.0,0,0,0.0033615222,LOW PRIORITY,Loyal,2026-06-13 17:00:59
5074,38,28072.0,4,Married,1,1,47.0,5.0,9.4,10,7,0.0,4723,0.2,0.2,14036.0,0,0,0.16699064,LOW PRIORITY,New,2026-06-13 17:00:59
5077,45,77298.0,3,Married,1,1,969.0,24.0,40.375,46,3,0.0,4606,0.25,0.0416666666666666,38649.0,0,0,0.0008862455,LOW PRIORITY,VIP,2026-06-13 17:00:59
5079,53,51381.5,3,Married,2,1,97.0,10.0,9.7,82,8,0.0,4850,0.2,0.4,17127.166666666668,0,0,0.0060925246,LOW PRIORITY,Loyal,2026-06-13 17:00:59
5080,31,70515.0,3,Single,0,0,1258.0,17.0,74.0,12,2,0.0,4618,0.3529411764705882,0.0588235294117647,70515.0,0,1,0.49419785,MEDIUM PRIORITY,VIP,2026-06-13 17:00:59
5081,57,47821.0,2,Married,2,1,47.0,5.0,9.4,54,8,0.0,4619,0.2,0.2,15940.333333333334,0,0,0.0018821142,LOW PRIORITY,Loyal,2026-06-13 17:00:59
5084,49,58330.0,3,Widow,1,1,1064.0,24.0,44.333333333333336,87,4,0.0,4553,0.25,0.0416666666666666,29165.0,0,0,0.0007109786,LOW PRIORITY,At Risk,2026-06-13 17:00:59
5092,75,51569.0,5,Widow,1,1,467.0,19.0,24.57894736842105,39,8,0.2,4869,0.3684210526315789,0.2105263157894736,25784.5,0,1,0.7151012,HIGH PRIORITY,VIP,2026-06-13 17:00:59
5093,50,25509.0,5,Divorced,1,1,101.0,9.0,11.22222222222222,15,9,0.0,5016,0.3333333333333333,0.3333333333333333,12754.5,0,1,0.96485937,HIGH PRIORITY,New,2026-06-13 17:00:59
5107,51,35860.0,5,Divorced,2,1,49.0,6.0,8.166666666666666,37,5,0.2,4408,0.1666666666666666,0.3333333333333333,11953.333333333334,0,0,0.5028283,MEDIUM PRIORITY,New,2026-06-13 17:00:59
5113,53,86979.0,5,Divorced,0,0,1702.0,16.0,106.375,67,2,0.2,4601,0.3125,0.0625,86979.0,0,1,0.8966222,HIGH PRIORITY,At Risk,2026-06-13 17:00:59
5114,59,74806.0,4,Married,1,1,965.0,16.0,60.3125,1,4,0.0,4924,0.3125,0.125,37403.0,0,0,0.14212412,LOW PRIORITY,VIP,2026-06-13 17:00:59
5117,61,32632.0,2,Married,0,0,576.0,18.0,32.0,32,5,0.0,5063,0.2222222222222222,0.1111111111111111,32632.0,0,0,0.05871026,LOW PRIORITY,VIP,2026-06-13 17:00:59
5120,42,66664.0,2,Married,0,0,1289.0,19.0,67.84210526315789,78,3,0.0,5009,0.2631578947368421,0.0526315789473684,66664.0,0,0,0.021084609,LOW PRIORITY,At Risk,2026-06-13 17:00:59
5121,47,56628.0,3,Single,1,1,761.0,20.0,38.05,30,5,0.2,4467,0.35,0.1,28314.0,0,0,0.043472614,LOW PRIORITY,VIP,2026-06-13 17:00:59
5123,73,27450.0,4,Married,0,0,143.0,7.0,20.428571428571427,57,7,0.0,4807,0.2857142857142857,0.1428571428571428,27450.0,0,0,0.038920518,LOW PRIORITY,Loyal,2026-06-13 17:00:59
5125,64,79530.0,3,Married,0,0,1348.0,26.0,51.84615384615385,64,2,0.0,4775,0.1538461538461538,0.0384615384615384,79530.0,0,0,0.017554032,LOW PRIORITY,At Risk,2026-06-13 17:00:59
5136,51,65333.0,3,Single,1,1,798.0,28.0,28.5,58,6,0.4,4530,0.3214285714285714,0.25,32666.5,0,0,0.08187226,LOW PRIORITY,At Risk,2026-06-13 17:00:59
5138,74,28320.0,3,Married,1,1,43.0,5.0,8.6,68,8,0.0,4898,0.2,0.2,14160.0,0,0,0.011602063,LOW PRIORITY,Loyal,2026-06-13 17:00:59
5140,39,64355.0,5,Married,1,1,1445.0,21.0,68.80952380952381,66,8,0.0,5041,0.1904761904761904,0.0952380952380952,32177.5,0,0,0.024535872,LOW PRIORITY,At Risk,2026-06-13 17:00:59
5147,76,90842.0,3,Single,0,0,1424.0,27.0,52.74074074074074,57,1,0.0,4702,0.1481481481481481,0.037037037037037,90842.0,0,0,0.5983044,MEDIUM PRIORITY,At Risk,2026-06-13 17:00:59
5150,45,20194.0,1,Single,1,1,47.0,7.0,6.714285714285714,64,6,0.0,4926,0.2857142857142857,0.2857142857142857,10097.0,0,0,0.06388276,LOW PRIORITY,Loyal,2026-06-13 17:00:59
5153,57,77766.0,5,Married,1,1,1529.0,34.0,44.97058823529412,97,6,0.2,4859,0.3235294117647059,0.0588235294117647,38883.0,0,1,0.84883314,HIGH PRIORITY,At Risk,2026-06-13 17:00:59
5154,52,37760.0,4,Divorced,1,1,54.0,6.0,9.0,54,6,0.0,4689,0.3333333333333333,0.1666666666666666,18880.0,0,0,0.045217283,LOW PRIORITY,Loyal,2026-06-13 17:00:59
5156,54,62466.0,2,Married,1,1,889.0,26.0,34.19230769230769,13,4,0.0,4532,0.2307692307692307,0.1923076923076923,31233.0,0,0,0.008028006,LOW PRIORITY,VIP,2026-06-13 17:00:59
5172,48,65104.0,4,Married,1,1,1053.0,17.0,61.94117647058823,4,7,0.0,4594,0.1764705882352941,0.1176470588235294,32552.0,0,0,0.25637037,LOW PRIORITY,VIP,2026-06-13 17:00:59
5176,36,29604.0,3,Married,1,1,53.0,5.0,10.6,88,9,0.2,4570,0.2,0.2,14802.0,0,0,0.0017916083,LOW PRIORITY,Loyal,2026-06-13 17:00:59
5177,50,58494.0,4,Married,1,1,396.0,16.0,24.75,56,6,0.0,4566,0.375,0.125,29247.0,0,0,0.0045755645,LOW PRIORITY,Loyal,2026-06-13 17:00:59
5180,56,50616.0,5,Divorced,1,1,149.0,10.0,14.9,56,7,0.0,4439,0.4,0.2,25308.0,0,0,0.0065115825,LOW PRIORITY,Loyal,2026-06-13 17:00:59
5181,42,24367.0,1,Single,1,1,24.0,4.0,6.0,58,9,0.0,4833,0.25,0.25,12183.5,0,0,0.012752534,LOW PRIORITY,Loyal,2026-06-13 17:00:59
5184,29,34824.0,3,Single,0,0,23.0,4.0,5.75,65,6,0.0,4462,0.25,0.25,34824.0,0,0,0.0033933872,LOW PRIORITY,Loyal,2026-06-13 17:00:59
5185,69,74268.0,3,Married,0,0,892.0,13.0,68.61538461538461,83,2,0.0,4867,0.3076923076923077,0.0769230769230769,74268.0,0,0,0.013750828,LOW PRIORITY,At Risk,2026-06-13 17:00:59
5186,69,58482.0,5,Married,1,1,731.0,22.0,33.22727272727273,59,6,0.2,4476,0.3181818181818182,0.0909090909090909,29241.0,0,0,0.012882775,LOW PRIORITY,At Risk,2026-06-13 17:00:59
5204,53,74538.0,3,Married,0,0,1461.0,22.0,66.4090909090909,21,3,0.2,4732,0.3636363636363636,0.0454545454545454,74538.0,0,1,0.81074923,HIGH PRIORITY,VIP,2026-06-13 17:00:59
5207,61,53378.0,5,Married,2,1,793.0,29.0,27.344827586206897,41,8,0.0,5010,0.3103448275862069,0.3448275862068966,17792.666666666668,0,1,0.6007724,HIGH PRIORITY,VIP,2026-06-13 17:00:59
5209,70,50002.0,3,Divorced,1,1,638.0,19.0,33.578947368421055,21,7,0.0,4744,0.4210526315789473,0.1052631578947368,25001.0,0,0,0.02767091,LOW PRIORITY,VIP,2026-06-13 17:00:59
5221,67,52852.0,3,Married,1,1,879.0,26.0,33.80769230769231,93,8,0.2,4942,0.3846153846153846,0.1538461538461538,26426.0,0,0,0.061959993,LOW PRIORITY,At Risk,2026-06-13 17:00:59
5223,58,45903.0,4,Married,1,1,66.0,8.0,8.25,80,4,0.0,4434,0.25,0.25,22951.5,0,0,0.001103034,LOW PRIORITY,Loyal,2026-06-13 17:00:59
5229,55,54132.0,5,Married,1,1,42.0,5.0,8.4,81,7,0.0,4500,0.2,0.2,27066.0,0,0,0.0021929657,LOW PRIORITY,Loyal,2026-06-13 17:00:59
5231,50,45894.0,2,Married,2,1,51.0,5.0,10.2,15,5,0.0,4489,0.2,0.2,15298.0,0,0,0.006602248,LOW PRIORITY,New,2026-06-13 17:00:59
5232,59,69139.0,3,Married,1,1,227.0,11.0,20.63636363636364,23,4,0.0,4520,0.3636363636363636,0.0909090909090909,34569.5,0,0,0.0016708068,LOW PRIORITY,New,2026-06-13 17:00:59
5234,57,30753.0,2,Married,2,1,81.0,7.0,11.571428571428571,85,5,0.0,4720,0.1428571428571428,0.2857142857142857,10251.0,0,0,0.0013184871,LOW PRIORITY,Loyal,2026-06-13 17:00:59
5236,45,77568.0,3,Married,1,1,2194.0,21.0,104.47619047619048,30,5,0.6,5040,0.4761904761904761,0.0476190476190476,38784.0,0,0,0.99225676,HIGH PRIORITY,VIP,2026-06-13 17:00:59
5237,74,48767.0,5,Single,3,1,63.0,9.0,7.0,79,5,0.0,4546,0.2222222222222222,0.3333333333333333,12191.75,0,0,0.0026729514,LOW PRIORITY,Loyal,2026-06-13 17:00:59
5247,69,38725.0,5,Married,2,1,45.0,7.0,6.428571428571429,52,4,0.0,4417,0.1428571428571428,0.2857142857142857,12908.333333333334,0,0,0.0007703431,LOW PRIORITY,Loyal,2026-06-13 17:00:59
5250,81,51381.5,4,Widow,0,0,1564.0,22.0,71.0909090909091,75,1,0.2,4609,0.2272727272727272,0.0454545454545454,51381.5,0,1,0.12233713,LOW PRIORITY,At Risk,2026-06-13 17:00:59
5252,55,23910.0,3,Divorced,1,1,67.0,6.0,11.166666666666666,80,7,0.0,4978,0.3333333333333333,0.1666666666666666,11955.0,0,0,0.11871802,LOW PRIORITY,Loyal,2026-06-13 17:00:59
5253,68,54603.0,4,Married,2,1,227.0,16.0,14.1875,85,7,0.0,4722,0.25,0.375,18201.0,0,0,0.030509511,LOW PRIORITY,Loyal,2026-06-13 17:00:59
5255,38,51381.5,3,Single,1,1,637.0,27.0,23.59259259259259,19,1,0.0,4861,1.0,0.0,25690.75,0,0,0.0036303697,LOW PRIORITY,VIP,2026-06-13 17:00:59
5263,47,31056.0,2,Married,1,1,55.0,5.0,11.0,99,8,0.0,4890,0.2,0.2,15528.0,0,0,0.0050611794,LOW PRIORITY,Loyal,2026-06-13 17:00:59
5267,54,33986.0,3,Divorced,1,1,44.0,5.0,8.8,43,7,0.0,4839,0.2,0.2,16993.0,0,0,0.033166282,LOW PRIORITY,New,2026-06-13 17:00:59
5268,64,29440.0,3,Married,2,1,56.0,7.0,8.0,95,7,0.0,4689,0.1428571428571428,0.2857142857142857,9813.333333333334,0,0,0.001970163,LOW PRIORITY,Loyal,2026-06-13 17:00:59
5272,59,53843.0,4,Married,1,1,562.0,20.0,28.1,64,7,0.0,4734,0.4,0.2,26921.5,0,0,0.010695105,LOW PRIORITY,At Risk,2026-06-13 17:00:59
5278,60,82224.0,3,Married,0,0,902.0,21.0,42.95238095238095,83,3,0.2,4522,0.2857142857142857,0.0476190476190476,82224.0,0,0,0.0037056806,LOW PRIORITY,At Risk,2026-06-13 17:00:59
5283,48,42473.0,5,Single,2,1,144.0,10.0,14.4,72,5,0.0,4499,0.2,0.3,14157.666666666666,0,0,0.017723568,LOW PRIORITY,Loyal,2026-06-13 17:00:59
5286,37,41020.0,4,Single,0,0,217.0,10.0,21.7,68,3,0.0,4611,0.3,0.1,41020.0,0,0,0.0068619903,LOW PRIORITY,Loyal,2026-06-13 17:00:59
5287,51,34961.0,3,Married,1,1,79.0,10.0,7.9,77,7,0.0,4377,0.3,0.3,17480.5,0,0,0.00395336,LOW PRIORITY,Loyal,2026-06-13 17:00:59
5289,49,41658.0,2,Single,2,1,72.0,6.0,12.0,30,4,0.0,4964,0.1666666666666666,0.3333333333333333,13886.0,0,0,0.11008963,LOW PRIORITY,New,2026-06-13 17:00:59
5290,60,41551.0,5,Married,2,1,279.0,16.0,17.4375,51,8,0.0,4686,0.3125,0.3125,13850.333333333334,0,0,0.060069412,LOW PRIORITY,Loyal,2026-06-13 17:00:59
5294,35,18358.0,3,Single,1,1,57.0,10.0,5.7,49,7,0.0,4588,0.3,0.3,9179.0,0,0,0.0024355773,LOW PRIORITY,New,2026-06-13 17:00:59
5299,54,69084.0,5,Married,1,1,1586.0,25.0,63.44,43,8,0.0,4589,0.28,0.08,34542.0,0,0,0.026095781,LOW PRIORITY,VIP,2026-06-13 17:00:59
5300,51,38961.0,4,Married,1,1,70.0,6.0,11.666666666666666,60,7,0.0,4548,0.3333333333333333,0.1666666666666666,19480.5,0,0,0.019332172,LOW PRIORITY,Loyal,2026-06-13 17:00:59
5302,38,78394.0,3,Married,0,0,1428.0,16.0,89.25,13,2,0.0,4866,0.25,0.0625,78394.0,0,1,0.7839043,HIGH PRIORITY,VIP,2026-06-13 17:00:59
5303,50,79632.0,5,Married,0,0,1113.0,20.0,55.65,42,2,0.0,4449,0.3,0.05,79632.0,0,0,0.007466465,LOW PRIORITY,VIP,2026-06-13 17:00:59
5304,50,30899.0,5,Single,1,1,33.0,6.0,5.5,35,6,0.0,4991,0.1666666666666666,0.3333333333333333,15449.5,0,0,0.13751216,LOW PRIORITY,New,2026-06-13 17:00:59
5313,53,38196.0,4,Married,2,1,44.0,9.0,4.888888888888889,20,5,0.0,4439,0.2222222222222222,0.3333333333333333,12732.0,0,0,0.014253479,LOW PRIORITY,New,2026-06-13 17:00:59
5314,73,40689.0,3,Married,1,1,444.0,20.0,22.2,69,8,0.0,4835,0.35,0.35,20344.5,0,0,0.04884494,LOW PRIORITY,At Risk,2026-06-13 17:00:59
5316,48,21024.0,4,Married,0,0,84.0,7.0,12.0,89,7,0.0,4727,0.2857142857142857,0.1428571428571428,21024.0,0,0,0.014464884,LOW PRIORITY,Loyal,2026-06-13 17:00:59
5320,51,44051.0,4,Divorced,2,1,171.0,12.0,14.25,20,6,0.0,4883,0.25,0.3333333333333333,14683.666666666666,0,1,0.7646052,HIGH PRIORITY,New,2026-06-13 17:00:59
5324,43,58293.0,5,Married,1,1,422.0,19.0,22.210526315789476,94,5,0.0,4528,0.2631578947368421,0.2631578947368421,29146.5,0,0,0.0027408781,LOW PRIORITY,At Risk,2026-06-13 17:00:59
5329,75,35946.0,5,Divorced,2,1,11.0,4.0,2.75,24,5,0.0,4642,0.0,0.25,11982.0,0,0,0.0018870654,LOW PRIORITY,New,2026-06-13 17:00:59
5331,47,74985.0,3,Married,0,0,1869.0,17.0,109.94117647058825,8,2,0.0,5023,0.1764705882352941,0.0588235294117647,74985.0,0,0,0.4345703,MEDIUM PRIORITY,VIP,2026-06-13 17:00:59
5332,64,82504.0,2,Married,0,0,1066.0,17.0,62.70588235294117,2,1,0.0,4704,0.1764705882352941,0.0588235294117647,82504.0,0,0,0.15129961,LOW PRIORITY,VIP,2026-06-13 17:00:59
5336,53,157733.0,4,Married,1,1,59.0,2.0,29.5,37,1,0.0,4757,0.5,0.0,78866.5,0,0,0.013909008,LOW PRIORITY,New,2026-06-13 17:00:59
5341,62,81975.0,2,Divorced,1,1,1588.0,14.0,113.42857142857144,2,7,0.2,4907,0.4285714285714285,0.0714285714285714,40987.5,0,0,0.39710218,MEDIUM PRIORITY,VIP,2026-06-13 17:00:59
5342,48,9548.0,1,Divorced,1,1,29.0,6.0,4.833333333333333,31,8,0.0,5057,0.1666666666666666,0.3333333333333333,4774.0,0,0,0.16207102,LOW PRIORITY,New,2026-06-13 17:00:59
5346,51,23559.0,2,Married,1,1,79.0,9.0,8.777777777777779,87,7,0.0,4728,0.3333333333333333,0.3333333333333333,11779.5,0,0,0.018959908,LOW PRIORITY,Loyal,2026-06-13 17:00:59
5350,33,90638.0,4,Single,0,0,2525.0,18.0,140.27777777777777,29,1,0.2,4503,0.1666666666666666,0.0555555555555555,90638.0,0,1,0.68443257,HIGH PRIORITY,VIP,2026-06-13 17:00:59
5370,51,32644.0,5,Married,1,1,413.0,18.0,22.944444444444443,38,8,0.2,4896,0.3888888888888889,0.2222222222222222,16322.0,0,0,0.75354975,HIGH PRIORITY,New,2026-06-13 17:00:59
5371,35,21474.0,3,Single,1,1,91.0,8.0,11.375,0,7,0.2,4449,0.375,0.25,10737.0,0,1,0.8129144,HIGH PRIORITY,New,2026-06-13 17:00:59
5376,45,2447.0,3,Married,1,1,1730.0,43.0,40.23255813953488,42,1,0.0,4906,0.0,0.3488372093023256,1223.5,0,0,0.08832945,LOW PRIORITY,VIP,2026-06-13 17:00:59
5386,71,94384.0,3,Married,0,0,2302.0,18.0,127.88888888888889,62,2,0.6,4849,0.2777777777777778,0.0,94384.0,0,1,0.97109544,HIGH PRIORITY,At Risk,2026-06-13 17:00:59
5389,60,48920.0,3,Married,2,1,347.0,16.0,21.6875,93,7,0.2,4619,0.375,0.1875,16306.666666666666,0,0,0.008401104,LOW PRIORITY,Loyal,2026-06-13 17:00:59
5393,47,23763.0,3,Single,1,1,42.0,5.0,8.4,64,7,0.0,5058,0.2,0.2,11881.5,0,0,0.0375924,LOW PRIORITY,Loyal,2026-06-13 17:00:59
5394,45,16014.0,1,Single,2,1,38.0,10.0,3.8,42,3,0.0,4836,0.1,0.4,5338.0,0,0,0.012392711,LOW PRIORITY,New,2026-06-13 17:00:59
5396,36,68487.0,3,Married,0,0,1366.0,30.0,45.53333333333333,48,4,0.0,4899,0.3,0.0333333333333333,68487.0,0,0,0.023399908,LOW PRIORITY,VIP,2026-06-13 17:00:59
5407,70,53103.0,3,Married,1,1,1085.0,28.0,38.75,70,7,0.2,4657,0.3571428571428571,0.1785714285714285,26551.5,0,0,0.015242171,LOW PRIORITY,At Risk,2026-06-13 17:00:59
5423,41,28359.0,3,Married,1,1,16.0,4.0,4.0,35,7,0.0,4612,0.25,0.25,14179.5,0,0,0.008050338,LOW PRIORITY,New,2026-06-13 17:00:59
5424,41,39922.0,3,Married,1,1,156.0,9.0,17.333333333333332,30,8,0.0,4867,0.3333333333333333,0.2222222222222222,19961.0,0,0,0.036389925,LOW PRIORITY,New,2026-06-13 17:00:59
5429,76,45579.0,5,Married,1,1,183.0,10.0,18.3,10,6,0.0,4680,0.4,0.1,22789.5,0,0,0.04452357,LOW PRIORITY,New,2026-06-13 17:00:59
5430,68,54450.0,3,Married,2,1,684.0,31.0,22.06451612903226,0,8,0.0,5020,0.2903225806451613,0.3870967741935484,18150.0,0,0,0.29183313,LOW PRIORITY,VIP,2026-06-13 17:00:59
5441,59,54111.0,5,Widow,1,1,388.0,15.0,25.866666666666667,97,5,0.0,4675,0.3333333333333333,0.1333333333333333,27055.5,0,0,0.006864145,LOW PRIORITY,Loyal,2026-06-13 17:00:59
5453,68,90226.0,4,Married,0,0,2352.0,24.0,98.0,26,2,0.2,5008,0.1666666666666666,0.0416666666666666,90226.0,0,0,0.34550816,MEDIUM PRIORITY,VIP,2026-06-13 17:00:59
5454,45,45057.0,4,Married,1,1,50.0,6.0,8.333333333333334,80,5,0.0,4577,0.3333333333333333,0.1666666666666666,22528.5,0,0,0.0034717363,LOW PRIORITY,Loyal,2026-06-13 17:00:59
5455,53,32011.0,5,Married,1,1,122.0,10.0,12.2,89,7,0.0,4678,0.2,0.3,16005.5,0,0,0.008740194,LOW PRIORITY,Loyal,2026-06-13 17:00:59
5462,50,67445.0,3,Married,1,1,1174.0,32.0,36.6875,63,6,0.0,5053,0.28125,0.15625,33722.5,0,0,0.027510732,LOW PRIORITY,At Risk,2026-06-13 17:00:59
5474,54,43020.0,3,Single,1,1,223.0,12.0,18.58333333333333,79,6,0.0,4578,0.3333333333333333,0.25,21510.0,0,0,0.003431498,LOW PRIORITY,Loyal,2026-06-13 17:00:59
5491,73,47352.0,4,Married,1,1,319.0,16.0,19.9375,70,7,0.0,4811,0.375,0.25,23676.0,0,0,0.03374177,LOW PRIORITY,Loyal,2026-06-13 17:00:59
5493,48,39356.0,3,Married,2,1,23.0,4.0,5.75,21,6,0.2,4469,0.25,0.25,13118.666666666666,0,0,0.06493974,LOW PRIORITY,New,2026-06-13 17:00:59
5510,47,43263.0,4,Married,1,1,441.0,16.0,27.5625,2,5,0.0,4952,0.3125,0.1875,21631.5,0,0,0.1785178,LOW PRIORITY,New,2026-06-13 17:00:59
5512,47,55842.0,4,Married,1,1,518.0,17.0,30.47058823529412,19,5,0.0,4404,0.4117647058823529,0.0588235294117647,27921.0,0,0,0.0030213546,LOW PRIORITY,VIP,2026-06-13 17:00:59
5513,58,37758.0,3,Married,2,1,40.0,6.0,6.666666666666667,49,8,0.0,5000,0.1666666666666666,0.3333333333333333,12586.0,0,0,0.04613177,LOW PRIORITY,New,2026-06-13 17:00:59
5517,55,25293.0,3,Married,1,1,37.0,5.0,7.4,51,8,0.0,4654,0.2,0.2,12646.5,0,0,0.00887554,LOW PRIORITY,Loyal,2026-06-13 17:00:59
5519,68,64090.0,3,Married,1,1,797.0,20.0,39.85,8,5,0.0,4693,0.3,0.05,32045.0,0,1,0.019706536,LOW PRIORITY,VIP,2026-06-13 17:00:59
5524,67,58138.0,3,Single,0,0,1617.0,25.0,64.68,58,7,0.0,5030,0.32,0.12,58138.0,0,1,0.9554287,HIGH PRIORITY,At Risk,2026-06-13 17:00:59
5527,37,22434.0,3,Married,1,1,58.0,7.0,8.285714285714286,25,8,0.0,4868,0.2857142857142857,0.2857142857142857,11217.0,0,0,0.043900143,LOW PRIORITY,New,2026-06-13 17:00:59
5529,78,64014.0,5,Married,3,1,444.0,22.0,20.181818181818183,56,7,0.2,4386,0.3636363636363636,0.3181818181818182,16003.5,0,0,0.05795839,LOW PRIORITY,At Risk,2026-06-13 17:00:59
5534,49,47808.0,4,Married,1,1,224.0,10.0,22.4,30,7,0.2,4619,0.3,0.2,23904.0,0,0,0.077818096,LOW PRIORITY,New,2026-06-13 17:00:59
5536,65,87771.0,3,Married,1,1,1957.0,20.0,97.85,61,6,0.8,4770,0.25,0.05,43885.5,0,1,0.9757474,HIGH PRIORITY,At Risk,2026-06-13 17:00:59
5538,49,83829.0,3,Divorced,0,0,1862.0,17.0,109.52941176470588,78,1,0.6,4631,0.2352941176470588,0.0,83829.0,0,1,0.95485085,HIGH PRIORITY,At Risk,2026-06-13 17:00:59
5543,58,57811.0,3,Married,1,1,802.0,25.0,32.08,49,5,0.2,4737,0.28,0.2,28905.5,0,0,0.059270956,LOW PRIORITY,VIP,2026-06-13 17:00:59
5544,54,67384.0,3,Single,1,1,1490.0,22.0,67.72727272727273,32,5,0.2,4963,0.3181818181818182,0.0909090909090909,33692.0,0,0,0.38425115,MEDIUM PRIORITY,VIP,2026-06-13 17:00:59
5545,52,78075.0,5,Married,0,0,988.0,14.0,70.57142857142857,72,1,0.0,4452,0.2142857142857142,0.0714285714285714,78075.0,0,0,0.004354643,LOW PRIORITY,At Risk,2026-06-13 17:00:59
5547,42,84169.0,5,Married,0,0,1919.0,20.0,95.95,9,3,0.4,4693,0.35,0.05,84169.0,0,1,0.99032974,HIGH PRIORITY,VIP,2026-06-13 17:00:59
5552,61,48721.0,4,Divorced,2,1,293.0,17.0,17.235294117647058,50,6,0.0,4779,0.2352941176470588,0.3529411764705882,16240.333333333334,0,0,0.12704797,LOW PRIORITY,Loyal,2026-06-13 17:00:59
5555,49,153924.0,3,Divorced,0,0,6.0,0.0,0.0,81,0,0.0,4509,0.0,0.0,153924.0,0,0,0.0021928593,LOW PRIORITY,Loyal,2026-06-13 17:00:59
5558,70,90933.0,5,Single,0,0,1685.0,15.0,112.33333333333331,90,1,0.2,4457,0.2666666666666666,0.0666666666666666,90933.0,0,0,0.13877425,LOW PRIORITY,At Risk,2026-06-13 17:00:59
5562,50,60093.0,3,Married,1,1,735.0,21.0,35.0,92,6,0.0,4735,0.3333333333333333,0.0952380952380952,30046.5,0,0,0.0036563931,LOW PRIORITY,At Risk,2026-06-13 17:00:59
5564,55,62882.0,3,Married,1,1,1338.0,20.0,66.9,26,4,0.0,5056,0.35,0.1,31441.0,0,0,0.08683174,LOW PRIORITY,VIP,2026-06-13 17:00:59
5577,41,43776.0,3,Married,1,1,23.0,4.0,5.75,77,6,0.0,4424,0.25,0.25,21888.0,0,0,0.0013586909,LOW PRIORITY,Loyal,2026-06-13 17:00:59
5585,52,21359.0,3,Single,1,1,48.0,7.0,6.857142857142857,1,8,0.0,4802,0.2857142857142857,0.2857142857142857,10679.5,0,1,0.6603801,HIGH PRIORITY,New,2026-06-13 17:00:59
5589,60,51983.0,3,Divorced,1,1,793.0,24.0,33.041666666666664,95,7,0.0,5034,0.375,0.125,25991.5,0,0,0.048717216,LOW PRIORITY,At Risk,2026-06-13 17:00:59
5596,68,58821.0,2,Married,1,1,728.0,21.0,34.666666666666664,44,6,0.0,4627,0.4285714285714285,0.0476190476190476,29410.5,0,0,0.0042328513,LOW PRIORITY,VIP,2026-06-13 17:00:59
5602,35,66973.0,5,Married,0,0,1282.0,28.0,45.785714285714285,98,3,0.0,4775,0.2857142857142857,0.0357142857142857,66973.0,0,0,0.0056067603,LOW PRIORITY,At Risk,2026-06-13 17:00:59
5610,59,33456.0,3,Married,2,1,36.0,6.0,6.0,58,7,0.0,4436,0.1666666666666666,0.3333333333333333,11152.0,0,0,0.006106516,LOW PRIORITY,Loyal,2026-06-13 17:00:59
5621,55,48752.0,3,Married,2,1,316.0,17.0,18.58823529411765,8,9,0.0,4931,0.3529411764705882,0.2941176470588235,16250.666666666666,0,1,0.89474523,HIGH PRIORITY,New,2026-06-13 17:00:59
5623,44,31535.0,4,Married,1,1,51.0,5.0,10.2,95,7,0.2,4643,0.2,0.2,15767.5,0,0,0.010536486,LOW PRIORITY,Loyal,2026-06-13 17:00:59
5626,60,61798.0,5,Single,0,0,463.0,16.0,28.9375,13,4,0.0,4585,0.25,0.0625,61798.0,0,0,0.28529525,LOW PRIORITY,New,2026-06-13 17:00:59
5628,42,61416.0,3,Married,0,0,1665.0,24.0,69.375,25,6,0.2,4873,0.4166666666666667,0.0416666666666666,61416.0,0,0,0.43217614,MEDIUM PRIORITY,VIP,2026-06-13 17:00:59
5631,33,49767.0,3,Single,0,0,692.0,18.0,38.44444444444444,92,4,0.0,4790,0.2777777777777778,0.0555555555555555,49767.0,0,0,0.003150566,LOW PRIORITY,At Risk,2026-06-13 17:00:59
5633,44,50183.0,3,Married,2,1,231.0,17.0,13.588235294117649,47,5,0.0,4371,0.1764705882352941,0.4117647058823529,16727.666666666668,0,0,0.011932662,LOW PRIORITY,New,2026-06-13 17:00:59
5636,61,30983.0,3,Single,0,0,167.0,8.0,20.875,50,8,0.0,4964,0.5,0.125,30983.0,0,1,0.71347225,HIGH PRIORITY,Loyal,2026-06-13 17:00:59
5642,45,62499.0,4,Married,1,1,222.0,12.0,18.5,0,4,0.0,4569,0.25,0.1666666666666666,31249.5,0,0,0.03447625,LOW PRIORITY,New,2026-06-13 17:00:59
5644,67,42213.0,3,Married,1,1,363.0,15.0,24.2,96,7,0.2,4627,0.3333333333333333,0.1333333333333333,21106.5,0,0,0.0017302436,LOW PRIORITY,Loyal,2026-06-13 17:00:59
5654,52,36026.0,3,Married,3,1,61.0,7.0,8.714285714285714,34,6,0.0,4472,0.2857142857142857,0.2857142857142857,9006.5,0,0,0.012243882,LOW PRIORITY,New,2026-06-13 17:00:59
5667,60,60896.0,5,Married,1,1,1701.0,26.0,65.42307692307692,90,6,0.0,4993,0.3461538461538461,0.1153846153846153,30448.0,0,1,0.73222893,HIGH PRIORITY,At Risk,2026-06-13 17:00:59
5675,64,50611.0,5,Divorced,1,1,493.0,22.0,22.40909090909091,98,6,0.2,5000,0.1818181818181818,0.2727272727272727,25305.5,0,0,0.57953864,MEDIUM PRIORITY,At Risk,2026-06-13 17:00:59
5680,40,35684.0,2,Married,1,1,30.0,5.0,6.0,66,6,0.0,4435,0.2,0.2,17842.0,0,0,0.004499091,LOW PRIORITY,Loyal,2026-06-13 17:00:59
5682,71,64108.0,5,Single,1,1,1099.0,30.0,36.63333333333333,8,5,0.0,4830,0.2,0.1333333333333333,32054.0,0,0,0.10493868,LOW PRIORITY,VIP,2026-06-13 17:00:59
5684,53,44635.0,4,Divorced,2,1,68.0,7.0,9.714285714285714,25,7,0.0,4628,0.2857142857142857,0.2857142857142857,14878.333333333334,0,0,0.035796005,LOW PRIORITY,New,2026-06-13 17:00:59
5687,44,81702.0,3,Divorced,0,0,1633.0,27.0,60.48148148148148,98,3,0.0,5011,0.2592592592592592,0.037037037037037,81702.0,0,0,0.12274004,LOW PRIORITY,At Risk,2026-06-13 17:00:59
5692,35,25443.0,1,Married,1,1,32.0,5.0,6.4,82,8,0.0,4921,0.2,0.2,12721.5,0,0,0.00075138366,LOW PRIORITY,Loyal,2026-06-13 17:00:59
5710,54,40548.0,3,Married,1,1,120.0,9.0,13.333333333333334,31,5,0.2,4994,0.2222222222222222,0.2222222222222222,20274.0,0,0,0.16424069,LOW PRIORITY,New,2026-06-13 17:00:59
5718,74,80763.0,3,Married,0,0,1415.0,23.0,61.52173913043478,17,3,0.4,4685,0.217391304347826,0.0434782608695652,80763.0,0,1,0.9098704,HIGH PRIORITY,VIP,2026-06-13 17:00:59
5721,68,84117.0,5,Married,0,0,1566.0,24.0,65.25,60,2,0.2,4416,0.2916666666666667,0.0416666666666666,84117.0,0,0,0.013018259,LOW PRIORITY,At Risk,2026-06-13 17:00:59
5723,48,49187.0,5,Married,1,1,116.0,8.0,14.5,63,2,0.0,4536,0.125,0.125,24593.5,0,0,0.0008356654,LOW PRIORITY,Loyal,2026-06-13 17:00:59
5726,41,31788.0,4,Single,1,1,60.0,10.0,6.0,15,5,0.0,4468,0.3,0.3,15894.0,1,0,0.14021651,LOW PRIORITY,New,2026-06-13 17:00:59
5731,41,27100.0,4,Married,1,1,37.0,5.0,7.4,64,7,0.0,4817,0.2,0.2,13550.0,0,0,0.030256733,LOW PRIORITY,Loyal,2026-06-13 17:00:59
5734,50,61917.0,5,Married,2,1,91.0,7.0,13.0,83,5,0.0,4588,0.2857142857142857,0.1428571428571428,20639.0,0,0,0.0027953933,LOW PRIORITY,Loyal,2026-06-13 17:00:59
5735,33,90638.0,4,Single,0,0,2525.0,18.0,140.27777777777777,29,1,0.2,4503,0.1666666666666666,0.0555555555555555,90638.0,0,0,0.68443257,HIGH PRIORITY,VIP,2026-06-13 17:00:59
5740,54,25959.0,2,Divorced,2,1,56.0,7.0,8.0,1,6,0.0,4867,0.1428571428571428,0.2857142857142857,8653.0,0,1,0.53793985,MEDIUM PRIORITY,New,2026-06-13 17:00:59
5748,59,59754.0,3,Married,1,1,475.0,16.0,29.6875,96,5,0.0,4942,0.3125,0.1875,29877.0,0,1,0.04840477,LOW PRIORITY,Loyal,2026-06-13 17:00:59
5751,51,31163.0,2,Divorced,1,1,38.0,5.0,7.6,54,6,0.0,4503,0.2,0.2,15581.5,0,0,0.003982864,LOW PRIORITY,Loyal,2026-06-13 17:00:59
5756,41,39453.0,3,Married,1,1,55.0,7.0,7.857142857142857,64,6,0.0,4454,0.2857142857142857,0.2857142857142857,19726.5,0,0,0.0052008447,LOW PRIORITY,Loyal,2026-06-13 17:00:59
5758,42,65169.0,3,Married,0,0,1189.0,28.0,42.46428571428572,23,6,0.8,4533,0.3571428571428571,0.0357142857142857,65169.0,0,1,0.9411758,HIGH PRIORITY,VIP,2026-06-13 17:00:59
5763,52,49854.0,4,Married,1,1,380.0,18.0,21.11111111111111,63,6,0.0,4598,0.3333333333333333,0.2777777777777778,24927.0,0,0,0.00798897,LOW PRIORITY,Loyal,2026-06-13 17:00:59
5782,42,58582.0,2,Married,1,1,763.0,22.0,34.68181818181818,15,5,0.2,4641,0.4090909090909091,0.0909090909090909,29291.0,0,0,0.036767516,LOW PRIORITY,VIP,2026-06-13 17:00:59
5788,52,46053.0,3,Married,1,1,209.0,12.0,17.416666666666668,46,5,0.0,4864,0.25,0.25,23026.5,0,0,0.0070324726,LOW PRIORITY,New,2026-06-13 17:00:59
5790,39,31158.0,3,Married,1,1,72.0,7.0,10.285714285714286,62,8,0.0,4885,0.2857142857142857,0.2857142857142857,15579.0,0,0,0.039383505,LOW PRIORITY,Loyal,2026-06-13 17:00:59
5794,50,46374.0,5,Married,1,1,446.0,18.0,24.77777777777778,1,8,0.4,4471,0.3888888888888889,0.1666666666666666,23187.0,0,1,0.7869461,HIGH PRIORITY,VIP,2026-06-13 17:00:59
5796,61,77437.0,3,Married,0,0,1125.0,23.0,48.91304347826087,70,1,0.2,4582,0.1739130434782608,0.0434782608695652,77437.0,0,0,0.017914265,LOW PRIORITY,At Risk,2026-06-13 17:00:59
5798,51,51381.5,4,Married,0,0,985.0,15.0,65.66666666666667,87,1,0.0,4585,0.1333333333333333,0.0666666666666666,51381.5,0,0,0.0031519486,LOW PRIORITY,At Risk,2026-06-13 17:00:59
5802,52,14188.0,1,Married,0,0,75.0,7.0,10.714285714285714,40,6,0.0,4853,0.2857142857142857,0.1428571428571428,14188.0,0,0,0.03168343,LOW PRIORITY,New,2026-06-13 17:00:59
5823,54,32303.0,5,Single,1,1,39.0,7.0,5.571428571428571,63,5,0.0,4480,0.1428571428571428,0.2857142857142857,16151.5,0,0,0.011022591,LOW PRIORITY,Loyal,2026-06-13 17:00:59
5824,52,34578.0,5,Married,3,1,8.0,4.0,2.0,1,6,0.0,4446,0.25,0.25,8644.5,0,0,0.011560226,LOW PRIORITY,New,2026-06-13 17:00:59
5827,66,35246.0,3,Divorced,2,1,62.0,11.0,5.636363636363637,53,5,0.0,4441,0.2727272727272727,0.3636363636363636,11748.666666666666,0,0,0.007445617,LOW PRIORITY,Loyal,2026-06-13 17:00:59
5830,52,86857.0,5,Single,0,0,2114.0,22.0,96.0909090909091,96,2,0.0,5022,0.2272727272727272,0.0454545454545454,86857.0,0,1,0.9581164,HIGH PRIORITY,At Risk,2026-06-13 17:00:59
5831,57,77870.0,3,Married,1,1,1815.0,18.0,100.83333333333331,93,8,0.4,5043,0.2777777777777778,0.1666666666666666,38935.0,0,1,0.7756098,HIGH PRIORITY,At Risk,2026-06-13 17:00:59
5832,64,92556.0,2,Married,0,0,1263.0,21.0,60.142857142857146,32,0,0.0,4437,0.1428571428571428,0.0,92556.0,0,0,0.008449469,LOW PRIORITY,VIP,2026-06-13 17:00:59
5835,48,14849.0,5,Divorced,1,1,65.0,9.0,7.222222222222222,39,8,0.0,4729,0.2222222222222222,0.3333333333333333,7424.5,0,0,0.12586777,LOW PRIORITY,New,2026-06-13 17:00:59
5837,57,51479.0,3,Married,2,1,494.0,22.0,22.454545454545453,67,7,0.0,4915,0.2727272727272727,0.3181818181818182,17159.666666666668,0,0,0.09576273,LOW PRIORITY,At Risk,2026-06-13 17:00:59
5841,58,60894.0,3,Married,1,1,832.0,26.0,32.0,61,7,0.0,4733,0.3846153846153846,0.1923076923076923,30447.0,0,0,0.011670978,LOW PRIORITY,At Risk,2026-06-13 17:00:59
5846,47,40246.0,3,Divorced,1,1,13.0,4.0,3.25,68,6,0.0,4924,0.25,0.25,20123.0,0,0,0.030646697,LOW PRIORITY,Loyal,2026-06-13 17:00:59
5847,55,69901.0,3,Divorced,1,1,882.0,23.0,38.34782608695652,95,5,0.0,4763,0.3043478260869565,0.1304347826086956,34950.5,0,0,0.0041856333,LOW PRIORITY,At Risk,2026-06-13 17:00:59
5848,54,81205.0,3,Married,0,0,2009.0,19.0,105.73684210526316,43,2,0.6,4534,0.2631578947368421,0.0526315789473684,81205.0,0,1,0.97055286,HIGH PRIORITY,VIP,2026-06-13 17:00:59
5863,71,47703.0,3,Married,1,1,655.0,21.0,31.19047619047619,95,5,0.0,4763,0.2857142857142857,0.1904761904761904,23851.5,0,0,0.0045303367,LOW PRIORITY,At Risk,2026-06-13 17:00:59
5866,50,48186.0,3,Married,1,1,219.0,12.0,18.25,39,7,0.0,4468,0.3333333333333333,0.25,24093.0,0,0,0.0047633555,LOW PRIORITY,New,2026-06-13 17:00:59
5868,44,19107.0,3,Married,1,1,46.0,6.0,7.666666666666667,49,7,0.0,4678,0.1666666666666666,0.3333333333333333,9553.5,0,0,0.11159993,LOW PRIORITY,New,2026-06-13 17:00:59
5871,45,24401.0,4,Married,0,0,467.0,16.0,29.1875,98,8,0.0,5034,0.375,0.1875,24401.0,0,0,0.074645184,LOW PRIORITY,Loyal,2026-06-13 17:00:59
5872,73,60689.0,3,Single,1,1,639.0,22.0,29.045454545454547,23,3,0.0,4760,0.1818181818181818,0.1818181818181818,30344.5,0,0,0.027369644,LOW PRIORITY,VIP,2026-06-13 17:00:59
5883,52,77981.0,3,Married,1,1,664.0,21.0,31.61904761904762,78,5,0.0,4766,0.3333333333333333,0.1428571428571428,38990.5,0,0,0.00703221,LOW PRIORITY,At Risk,2026-06-13 17:00:59
5885,51,35688.0,2,Married,3,1,211.0,16.0,13.1875,94,8,0.0,5043,0.25,0.4375,8922.0,0,0,0.020746043,LOW PRIORITY,Loyal,2026-06-13 17:00:59
5892,44,34968.0,3,Married,1,1,221.0,17.0,13.0,11,7,0.0,4812,0.1764705882352941,0.4117647058823529,17484.0,0,0,0.83831877,HIGH PRIORITY,New,2026-06-13 17:00:59
5896,37,73395.0,4,Married,0,0,397.0,15.0,26.466666666666665,94,2,0.0,4470,0.2666666666666666,0.0666666666666666,73395.0,0,0,0.0005546195,LOW PRIORITY,Loyal,2026-06-13 17:00:59
5899,74,5648.0,5,Married,2,1,49.0,2.0,24.5,68,20,0.2,4475,0.5,0.5,1882.6666666666667,0,0,0.118892476,LOW PRIORITY,Loyal,2026-06-13 17:00:59
5907,72,33444.0,4,Married,2,1,18.0,4.0,4.5,24,8,0.0,4970,0.25,0.25,11148.0,0,0,0.08430115,LOW PRIORITY,New,2026-06-13 17:00:59
5909,60,58512.0,3,Married,1,1,1171.0,20.0,58.55,25,8,0.0,4650,0.15,0.25,29256.0,0,0,0.029296985,LOW PRIORITY,VIP,2026-06-13 17:00:59
5922,50,40344.0,5,Married,1,1,218.0,12.0,18.166666666666668,48,7,0.0,4626,0.3333333333333333,0.1666666666666666,20172.0,0,0,0.012243997,LOW PRIORITY,New,2026-06-13 17:00:59
5929,51,37401.0,5,Married,1,1,48.0,7.0,6.857142857142857,14,7,0.0,4421,0.2857142857142857,0.2857142857142857,18700.5,0,0,0.15001997,LOW PRIORITY,New,2026-06-13 17:00:59
5935,68,55284.0,4,Single,1,1,764.0,23.0,33.21739130434783,60,5,0.0,4919,0.3043478260869565,0.1304347826086956,27642.0,0,0,0.2595939,LOW PRIORITY,At Risk,2026-06-13 17:00:59
5939,53,38232.0,3,Married,2,1,122.0,11.0,11.090909090909092,84,5,0.0,4530,0.2727272727272727,0.3636363636363636,12744.0,0,0,0.0033227624,LOW PRIORITY,Loyal,2026-06-13 17:00:59
5948,49,57338.0,3,Single,1,1,237.0,12.0,19.75,96,5,0.0,4428,0.3333333333333333,0.1666666666666666,28669.0,0,0,0.0013769993,LOW PRIORITY,Loyal,2026-06-13 17:00:59
5954,52,42618.0,4,Divorced,1,1,192.0,11.0,17.454545454545453,92,8,0.0,4630,0.4545454545454545,0.1818181818181818,21309.0,0,0,0.008918327,LOW PRIORITY,Loyal,2026-06-13 17:00:59
5955,62,72025.0,3,Married,0,0,1932.0,16.0,120.75,27,3,0.0,4956,0.25,0.0625,72025.0,0,0,0.33267543,MEDIUM PRIORITY,VIP,2026-06-13 17:00:59
5956,76,45072.0,5,Divorced,3,1,284.0,16.0,17.75,74,8,0.0,4623,0.375,0.3125,11268.0,0,0,0.02234195,LOW PRIORITY,Loyal,2026-06-13 17:00:59
5959,56,35893.0,3,Single,2,1,199.0,15.0,13.266666666666667,80,8,0.0,4989,0.2,0.4,11964.333333333334,0,0,0.059083864,LOW PRIORITY,Loyal,2026-06-13 17:00:59
5961,46,42693.0,3,Married,1,1,57.0,5.0,11.4,29,5,0.0,4389,0.2,0.2,21346.5,0,0,0.0024972872,LOW PRIORITY,New,2026-06-13 17:00:59
5966,50,45207.0,5,Married,2,1,215.0,15.0,14.333333333333334,64,6,0.2,4963,0.2,0.3333333333333333,15069.0,0,0,0.26585954,LOW PRIORITY,Loyal,2026-06-13 17:00:59
5967,72,33402.0,3,Married,2,1,70.0,9.0,7.777777777777778,60,8,0.0,4713,0.2222222222222222,0.3333333333333333,11134.0,0,0,0.011784399,LOW PRIORITY,Loyal,2026-06-13 17:00:59
5975,57,40304.0,5,Single,1,1,57.0,6.0,9.5,82,7,0.0,4639,0.3333333333333333,0.1666666666666666,20152.0,0,0,0.002997461,LOW PRIORITY,Loyal,2026-06-13 17:00:59
5985,59,33168.0,4,Single,1,1,122.0,10.0,12.2,0,7,0.0,4991,0.2,0.3,16584.0,0,0,0.42037034,MEDIUM PRIORITY,New,2026-06-13 17:00:59
5987,35,10404.0,2,Married,1,1,43.0,7.0,6.142857142857143,52,5,0.0,4423,0.1428571428571428,0.2857142857142857,5202.0,0,0,0.0006540804,LOW PRIORITY,Loyal,2026-06-13 17:00:59
5989,65,78353.0,2,Divorced,1,1,1576.0,24.0,65.66666666666667,51,8,0.0,4806,0.4166666666666667,0.0416666666666666,39176.5,0,0,0.024024338,LOW PRIORITY,At Risk,2026-06-13 17:00:59
5991,75,48150.0,4,Married,1,1,266.0,13.0,20.46153846153846,24,7,0.0,4753,0.3846153846153846,0.2307692307692307,24075.0,0,0,0.033515897,LOW PRIORITY,New,2026-06-13 17:00:59
5995,62,39552.0,3,Divorced,2,1,384.0,20.0,19.2,54,8,0.0,4925,0.3,0.35,13184.0,0,1,0.7844787,HIGH PRIORITY,At Risk,2026-06-13 17:00:59
6001,45,56775.0,3,Married,1,1,937.0,25.0,37.48,62,5,0.0,4910,0.2,0.08,28387.5,0,0,0.0063551823,LOW PRIORITY,At Risk,2026-06-13 17:00:59
6019,53,37126.0,5,Married,1,1,72.0,6.0,12.0,9,6,0.2,4458,0.1666666666666666,0.1666666666666666,18563.0,0,1,0.5840198,MEDIUM PRIORITY,New,2026-06-13 17:00:59
6024,71,94384.0,3,Married,0,0,2302.0,18.0,127.88888888888889,62,2,0.6,4849,0.2777777777777778,0.0,94384.0,0,1,0.97109544,HIGH PRIORITY,At Risk,2026-06-13 17:00:59
6036,65,89120.0,4,Married,0,0,1924.0,19.0,101.26315789473684,78,1,0.2,4471,0.2631578947368421,0.0526315789473684,89120.0,0,0,0.0155798225,LOW PRIORITY,At Risk,2026-06-13 17:00:59
6049,42,73450.0,4,Married,0,0,1804.0,27.0,66.81481481481481,85,3,0.4,4573,0.2592592592592592,0.037037037037037,73450.0,0,0,0.00822285,LOW PRIORITY,At Risk,2026-06-13 17:00:59
6050,49,57036.0,2,Married,1,1,1513.0,26.0,58.19230769230769,33,9,0.2,4932,0.2307692307692307,0.1538461538461538,28518.0,0,0,0.07019181,LOW PRIORITY,VIP,2026-06-13 17:00:59
6055,45,71626.0,3,Married,0,0,1305.0,19.0,68.6842105263158,94,3,0.2,4972,0.2631578947368421,0.0526315789473684,71626.0,0,0,0.08736689,LOW PRIORITY,At Risk,2026-06-13 17:00:59
6059,71,64504.0,5,Married,3,1,1314.0,25.0,52.56,81,7,0.0,4849,0.44,0.28,16126.0,0,1,0.6745192,HIGH PRIORITY,At Risk,2026-06-13 17:00:59
6071,35,81217.0,3,Single,0,0,1157.0,22.0,52.59090909090909,77,1,0.0,4712,0.1363636363636363,0.0454545454545454,81217.0,0,0,0.008612336,LOW PRIORITY,At Risk,2026-06-13 17:00:59
6072,54,75345.0,4,Single,0,0,2087.0,20.0,104.35,16,3,0.2,4879,0.25,0.05,75345.0,0,1,0.9793586,HIGH PRIORITY,VIP,2026-06-13 17:00:59
6086,69,80395.0,3,Married,0,0,1380.0,24.0,57.5,62,2,0.2,4585,0.25,0.0416666666666666,80395.0,0,0,0.03555545,LOW PRIORITY,At Risk,2026-06-13 17:00:59
6097,65,50664.0,3,Single,2,1,561.0,24.0,23.375,64,9,0.0,4896,0.3333333333333333,0.375,16888.0,0,0,0.15017112,LOW PRIORITY,At Risk,2026-06-13 17:00:59
6103,76,42192.0,3,Married,0,0,100.0,7.0,14.285714285714286,40,4,0.0,4663,0.2857142857142857,0.1428571428571428,42192.0,0,0,0.0075173695,LOW PRIORITY,New,2026-06-13 17:00:59
6116,56,48985.0,2,Married,1,1,75.0,6.0,12.5,13,3,0.0,4726,0.1666666666666666,0.1666666666666666,24492.5,0,0,0.011984089,LOW PRIORITY,New,2026-06-13 17:00:59
6119,61,36736.0,5,Single,2,1,17.0,4.0,4.25,52,6,0.0,4782,0.25,0.25,12245.333333333334,0,0,0.011775218,LOW PRIORITY,Loyal,2026-06-13 17:00:59
6131,44,70829.0,2,Married,2,1,431.0,16.0,26.9375,87,3,0.0,4577,0.25,0.125,23609.666666666668,0,0,0.00037708733,LOW PRIORITY,Loyal,2026-06-13 17:00:59
6141,52,49494.0,4,Single,1,1,385.0,14.0,27.5,46,7,0.0,4797,0.4285714285714285,0.1428571428571428,24747.0,0,0,0.06886869,LOW PRIORITY,New,2026-06-13 17:00:59
6142,81,65073.0,4,Married,0,0,900.0,14.0,64.28571428571429,65,2,0.0,4680,0.3571428571428571,0.0714285714285714,65073.0,1,0,0.0067963535,LOW PRIORITY,At Risk,2026-06-13 17:00:59
6147,53,25818.0,3,Divorced,1,1,28.0,4.0,7.0,51,7,0.0,4986,0.0,0.25,12909.0,0,0,0.017128188,LOW PRIORITY,Loyal,2026-06-13 17:00:59
6168,61,45146.0,3,Divorced,2,1,53.0,6.0,8.833333333333334,28,4,0.0,4716,0.1666666666666666,0.3333333333333333,15048.666666666666,0,0,0.05216193,LOW PRIORITY,New,2026-06-13 17:00:59
6173,45,77298.0,3,Married,1,1,969.0,24.0,40.375,46,3,0.0,4606,0.25,0.0416666666666666,38649.0,0,0,0.0008862455,LOW PRIORITY,VIP,2026-06-13 17:00:59
6177,39,33454.0,5,Married,1,1,169.0,10.0,16.9,32,8,0.0,4784,0.4,0.2,16727.0,0,0,0.057054654,LOW PRIORITY,New,2026-06-13 17:00:59
6181,74,52203.0,2,Married,0,0,939.0,27.0,34.77777777777778,36,6,0.0,5065,0.2962962962962963,0.037037037037037,52203.0,0,0,0.11624123,LOW PRIORITY,VIP,2026-06-13 17:00:59
6182,40,26646.0,3,Married,1,1,53.0,8.0,6.625,26,6,0.0,4506,0.25,0.25,13323.0,0,0,0.009534254,LOW PRIORITY,New,2026-06-13 17:00:59
6183,62,58646.0,4,Married,1,1,140.0,8.0,17.5,3,4,0.0,4751,0.25,0.125,29323.0,0,0,0.045886133,LOW PRIORITY,New,2026-06-13 17:00:59
6184,55,68462.0,5,Married,0,0,1670.0,15.0,111.33333333333331,6,1,0.0,4931,0.2,0.0666666666666666,68462.0,0,0,0.173576,LOW PRIORITY,VIP,2026-06-13 17:00:59
6197,62,27238.0,5,Single,2,1,57.0,9.0,6.333333333333333,39,9,0.0,4802,0.3333333333333333,0.3333333333333333,9079.333333333334,0,0,0.047027227,LOW PRIORITY,New,2026-06-13 17:00:59
6200,73,75903.0,3,Married,1,1,901.0,23.0,39.17391304347826,50,3,0.0,4814,0.2608695652173913,0.0869565217391304,37951.5,0,0,0.009661689,LOW PRIORITY,At Risk,2026-06-13 17:00:59
6201,46,38643.0,3,Single,2,1,49.0,7.0,7.0,45,7,0.0,4579,0.2857142857142857,0.2857142857142857,12881.0,1,0,0.011033278,LOW PRIORITY,New,2026-06-13 17:00:59
6202,64,63381.0,3,Married,1,1,1005.0,26.0,38.65384615384615,78,2,0.0,4999,0.1538461538461538,0.1538461538461538,31690.5,0,0,0.011610252,LOW PRIORITY,At Risk,2026-06-13 17:00:59
6203,77,74485.0,3,Married,0,0,1734.0,26.0,66.6923076923077,58,3,0.0,4676,0.2307692307692307,0.0384615384615384,74485.0,0,0,0.034279857,LOW PRIORITY,At Risk,2026-06-13 17:00:59
6205,57,32557.0,4,Single,1,1,80.0,9.0,8.88888888888889,13,5,0.0,4492,0.2222222222222222,0.3333333333333333,16278.5,0,1,0.59910876,MEDIUM PRIORITY,New,2026-06-13 17:00:59
6211,48,37395.0,5,Married,1,1,39.0,5.0,7.8,47,6,0.0,4425,0.2,0.2,18697.5,0,0,0.0049172277,LOW PRIORITY,New,2026-06-13 17:00:59
6214,42,43815.0,4,Married,1,1,79.0,6.0,13.166666666666666,53,6,0.0,4817,0.3333333333333333,0.1666666666666666,21907.5,0,0,0.041161016,LOW PRIORITY,Loyal,2026-06-13 17:00:59
6215,47,31353.0,3,Married,2,1,31.0,6.0,5.166666666666667,24,8,0.0,4549,0.1666666666666666,0.3333333333333333,10451.0,0,1,0.3924825,MEDIUM PRIORITY,New,2026-06-13 17:00:59
6218,59,59594.0,3,Married,1,1,499.0,17.0,29.352941176470587,74,7,0.2,4984,0.4705882352941176,0.0588235294117647,29797.0,0,0,0.2581258,LOW PRIORITY,Loyal,2026-06-13 17:00:59
6222,57,22574.0,3,Married,3,1,37.0,7.0,5.285714285714286,28,7,0.0,4611,0.2857142857142857,0.2857142857142857,5643.5,0,0,0.008803533,LOW PRIORITY,New,2026-06-13 17:00:59
6230,53,44421.0,3,Divorced,2,1,189.0,14.0,13.5,53,8,0.0,4866,0.3571428571428571,0.3571428571428571,14807.0,0,0,0.09154761,LOW PRIORITY,Loyal,2026-06-13 17:00:59
6233,48,65991.0,3,Married,1,1,971.0,27.0,35.96296296296296,21,7,0.0,5027,0.3333333333333333,0.1111111111111111,32995.5,0,0,0.049723957,LOW PRIORITY,VIP,2026-06-13 17:00:59
6237,58,7144.0,5,Single,2,1,416.0,25.0,16.64,92,0,0.0,4571,0.92,0.0,2381.333333333333,0,0,0.0015227094,LOW PRIORITY,At Risk,2026-06-13 17:00:59
6245,74,59292.0,5,Married,1,1,507.0,18.0,28.166666666666668,71,3,0.0,4748,0.1666666666666666,0.1111111111111111,29646.0,0,0,0.008191616,LOW PRIORITY,At Risk,2026-06-13 17:00:59
6246,71,73892.0,3,Single,0,0,1507.0,23.0,65.52173913043478,40,1,0.0,4595,0.1304347826086956,0.0434782608695652,73892.0,0,1,0.65214676,HIGH PRIORITY,VIP,2026-06-13 17:00:59
6248,77,91712.0,4,Single,0,0,2217.0,27.0,82.11111111111111,47,3,0.2,4622,0.3333333333333333,0.0,91712.0,0,1,0.82533604,HIGH PRIORITY,VIP,2026-06-13 17:00:59
6250,75,54356.0,5,Widow,1,1,775.0,24.0,32.291666666666664,62,8,0.0,4954,0.4583333333333333,0.125,27178.0,0,1,0.8069091,HIGH PRIORITY,At Risk,2026-06-13 17:00:59
6255,72,70545.0,4,Married,1,1,334.0,13.0,25.692307692307693,29,2,0.0,4393,0.3076923076923077,0.0769230769230769,35272.5,0,0,0.0009925526,LOW PRIORITY,New,2026-06-13 17:00:59
6257,48,60482.0,4,Single,1,1,507.0,17.0,29.823529411764707,81,7,0.0,4889,0.4117647058823529,0.0588235294117647,30241.0,0,0,0.06362739,LOW PRIORITY,Loyal,2026-06-13 17:00:59
6260,69,82384.0,4,Married,0,0,1957.0,27.0,72.48148148148148,55,1,0.2,4954,0.1111111111111111,0.037037037037037,82384.0,0,1,0.31312737,MEDIUM PRIORITY,At Risk,2026-06-13 17:00:59
6261,45,58025.0,3,Married,1,1,470.0,18.0,26.11111111111111,81,4,0.0,4582,0.1666666666666666,0.1666666666666666,29012.5,0,0,0.0011277437,LOW PRIORITY,At Risk,2026-06-13 17:00:59
6262,62,72217.0,4,Single,0,0,1573.0,22.0,71.5,93,2,0.0,4812,0.1363636363636363,0.0454545454545454,72217.0,0,0,0.08016164,LOW PRIORITY,At Risk,2026-06-13 17:00:59
6263,56,35322.0,3,Married,3,1,106.0,9.0,11.77777777777778,34,8,0.0,5043,0.2222222222222222,0.3333333333333333,8830.5,0,0,0.086901784,LOW PRIORITY,New,2026-06-13 17:00:59
6271,72,50870.0,5,Married,1,1,63.0,6.0,10.5,13,5,0.0,4377,0.3333333333333333,0.1666666666666666,25435.0,0,0,0.012346551,LOW PRIORITY,New,2026-06-13 17:00:59
6274,76,83790.0,4,Married,0,0,1615.0,25.0,64.6,81,3,0.4,4593,0.32,0.04,83790.0,0,0,0.04179705,LOW PRIORITY,At Risk,2026-06-13 17:00:59
6281,58,55686.0,3,Divorced,1,1,982.0,16.0,61.375,27,4,0.2,4867,0.375,0.125,27843.0,0,0,0.16080736,LOW PRIORITY,VIP,2026-06-13 17:00:59
6283,56,63841.0,4,Divorced,1,1,908.0,22.0,41.27272727272727,64,6,0.0,4801,0.4090909090909091,0.0454545454545454,31920.5,0,0,0.017025141,LOW PRIORITY,At Risk,2026-06-13 17:00:59
6287,38,34728.0,3,Married,1,1,36.0,5.0,7.2,2,6,0.0,4701,0.2,0.2,17364.0,0,1,0.43456483,MEDIUM PRIORITY,New,2026-06-13 17:00:59
6289,73,59385.0,4,Married,2,1,185.0,10.0,18.5,85,5,0.0,4794,0.3,0.2,19795.0,0,0,0.011761238,LOW PRIORITY,Loyal,2026-06-13 17:00:59
6292,38,82333.0,5,Married,0,0,1822.0,18.0,101.22222222222224,60,2,0.2,4823,0.2222222222222222,0.0555555555555555,82333.0,0,1,0.8308055,HIGH PRIORITY,At Risk,2026-06-13 17:00:59
6295,47,54233.0,3,Married,1,1,981.0,26.0,37.73076923076923,46,8,0.0,4877,0.4230769230769231,0.1538461538461538,27116.5,0,0,0.018441373,LOW PRIORITY,VIP,2026-06-13 17:00:59
6299,56,42564.0,5,Divorced,1,1,813.0,24.0,33.875,28,7,0.2,4910,0.25,0.25,21282.0,0,1,0.88990957,HIGH PRIORITY,VIP,2026-06-13 17:00:59
6303,38,91820.0,5,Married,0,0,1497.0,22.0,68.04545454545455,72,1,0.0,4585,0.2272727272727272,0.0,91820.0,0,0,0.011452913,LOW PRIORITY,At Risk,2026-06-13 17:00:59
6310,46,33039.0,3,Married,1,1,78.0,7.0,11.142857142857142,4,5,0.0,4660,0.2857142857142857,0.1428571428571428,16519.5,0,0,0.058680005,LOW PRIORITY,New,2026-06-13 17:00:59
6312,65,65031.0,3,Married,1,1,863.0,30.0,28.766666666666666,29,7,0.0,4836,0.3333333333333333,0.1333333333333333,32515.5,0,0,0.021333655,LOW PRIORITY,VIP,2026-06-13 17:00:59
6318,36,68487.0,3,Married,0,0,1366.0,30.0,45.53333333333333,48,4,0.0,4899,0.3,0.0333333333333333,68487.0,0,0,0.023399908,LOW PRIORITY,VIP,2026-06-13 17:00:59
6320,48,70893.0,4,Single,0,0,1508.0,23.0,65.56521739130434,42,3,0.0,4875,0.2608695652173913,0.0434782608695652,70893.0,0,0,0.7963278,HIGH PRIORITY,VIP,2026-06-13 17:00:59
6327,57,65777.0,3,Married,0,0,1146.0,17.0,67.41176470588235,87,1,0.0,4559,0.1176470588235294,0.0588235294117647,65777.0,0,0,0.001322727,LOW PRIORITY,At Risk,2026-06-13 17:00:59
6336,64,29315.0,3,Married,2,1,48.0,10.0,4.8,55,6,0.0,4451,0.2,0.4,9771.666666666666,0,0,0.0025613885,LOW PRIORITY,Loyal,2026-06-13 17:00:59
6340,39,29938.0,3,Single,1,1,26.0,6.0,4.333333333333333,52,6,0.0,4612,0.1666666666666666,0.3333333333333333,14969.0,0,0,0.014053991,LOW PRIORITY,Loyal,2026-06-13 17:00:59
6343,65,79823.0,3,Married,1,1,1518.0,23.0,66.0,6,2,0.2,4457,0.2608695652173913,0.0434782608695652,39911.5,0,0,0.06393184,LOW PRIORITY,VIP,2026-06-13 17:00:59
6347,45,15862.0,1,Single,1,1,36.0,5.0,7.2,26,8,0.0,4734,0.2,0.2,7931.0,0,0,0.024592662,LOW PRIORITY,New,2026-06-13 17:00:59
6349,37,61787.0,4,Divorced,0,0,1319.0,19.0,69.42105263157895,71,5,0.0,4725,0.4210526315789473,0.0526315789473684,61787.0,0,0,0.032738492,LOW PRIORITY,At Risk,2026-06-13 17:00:59
6354,40,15345.0,3,Married,1,1,47.0,6.0,7.833333333333333,51,8,0.0,5034,0.1666666666666666,0.3333333333333333,7672.5,0,1,0.64437157,HIGH PRIORITY,Loyal,2026-06-13 17:00:59
6355,46,44359.0,3,Married,2,1,45.0,9.0,5.0,19,3,0.0,4379,0.2222222222222222,0.3333333333333333,14786.333333333334,0,0,0.0027459136,LOW PRIORITY,New,2026-06-13 17:00:59
6357,65,59052.0,2,Divorced,1,1,491.0,18.0,27.27777777777778,29,5,0.0,4591,0.3888888888888889,0.1666666666666666,29526.0,0,0,0.0043017445,LOW PRIORITY,VIP,2026-06-13 17:00:59
6365,37,30390.0,2,Married,0,0,80.0,6.0,13.333333333333334,5,6,0.0,4667,0.3333333333333333,0.1666666666666666,30390.0,0,0,0.054489024,LOW PRIORITY,New,2026-06-13 17:00:59
6374,70,36930.0,5,Married,1,1,297.0,16.0,18.5625,50,8,0.0,4775,0.3125,0.3125,18465.0,0,0,0.09209624,LOW PRIORITY,Loyal,2026-06-13 17:00:59
6376,45,57537.0,3,Single,1,1,545.0,19.0,28.68421052631579,83,4,0.0,4751,0.2105263157894736,0.2105263157894736,28768.5,0,0,0.0026404872,LOW PRIORITY,At Risk,2026-06-13 17:00:59
6379,75,47570.0,4,Widow,2,1,121.0,9.0,13.444444444444445,3,7,0.0,4763,0.2222222222222222,0.3333333333333333,15856.666666666666,0,1,0.736431,HIGH PRIORITY,New,2026-06-13 17:00:59
6382,71,48794.0,3,Married,2,1,54.0,5.0,10.8,97,4,0.0,4370,0.2,0.2,16264.666666666666,0,0,0.00049908314,LOW PRIORITY,Loyal,2026-06-13 17:00:59
6383,53,32892.0,5,Married,1,1,46.0,8.0,5.75,78,8,0.0,4402,0.375,0.25,16446.0,0,0,0.0029191691,LOW PRIORITY,Loyal,2026-06-13 17:00:59
6384,46,71022.0,3,Divorced,1,1,1453.0,21.0,69.19047619047619,30,8,0.2,4505,0.238095238095238,0.1428571428571428,35511.0,0,0,0.05171223,LOW PRIORITY,VIP,2026-06-13 17:00:59
6387,48,52190.0,5,Married,2,1,77.0,9.0,8.555555555555555,39,5,0.2,4419,0.2222222222222222,0.3333333333333333,17396.666666666668,0,0,0.025190203,LOW PRIORITY,New,2026-06-13 17:00:59
6398,50,18393.0,1,Married,1,1,50.0,8.0,6.25,2,8,0.0,4459,0.375,0.25,9196.5,0,0,0.12673835,LOW PRIORITY,New,2026-06-13 17:00:59
6404,55,58917.0,3,Married,3,1,282.0,16.0,17.625,10,5,0.0,4829,0.25,0.3125,14729.25,0,0,0.25179654,LOW PRIORITY,New,2026-06-13 17:00:59
6406,36,78285.0,4,Married,0,0,1427.0,21.0,67.95238095238095,13,3,0.0,4611,0.2857142857142857,0.0476190476190476,78285.0,0,0,0.07350321,LOW PRIORITY,VIP,2026-06-13 17:00:59
6409,57,57136.0,3,Divorced,0,0,1179.0,20.0,58.95,18,6,0.0,4774,0.35,0.05,57136.0,0,1,0.82635444,HIGH PRIORITY,VIP,2026-06-13 17:00:59
6417,53,80573.0,4,Married,0,0,1564.0,24.0,65.16666666666667,85,2,0.0,4990,0.1666666666666666,0.0416666666666666,80573.0,0,0,0.027452175,LOW PRIORITY,At Risk,2026-06-13 17:00:59
6421,63,88347.0,3,Married,0,0,2116.0,21.0,100.76190476190476,32,1,0.2,4728,0.1904761904761904,0.0476190476190476,88347.0,0,0,0.23292087,LOW PRIORITY,VIP,2026-06-13 17:00:59
6422,70,86718.0,3,Married,0,0,1270.0,17.0,74.70588235294117,20,2,0.0,4895,0.2941176470588235,0.0588235294117647,86718.0,0,0,0.2983202,LOW PRIORITY,VIP,2026-06-13 17:00:59
6424,47,33178.0,3,Married,1,1,49.0,5.0,9.8,9,4,0.0,4517,0.2,0.2,16589.0,0,0,0.04399895,LOW PRIORITY,New,2026-06-13 17:00:59
6428,74,76842.0,5,Widow,0,0,1130.0,17.0,66.47058823529412,37,0,0.0,4424,0.0588235294117647,0.0588235294117647,76842.0,0,0,0.0673158,LOW PRIORITY,VIP,2026-06-13 17:00:59
6431,60,45759.0,5,Married,2,1,68.0,7.0,9.714285714285714,13,7,0.0,4858,0.2857142857142857,0.2857142857142857,15253.0,0,0,0.1428065,LOW PRIORITY,New,2026-06-13 17:00:59
6437,39,41473.0,2,Single,1,1,76.0,6.0,12.666666666666666,80,7,0.0,4742,0.3333333333333333,0.1666666666666666,20736.5,0,0,0.004118475,LOW PRIORITY,Loyal,2026-06-13 17:00:59
6439,66,61074.0,3,Married,1,1,1102.0,31.0,35.54838709677419,37,7,0.0,5048,0.3548387096774194,0.2258064516129032,30537.0,0,0,0.10692337,LOW PRIORITY,VIP,2026-06-13 17:00:59
6445,57,66825.0,3,Married,0,0,858.0,16.0,53.625,73,2,0.0,4717,0.25,0.0625,66825.0,0,0,0.004386527,LOW PRIORITY,At Risk,2026-06-13 17:00:59
6457,48,64892.0,3,Divorced,1,1,902.0,24.0,37.583333333333336,77,4,0.0,4398,0.25,0.0833333333333333,32446.0,0,0,0.0007683874,LOW PRIORITY,At Risk,2026-06-13 17:00:59
6460,42,28718.0,3,Married,1,1,57.0,7.0,8.142857142857142,78,8,0.0,4718,0.2857142857142857,0.2857142857142857,14359.0,0,0,0.0044609727,LOW PRIORITY,Loyal,2026-06-13 17:00:59
6461,55,62772.0,4,Single,1,1,946.0,23.0,41.130434782608695,74,2,0.2,4773,0.217391304347826,0.0434782608695652,31386.0,0,0,0.018516479,LOW PRIORITY,At Risk,2026-06-13 17:00:59
6466,59,57236.0,5,Married,2,1,121.0,10.0,12.1,22,3,0.0,4476,0.2,0.3,19078.666666666668,0,0,0.013134912,LOW PRIORITY,New,2026-06-13 17:00:59
6471,53,36230.0,4,Single,1,1,59.0,7.0,8.428571428571429,17,5,0.0,4622,0.2857142857142857,0.1428571428571428,18115.0,0,0,0.14029086,LOW PRIORITY,New,2026-06-13 17:00:59
6488,65,38829.0,5,Married,1,1,99.0,8.0,12.375,86,5,0.0,4451,0.375,0.125,19414.5,0,0,0.0016293196,LOW PRIORITY,Loyal,2026-06-13 17:00:59
6497,64,51651.0,3,Married,1,1,433.0,17.0,25.47058823529412,32,8,0.0,4966,0.3529411764705882,0.2352941176470588,25825.5,0,0,0.09129784,LOW PRIORITY,New,2026-06-13 17:00:59
6504,49,19789.0,2,Married,1,1,78.0,9.0,8.666666666666666,24,5,0.2,4588,0.2222222222222222,0.3333333333333333,9894.5,0,0,0.17199749,LOW PRIORITY,New,2026-06-13 17:00:59
6507,44,30828.0,3,Single,1,1,56.0,8.0,7.0,16,3,0.0,4635,0.125,0.25,15414.0,0,0,0.012641335,LOW PRIORITY,New,2026-06-13 17:00:59
6515,47,39771.0,3,Married,1,1,50.0,6.0,8.333333333333334,92,4,0.0,4572,0.3333333333333333,0.1666666666666666,19885.5,0,0,0.0010937711,LOW PRIORITY,Loyal,2026-06-13 17:00:59
6516,35,17487.0,1,Married,1,1,18.0,4.0,4.5,37,7,0.0,4835,0.25,0.25,8743.5,0,0,0.0026569588,LOW PRIORITY,New,2026-06-13 17:00:59
6518,73,67680.0,5,Widow,1,1,606.0,19.0,31.894736842105264,8,5,0.0,4750,0.3684210526315789,0.0526315789473684,33840.0,0,0,0.07962114,LOW PRIORITY,VIP,2026-06-13 17:00:59
6521,70,77972.0,3,Married,0,0,1101.0,20.0,55.05,18,1,0.0,4470,0.2,0.05,77972.0,0,0,0.06305268,LOW PRIORITY,VIP,2026-06-13 17:00:59
6528,42,18492.0,4,Married,1,1,10.0,4.0,2.5,75,8,0.0,4391,0.25,0.25,9246.0,0,0,0.0042671743,LOW PRIORITY,Loyal,2026-06-13 17:00:59
6534,50,47889.0,3,Married,1,1,67.0,6.0,11.166666666666666,94,5,0.0,4543,0.3333333333333333,0.1666666666666666,23944.5,0,0,0.0021248134,LOW PRIORITY,Loyal,2026-06-13 17:00:59
6543,79,62847.0,4,Married,0,0,1612.0,14.0,115.14285714285714,45,2,0.0,4897,0.2142857142857142,0.0714285714285714,62847.0,0,0,0.11481646,LOW PRIORITY,VIP,2026-06-13 17:00:59
6544,75,67911.0,5,Married,1,1,976.0,27.0,36.14814814814815,63,3,0.0,4405,0.2222222222222222,0.1111111111111111,33955.5,0,0,0.0021340663,LOW PRIORITY,At Risk,2026-06-13 17:00:59
6565,75,76995.0,4,Married,1,1,1782.0,26.0,68.53846153846153,91,5,0.2,4825,0.4230769230769231,0.0769230769230769,38497.5,0,0,0.12202077,LOW PRIORITY,At Risk,2026-06-13 17:00:59
6566,70,72550.0,5,Married,2,1,1319.0,28.0,47.10714285714285,39,8,0.0,4965,0.1785714285714285,0.3214285714285714,24183.33333333333,0,0,0.19033642,LOW PRIORITY,VIP,2026-06-13 17:00:59
6568,40,38680.0,3,Married,1,1,79.0,6.0,13.166666666666666,97,7,0.0,4825,0.3333333333333333,0.1666666666666666,19340.0,0,0,0.011992381,LOW PRIORITY,Loyal,2026-06-13 17:00:59
6575,43,56386.0,3,Married,2,1,612.0,25.0,24.48,51,9,0.0,4977,0.36,0.32,18795.33333333333,0,0,0.099971175,LOW PRIORITY,At Risk,2026-06-13 17:00:59
6583,69,72635.0,2,Married,0,0,981.0,21.0,46.71428571428572,54,3,0.2,4758,0.2857142857142857,0.0476190476190476,72635.0,0,0,0.112816826,LOW PRIORITY,At Risk,2026-06-13 17:00:59
6605,80,55614.0,5,Divorced,0,0,682.0,20.0,34.1,85,7,0.2,4581,0.45,0.05,55614.0,0,0,0.08810278,LOW PRIORITY,At Risk,2026-06-13 17:00:59
6606,55,70091.0,4,Married,1,1,1161.0,19.0,61.10526315789474,11,8,0.2,4822,0.2631578947368421,0.1052631578947368,35045.5,0,0,0.4157356,MEDIUM PRIORITY,VIP,2026-06-13 17:00:59
6609,58,27038.0,3,Widow,0,0,107.0,7.0,15.285714285714286,64,9,0.0,5016,0.4285714285714285,0.1428571428571428,27038.0,0,1,0.6592055,HIGH PRIORITY,Loyal,2026-06-13 17:00:59
6613,54,44511.0,4,Married,1,1,727.0,26.0,27.96153846153846,39,8,0.0,4992,0.3076923076923077,0.2307692307692307,22255.5,0,0,0.12490474,LOW PRIORITY,VIP,2026-06-13 17:00:59
6616,49,59481.0,3,Married,1,1,461.0,16.0,28.8125,47,2,0.0,4616,0.1875,0.125,29740.5,0,0,0.0010327578,LOW PRIORITY,New,2026-06-13 17:00:59
6619,46,38415.0,3,Married,2,1,44.0,6.0,7.333333333333333,91,7,0.0,4910,0.1666666666666666,0.3333333333333333,12805.0,0,0,0.008456607,LOW PRIORITY,Loyal,2026-06-13 17:00:59
6634,45,33462.0,4,Divorced,1,1,54.0,6.0,9.0,78,7,0.0,4693,0.3333333333333333,0.1666666666666666,16731.0,0,0,0.013103075,LOW PRIORITY,Loyal,2026-06-13 17:00:59
6637,36,66951.0,3,Single,0,0,1117.0,15.0,74.46666666666667,46,1,0.0,4606,0.2,0.0666666666666666,66951.0,0,0,0.036007687,LOW PRIORITY,VIP,2026-06-13 17:00:59
6642,63,27215.0,3,Divorced,3,1,102.0,11.0,9.272727272727272,50,6,0.0,4889,0.1818181818181818,0.3636363636363636,6803.75,0,0,0.15176171,LOW PRIORITY,Loyal,2026-06-13 17:00:59
6646,40,16529.0,3,Married,1,1,22.0,5.0,4.4,23,6,0.0,4487,0.2,0.2,8264.5,0,0,0.004809271,LOW PRIORITY,New,2026-06-13 17:00:59
6652,59,77343.0,3,Married,0,0,1134.0,17.0,66.70588235294117,28,1,0.0,4387,0.1764705882352941,0.0588235294117647,77343.0,0,0,0.01708313,LOW PRIORITY,VIP,2026-06-13 17:00:59
6653,54,55158.0,5,Married,2,1,418.0,18.0,23.22222222222222,72,7,0.0,5066,0.3888888888888889,0.2222222222222222,18386.0,0,1,0.76750445,HIGH PRIORITY,Loyal,2026-06-13 17:00:59
6658,52,59868.0,3,Married,1,1,1194.0,32.0,37.3125,37,6,0.0,4709,0.34375,0.21875,29934.0,0,0,0.010584531,LOW PRIORITY,VIP,2026-06-13 17:00:59
6661,50,67445.0,3,Married,1,1,1174.0,32.0,36.6875,63,6,0.0,5053,0.28125,0.15625,33722.5,0,0,0.027510732,LOW PRIORITY,At Risk,2026-06-13 17:00:59
6663,84,51141.0,5,Single,0,0,157.0,9.0,17.444444444444443,96,5,0.0,4723,0.3333333333333333,0.1111111111111111,51141.0,0,0,0.02642258,LOW PRIORITY,Loyal,2026-06-13 17:00:59
6673,59,23478.0,3,Single,0,0,129.0,7.0,18.428571428571427,51,8,0.0,4834,0.4285714285714285,0.1428571428571428,23478.0,0,0,0.32421812,MEDIUM PRIORITY,Loyal,2026-06-13 17:00:59
6678,35,31928.0,3,Married,1,1,72.0,9.0,8.0,5,7,0.0,4460,0.3333333333333333,0.2222222222222222,15964.0,0,0,0.014588775,LOW PRIORITY,New,2026-06-13 17:00:59
6679,58,33279.0,3,Single,0,0,16.0,4.0,4.0,29,3,0.0,4384,0.0,0.25,33279.0,0,0,0.0045621926,LOW PRIORITY,New,2026-06-13 17:00:59
6682,51,18978.0,1,Married,1,1,37.0,5.0,7.4,41,8,0.0,4932,0.2,0.2,9489.0,0,0,0.026381336,LOW PRIORITY,New,2026-06-13 17:00:59
6690,58,38179.0,4,Married,2,1,90.0,11.0,8.181818181818182,30,7,0.0,4839,0.2727272727272727,0.3636363636363636,12726.333333333334,0,0,0.1616412,LOW PRIORITY,New,2026-06-13 17:00:59
6694,60,75236.0,3,Married,1,1,1068.0,25.0,42.72,27,4,0.0,4583,0.32,0.04,37618.0,0,0,0.0047806096,LOW PRIORITY,VIP,2026-06-13 17:00:59
6710,73,58217.0,4,Single,3,1,103.0,7.0,14.714285714285714,84,6,0.0,4956,0.2857142857142857,0.1428571428571428,14554.25,0,0,0.18501253,LOW PRIORITY,Loyal,2026-06-13 17:00:59
6715,76,60200.0,5,Single,1,1,685.0,25.0,27.4,3,6,0.0,4910,0.24,0.24,30100.0,0,0,0.5544358,MEDIUM PRIORITY,VIP,2026-06-13 17:00:59
6720,56,43795.0,4,Married,1,1,492.0,17.0,28.94117647058824,11,7,0.2,4623,0.4117647058823529,0.1764705882352941,21897.5,0,1,0.39582437,MEDIUM PRIORITY,VIP,2026-06-13 17:00:59
6721,73,71965.0,3,Married,1,1,1213.0,17.0,71.3529411764706,21,3,0.0,4702,0.3529411764705882,0.1764705882352941,35982.5,0,0,0.020215137,LOW PRIORITY,VIP,2026-06-13 17:00:59
6722,70,70421.0,5,Married,1,1,767.0,23.0,33.34782608695652,98,6,0.0,4368,0.4347826086956521,0.1304347826086956,35210.5,0,0,0.012317447,LOW PRIORITY,At Risk,2026-06-13 17:00:59
6728,39,29103.0,3,Married,1,1,48.0,6.0,8.0,38,9,0.0,5038,0.1666666666666666,0.3333333333333333,14551.5,0,0,0.16505052,LOW PRIORITY,New,2026-06-13 17:00:59
6729,36,68655.0,3,Single,0,0,1538.0,21.0,73.23809523809524,95,3,0.0,5055,0.1904761904761904,0.0476190476190476,68655.0,0,0,0.038112037,LOW PRIORITY,At Risk,2026-06-13 17:00:59
6730,70,38998.0,3,Married,2,1,54.0,8.0,6.75,92,8,0.0,4970,0.25,0.375,12999.333333333334,1,0,0.007968857,LOW PRIORITY,Loyal,2026-06-13 17:00:59
6742,45,17688.0,3,Married,1,1,11.0,4.0,2.75,82,8,0.0,4899,0.25,0.25,8844.0,1,0,0.008023797,LOW PRIORITY,Loyal,2026-06-13 17:00:59
6749,58,86358.0,3,Single,2,1,1722.0,18.0,95.66666666666669,78,8,0.0,5057,0.2777777777777778,0.2222222222222222,28786.0,0,0,0.07429989,LOW PRIORITY,At Risk,2026-06-13 17:00:59
6768,62,37859.0,3,Divorced,3,1,36.0,6.0,6.0,75,8,0.0,4900,0.1666666666666666,0.3333333333333333,9464.75,0,0,0.019882178,LOW PRIORITY,Loyal,2026-06-13 17:00:59
6770,39,21355.0,3,Married,1,1,68.0,7.0,9.714285714285714,5,6,0.2,4680,0.2857142857142857,0.2857142857142857,10677.5,0,1,0.9557106,HIGH PRIORITY,New,2026-06-13 17:00:59
6798,58,37070.0,3,Single,2,1,433.0,23.0,18.82608695652174,30,7,0.0,4833,0.217391304347826,0.391304347826087,12356.666666666666,0,1,0.84786344,HIGH PRIORITY,VIP,2026-06-13 17:00:59
6810,41,82025.0,3,Divorced,0,0,1187.0,12.0,98.91666666666669,76,1,0.2,4764,0.25,0.0833333333333333,82025.0,0,1,0.80461353,HIGH PRIORITY,At Risk,2026-06-13 17:00:59
6815,44,96547.0,2,Married,0,0,809.0,21.0,38.523809523809526,4,2,0.6,4404,0.3333333333333333,0.0,96547.0,0,1,0.88560367,HIGH PRIORITY,VIP,2026-06-13 17:00:59
6818,50,44989.0,3,Married,1,1,369.0,16.0,23.0625,26,6,0.0,5022,0.3125,0.3125,22494.5,0,0,0.19278808,LOW PRIORITY,New,2026-06-13 17:00:59
6825,71,41452.0,3,Married,2,1,16.0,4.0,4.0,86,7,0.0,4847,0.25,0.25,13817.333333333334,0,0,0.0020707557,LOW PRIORITY,Loyal,2026-06-13 17:00:59
6853,42,75777.0,4,Single,0,0,1438.0,21.0,68.47619047619048,12,1,0.4,4727,0.1428571428571428,0.0476190476190476,75777.0,0,1,0.9883869,HIGH PRIORITY,VIP,2026-06-13 17:00:59
6856,45,21645.0,3,Married,1,1,65.0,9.0,7.222222222222222,75,9,0.0,5031,0.3333333333333333,0.3333333333333333,10822.5,0,1,0.4953842,MEDIUM PRIORITY,Loyal,2026-06-13 17:00:59
6859,37,29236.0,3,Single,1,1,99.0,9.0,11.0,30,9,0.0,4631,0.4444444444444444,0.2222222222222222,14618.0,0,0,0.019884588,LOW PRIORITY,New,2026-06-13 17:00:59
6862,53,1730.0,3,Divorced,0,0,8.0,15.0,0.5333333333333333,65,20,0.0,4409,0.0,1.0,1730.0,0,0,0.009015128,LOW PRIORITY,Loyal,2026-06-13 17:00:59
6864,35,10979.0,4,Divorced,0,0,30.0,8.0,3.75,34,5,0.0,4405,0.375,0.25,10979.0,0,0,0.0017771206,LOW PRIORITY,New,2026-06-13 17:00:59
6866,55,35924.0,4,Married,2,1,34.0,5.0,6.8,56,5,0.0,4465,0.2,0.2,11974.666666666666,0,0,0.0013881399,LOW PRIORITY,Loyal,2026-06-13 17:00:59
6870,65,68805.0,5,Divorced,1,1,283.0,12.0,23.58333333333333,73,2,0.0,4652,0.25,0.0833333333333333,34402.5,0,0,0.0025053704,LOW PRIORITY,Loyal,2026-06-13 17:00:59
6872,50,65352.0,5,Married,1,1,405.0,16.0,25.3125,43,4,0.0,4679,0.25,0.125,32676.0,0,0,0.004695991,LOW PRIORITY,New,2026-06-13 17:00:59
6875,59,32727.0,5,Married,0,0,529.0,17.0,31.11764705882353,38,8,0.0,5037,0.4117647058823529,0.1176470588235294,32727.0,0,0,0.36896825,MEDIUM PRIORITY,VIP,2026-06-13 17:00:59
6878,70,27421.0,3,Widow,0,0,324.0,14.0,23.142857142857142,14,7,0.0,4931,0.2857142857142857,0.2142857142857142,27421.0,0,0,0.33573073,MEDIUM PRIORITY,New,2026-06-13 17:00:59
6885,47,32952.0,3,Divorced,1,1,55.0,6.0,9.166666666666666,36,7,0.0,4577,0.3333333333333333,0.1666666666666666,16476.0,0,0,0.017881418,LOW PRIORITY,New,2026-06-13 17:00:59
6887,57,79146.0,3,Single,2,1,564.0,19.0,29.68421052631579,33,6,0.0,4433,0.4210526315789473,0.1052631578947368,26382.0,0,0,0.011669602,LOW PRIORITY,VIP,2026-06-13 17:00:59
6892,56,61671.0,3,Divorced,1,1,732.0,28.0,26.142857142857142,23,8,0.4,4393,0.3571428571428571,0.2857142857142857,30835.5,0,0,0.16780661,LOW PRIORITY,VIP,2026-06-13 17:00:59
6905,30,80685.0,3,Married,0,0,1004.0,21.0,47.80952380952381,55,2,0.0,5043,0.2857142857142857,0.0476190476190476,80685.0,0,0,0.008012634,LOW PRIORITY,At Risk,2026-06-13 17:00:59
6906,71,84953.0,4,Widow,0,0,1024.0,18.0,56.888888888888886,73,2,0.6,4758,0.1666666666666666,0.0555555555555555,84953.0,0,1,0.8592734,HIGH PRIORITY,At Risk,2026-06-13 17:00:59
6912,57,63246.0,5,Married,2,1,772.0,22.0,35.09090909090909,60,4,0.0,4680,0.2727272727272727,0.0454545454545454,21082.0,0,0,0.0053673624,LOW PRIORITY,At Risk,2026-06-13 17:00:59
6918,35,28691.0,3,Married,1,1,34.0,5.0,6.8,56,8,0.0,4727,0.2,0.2,14345.5,0,0,0.0025300258,LOW PRIORITY,Loyal,2026-06-13 17:00:59
6919,46,26224.0,2,Married,1,1,63.0,9.0,7.0,39,6,0.0,4757,0.2222222222222222,0.3333333333333333,13112.0,0,0,0.02877539,LOW PRIORITY,New,2026-06-13 17:00:59
6927,56,44377.0,5,Married,2,1,264.0,19.0,13.894736842105264,70,8,0.0,4999,0.2631578947368421,0.4210526315789473,14792.333333333334,0,0,0.3336511,MEDIUM PRIORITY,Loyal,2026-06-13 17:00:59
6931,57,76982.0,3,Divorced,0,0,1062.0,16.0,66.375,19,4,0.2,4501,0.5,0.0625,76982.0,0,1,0.8584596,HIGH PRIORITY,VIP,2026-06-13 17:00:59
6932,83,93027.0,5,Married,0,0,2119.0,22.0,96.3181818181818,77,2,0.2,4809,0.3181818181818182,0.0,93027.0,0,0,0.48993945,MEDIUM PRIORITY,At Risk,2026-06-13 17:00:59
6935,73,78497.0,2,Married,0,0,978.0,25.0,39.12,44,2,0.2,4577,0.2,0.04,78497.0,0,0,0.03778449,LOW PRIORITY,VIP,2026-06-13 17:00:59
6940,58,46734.0,5,Single,3,1,223.0,12.0,18.58333333333333,86,6,0.2,4618,0.25,0.3333333333333333,11683.5,0,0,0.022644624,LOW PRIORITY,Loyal,2026-06-13 17:00:59
6941,53,31632.0,3,Single,0,0,95.0,6.0,15.833333333333334,92,7,0.0,4717,0.3333333333333333,0.1666666666666666,31632.0,0,0,0.0097458,LOW PRIORITY,Loyal,2026-06-13 17:00:59
6945,72,84574.0,3,Single,0,0,1375.0,32.0,42.96875,72,5,0.0,4757,0.28125,0.03125,84574.0,0,0,0.07469463,LOW PRIORITY,At Risk,2026-06-13 17:00:59
6950,66,49572.0,4,Married,2,1,54.0,7.0,7.714285714285714,25,7,0.0,4563,0.2857142857142857,0.2857142857142857,16524.0,0,0,0.020533608,LOW PRIORITY,New,2026-06-13 17:00:59
6958,47,27889.0,4,Married,1,1,26.0,5.0,5.2,42,6,0.0,4726,0.2,0.2,13944.5,0,0,0.016451748,LOW PRIORITY,New,2026-06-13 17:00:59
6961,50,26751.0,3,Married,2,1,11.0,4.0,2.75,26,8,0.0,4405,0.25,0.25,8917.0,0,0,0.012611416,LOW PRIORITY,New,2026-06-13 17:00:59
6963,77,77457.0,3,Single,0,0,1157.0,18.0,64.27777777777777,85,1,0.2,4483,0.1111111111111111,0.0555555555555555,77457.0,0,0,0.008338561,LOW PRIORITY,At Risk,2026-06-13 17:00:59
6969,42,50272.0,3,Married,1,1,233.0,13.0,17.923076923076923,75,7,0.0,4693,0.3076923076923077,0.2307692307692307,25136.0,0,0,0.00319953,LOW PRIORITY,Loyal,2026-06-13 17:00:59
6974,52,83443.0,5,Married,0,0,1497.0,22.0,68.04545454545455,89,2,0.0,4547,0.2727272727272727,0.0454545454545454,83443.0,0,0,0.017410789,LOW PRIORITY,At Risk,2026-06-13 17:00:59
6977,50,75702.0,3,Married,1,1,1921.0,29.0,66.24137931034483,87,6,0.2,4990,0.3448275862068966,0.0344827586206896,37851.0,0,0,0.34113744,MEDIUM PRIORITY,At Risk,2026-06-13 17:00:59
6982,48,74068.0,3,Married,0,0,1581.0,24.0,65.875,14,2,0.0,4834,0.1666666666666666,0.0416666666666666,74068.0,0,0,0.2188429,LOW PRIORITY,VIP,2026-06-13 17:00:59
6983,74,38054.0,4,Divorced,2,1,45.0,7.0,6.428571428571429,24,7,0.0,4426,0.2857142857142857,0.2857142857142857,12684.666666666666,0,0,0.020410122,LOW PRIORITY,New,2026-06-13 17:00:59
6988,38,71952.0,3,Married,1,1,1443.0,22.0,65.5909090909091,93,4,0.4,4902,0.3636363636363636,0.0909090909090909,35976.0,0,0,0.11978307,LOW PRIORITY,At Risk,2026-06-13 17:00:59
6991,73,43185.0,3,Divorced,1,1,637.0,20.0,31.85,88,8,0.0,4812,0.45,0.1,21592.5,0,0,0.010982115,LOW PRIORITY,At Risk,2026-06-13 17:00:59
6999,44,69661.0,4,Married,0,0,834.0,23.0,36.26086956521739,80,3,0.0,4414,0.3043478260869565,0.0434782608695652,69661.0,0,0,0.00066728744,LOW PRIORITY,At Risk,2026-06-13 17:00:59
7000,52,65704.0,2,Single,0,0,817.0,23.0,35.52173913043478,18,1,0.0,4626,0.0869565217391304,0.0434782608695652,65704.0,0,0,0.06341627,LOW PRIORITY,VIP,2026-06-13 17:00:59
7002,69,62535.0,3,Single,1,1,398.0,14.0,28.428571428571427,13,3,0.0,4636,0.2142857142857142,0.0714285714285714,31267.5,0,0,0.0108300485,LOW PRIORITY,New,2026-06-13 17:00:59
7004,40,11012.0,3,Single,1,1,84.0,9.0,9.333333333333334,82,9,0.2,4837,0.3333333333333333,0.3333333333333333,5506.0,0,0,0.12643923,LOW PRIORITY,Loyal,2026-06-13 17:00:59
7005,43,58684.0,3,Single,0,0,813.0,21.0,38.71428571428572,71,2,0.2,4380,0.238095238095238,0.0476190476190476,58684.0,0,0,0.00900205,LOW PRIORITY,At Risk,2026-06-13 17:00:59
7007,56,29543.0,4,Married,2,1,63.0,8.0,7.875,47,7,0.0,4456,0.375,0.25,9847.666666666666,0,0,0.004557788,LOW PRIORITY,New,2026-06-13 17:00:59
7010,59,70924.0,2,Married,0,0,1363.0,20.0,68.15,41,3,0.2,4450,0.3,0.05,70924.0,0,0,0.032292295,LOW PRIORITY,VIP,2026-06-13 17:00:59
7011,51,33471.0,3,Married,1,1,93.0,10.0,9.3,47,7,0.0,4992,0.3,0.3,16735.5,0,0,0.2908738,LOW PRIORITY,New,2026-06-13 17:00:59
7019,61,54414.0,3,Married,2,1,211.0,13.0,16.23076923076923,49,4,0.0,4889,0.2307692307692307,0.3076923076923077,18138.0,0,0,0.030725457,LOW PRIORITY,New,2026-06-13 17:00:59
7022,53,76445.0,3,Married,1,1,1410.0,21.0,67.14285714285714,2,6,0.0,5006,0.0952380952380952,0.0476190476190476,38222.5,0,0,0.045602977,LOW PRIORITY,VIP,2026-06-13 17:00:59
7023,71,46231.0,5,Single,3,1,263.0,15.0,17.533333333333335,87,9,0.0,4947,0.4,0.2666666666666666,11557.75,0,0,0.3498632,MEDIUM PRIORITY,Loyal,2026-06-13 17:00:59
7030,69,66465.0,5,Married,1,1,1485.0,35.0,42.42857142857143,1,6,0.2,4823,0.3142857142857143,0.0857142857142857,33232.5,0,0,0.40848154,MEDIUM PRIORITY,VIP,2026-06-13 17:00:59
7034,46,25804.0,2,Married,1,1,55.0,7.0,7.857142857142857,34,8,0.0,4668,0.2857142857142857,0.2857142857142857,12902.0,0,0,0.045416985,LOW PRIORITY,New,2026-06-13 17:00:59
7037,50,37087.0,5,Married,1,1,401.0,17.0,23.58823529411765,50,6,0.0,4689,0.2352941176470588,0.1764705882352941,18543.5,0,0,0.059995368,LOW PRIORITY,Loyal,2026-06-13 17:00:59
7042,41,36790.0,3,Married,0,0,66.0,6.0,11.0,14,9,0.0,4852,0.3333333333333333,0.1666666666666666,36790.0,0,1,0.6832664,HIGH PRIORITY,New,2026-06-13 17:00:59
7053,58,78420.0,5,Single,0,0,1453.0,22.0,66.04545454545455,75,1,0.0,4732,0.1363636363636363,0.0454545454545454,78420.0,0,0,0.117002405,LOW PRIORITY,At Risk,2026-06-13 17:00:59
7055,72,61010.0,5,Married,1,1,1021.0,26.0,39.26923076923077,57,5,0.0,4995,0.3076923076923077,0.0769230769230769,30505.0,0,0,0.13480082,LOW PRIORITY,At Risk,2026-06-13 17:00:59
7059,61,80124.0,3,Married,0,0,1495.0,19.0,78.6842105263158,47,1,0.2,4370,0.1578947368421052,0.0526315789473684,80124.0,0,0,0.0769399,LOW PRIORITY,VIP,2026-06-13 17:00:59
7072,51,67432.0,3,Married,1,1,1335.0,19.0,70.26315789473684,69,4,0.0,4824,0.4210526315789473,0.1052631578947368,33716.0,0,0,0.020141888,LOW PRIORITY,At Risk,2026-06-13 17:00:59
7079,62,63887.0,3,Divorced,1,1,1245.0,32.0,38.90625,38,6,0.0,5026,0.28125,0.15625,31943.5,0,0,0.13787794,LOW PRIORITY,VIP,2026-06-13 17:00:59
7093,39,19986.0,3,Married,1,1,22.0,4.0,5.5,74,7,0.0,4594,0.0,0.25,9993.0,0,0,0.001748107,LOW PRIORITY,Loyal,2026-06-13 17:00:59
7094,49,58330.0,3,Widow,1,1,1064.0,24.0,44.333333333333336,87,4,0.0,4553,0.25,0.0416666666666666,29165.0,0,0,0.0007109786,LOW PRIORITY,At Risk,2026-06-13 17:00:59
7101,61,52278.0,5,Widow,1,1,1198.0,31.0,38.64516129032258,24,8,0.0,4887,0.3225806451612903,0.1935483870967742,26139.0,0,0,0.34655654,MEDIUM PRIORITY,VIP,2026-06-13 17:00:59
7106,81,75865.0,5,Married,0,0,1242.0,19.0,65.36842105263158,73,1,0.0,4457,0.1578947368421052,0.0526315789473684,75865.0,0,0,0.0042059207,LOW PRIORITY,At Risk,2026-06-13 17:00:59
7108,59,51390.0,4,Widow,2,1,353.0,18.0,19.61111111111111,54,5,0.0,5026,0.2777777777777778,0.3333333333333333,17130.0,0,0,0.57076144,MEDIUM PRIORITY,Loyal,2026-06-13 17:00:59
7118,67,73803.0,3,Married,1,1,1528.0,22.0,69.45454545454545,61,6,0.2,5064,0.4090909090909091,0.0909090909090909,36901.5,0,1,0.7260369,HIGH PRIORITY,At Risk,2026-06-13 17:00:59
7119,42,68627.0,3,Single,0,0,825.0,12.0,68.75,45,1,0.0,4900,0.1666666666666666,0.0833333333333333,68627.0,0,0,0.21523678,LOW PRIORITY,New,2026-06-13 17:00:59
7124,56,36997.0,3,Divorced,2,1,94.0,12.0,7.833333333333333,72,5,0.0,4880,0.1666666666666666,0.4166666666666667,12332.333333333334,0,0,0.05208677,LOW PRIORITY,Loyal,2026-06-13 17:00:59
7128,47,42997.0,5,Single,2,1,15.0,4.0,3.75,91,7,0.0,4571,0.25,0.25,14332.333333333334,0,0,0.00070560764,LOW PRIORITY,Loyal,2026-06-13 17:00:59
7129,62,54693.0,5,Married,1,1,929.0,31.0,29.967741935483872,72,6,0.0,4864,0.1935483870967742,0.2580645161290322,27346.5,0,0,0.0652556,LOW PRIORITY,At Risk,2026-06-13 17:00:59
7141,38,21888.0,4,Single,1,1,213.0,12.0,17.75,15,10,0.0,4914,0.4166666666666667,0.3333333333333333,10944.0,0,1,0.8946069,HIGH PRIORITY,New,2026-06-13 17:00:59
7143,69,74805.0,2,Married,1,1,820.0,26.0,31.53846153846154,14,2,0.0,4602,0.1538461538461538,0.1923076923076923,37402.5,0,0,0.013525728,LOW PRIORITY,VIP,2026-06-13 17:00:59
7152,41,27100.0,4,Married,1,1,37.0,5.0,7.4,64,7,0.0,4817,0.2,0.2,13550.0,0,0,0.030256733,LOW PRIORITY,Loyal,2026-06-13 17:00:59
7165,52,64474.0,3,Married,1,1,823.0,22.0,37.40909090909091,59,5,0.0,4617,0.3636363636363636,0.0909090909090909,32237.0,0,0,0.0013308345,LOW PRIORITY,At Risk,2026-06-13 17:00:59
7181,47,30368.0,3,Married,1,1,52.0,7.0,7.428571428571429,97,8,0.0,4601,0.2857142857142857,0.2857142857142857,15184.0,0,0,0.0044275057,LOW PRIORITY,Loyal,2026-06-13 17:00:59
7186,58,30843.0,5,Married,2,1,35.0,6.0,5.833333333333333,43,5,0.2,4401,0.1666666666666666,0.3333333333333333,10281.0,0,0,0.061736286,LOW PRIORITY,New,2026-06-13 17:00:59
7187,55,51381.5,4,Married,2,1,721.0,25.0,28.84,52,3,0.0,4774,0.16,0.28,17127.166666666668,0,0,0.018891739,LOW PRIORITY,At Risk,2026-06-13 17:00:59
7192,69,65748.0,3,Married,1,1,545.0,18.0,30.27777777777778,58,1,0.0,4807,0.1111111111111111,0.1111111111111111,32874.0,1,0,0.004218866,LOW PRIORITY,At Risk,2026-06-13 17:00:59
7196,74,41145.0,5,Married,2,1,13.0,4.0,3.25,20,3,0.0,4508,0.0,0.25,13715.0,0,0,0.0013793986,LOW PRIORITY,New,2026-06-13 17:00:59
7212,58,44794.0,3,Married,1,1,65.0,6.0,10.833333333333334,99,6,0.0,4388,0.3333333333333333,0.1666666666666666,22397.0,0,0,0.0018997497,LOW PRIORITY,Loyal,2026-06-13 17:00:59
7214,67,62187.0,3,Married,0,0,1283.0,18.0,71.27777777777777,49,3,0.0,4726,0.2222222222222222,0.0555555555555555,62187.0,0,0,0.06311715,LOW PRIORITY,At Risk,2026-06-13 17:00:59
7215,41,101970.0,3,Single,0,0,1135.0,27.0,42.03703703703704,69,2,0.6,4841,0.2222222222222222,0.0,101970.0,0,1,0.97757727,HIGH PRIORITY,At Risk,2026-06-13 17:00:59
7224,47,31353.0,3,Married,2,1,31.0,6.0,5.166666666666667,24,8,0.0,4549,0.1666666666666666,0.3333333333333333,10451.0,0,0,0.3924825,MEDIUM PRIORITY,New,2026-06-13 17:00:59
7230,64,50611.0,5,Divorced,1,1,493.0,22.0,22.40909090909091,98,6,0.2,5000,0.1818181818181818,0.2727272727272727,25305.5,0,1,0.57953864,MEDIUM PRIORITY,At Risk,2026-06-13 17:00:59
7232,51,42429.0,3,Widow,1,1,67.0,7.0,9.571428571428571,99,5,0.0,4505,0.1428571428571428,0.2857142857142857,21214.5,0,0,0.0042859283,LOW PRIORITY,Loyal,2026-06-13 17:00:59
7233,52,69209.0,3,Married,0,0,1782.0,16.0,111.375,4,4,0.2,5017,0.3125,0.125,69209.0,0,0,0.8162281,HIGH PRIORITY,VIP,2026-06-13 17:00:59
7235,49,17003.0,2,Married,1,1,38.0,9.0,4.222222222222222,37,5,0.0,4569,0.2222222222222222,0.3333333333333333,8501.5,0,0,0.0054665753,LOW PRIORITY,New,2026-06-13 17:00:59
7244,73,51381.5,3,Single,3,1,124.0,10.0,12.4,96,6,0.0,4546,0.2,0.3,12845.375,0,0,0.0031728293,LOW PRIORITY,Loyal,2026-06-13 17:00:59
7247,64,47916.0,3,Widow,1,1,606.0,22.0,27.545454545454547,72,6,0.2,4951,0.3181818181818182,0.2272727272727272,23958.0,0,0,0.24736184,LOW PRIORITY,At Risk,2026-06-13 17:00:59
7250,46,57867.0,3,Married,1,1,612.0,25.0,24.48,48,6,0.0,4638,0.28,0.28,28933.5,0,0,0.004440683,LOW PRIORITY,VIP,2026-06-13 17:00:59
7254,55,38361.0,3,Married,1,1,137.0,10.0,13.7,74,7,0.0,4551,0.3,0.3,19180.5,0,0,0.012062846,LOW PRIORITY,Loyal,2026-06-13 17:00:59
7261,53,34600.0,3,Married,2,1,318.0,17.0,18.705882352941178,8,8,0.0,4911,0.2941176470588235,0.2941176470588235,11533.333333333334,0,1,0.9172031,HIGH PRIORITY,New,2026-06-13 17:00:59
7264,46,52195.0,2,Single,3,1,17.0,4.0,4.25,2,8,0.0,4415,0.25,0.25,13048.75,0,0,0.023132773,LOW PRIORITY,New,2026-06-13 17:00:59
7270,43,56981.0,3,Divorced,0,0,1241.0,19.0,65.3157894736842,91,6,0.2,4522,0.1052631578947368,0.0526315789473684,56981.0,0,0,0.0065525216,LOW PRIORITY,At Risk,2026-06-13 17:00:59
7274,67,78618.0,3,Married,0,0,2153.0,22.0,97.86363636363636,87,2,0.2,5006,0.1818181818181818,0.0454545454545454,78618.0,0,0,0.06692944,LOW PRIORITY,At Risk,2026-06-13 17:00:59
7275,53,33316.0,4,Single,2,1,131.0,10.0,13.1,34,6,0.0,4635,0.2,0.3,11105.333333333334,0,0,0.10911043,LOW PRIORITY,New,2026-06-13 17:00:59
7279,55,69476.0,5,Married,0,0,1044.0,15.0,69.6,3,2,0.0,4639,0.2666666666666666,0.0666666666666666,69476.0,0,0,0.12421573,LOW PRIORITY,VIP,2026-06-13 17:00:59
7281,65,51381.5,5,Single,0,0,186.0,9.0,20.666666666666668,80,2,0.0,4603,0.1111111111111111,0.1111111111111111,51381.5,0,0,0.005802771,LOW PRIORITY,Loyal,2026-06-13 17:00:59
7284,71,48686.0,3,Married,3,1,20.0,4.0,5.0,8,8,0.0,4574,0.25,0.25,12171.5,0,0,0.076447114,LOW PRIORITY,New,2026-06-13 17:00:59
7286,56,41728.0,3,Married,1,1,55.0,5.0,11.0,92,10,0.0,4768,0.4,0.2,20864.0,0,0,0.00784458,LOW PRIORITY,Loyal,2026-06-13 17:00:59
7290,39,70596.0,3,Single,0,0,968.0,21.0,46.095238095238095,68,2,0.0,4999,0.1428571428571428,0.0476190476190476,70596.0,0,0,0.22168973,LOW PRIORITY,At Risk,2026-06-13 17:00:59
7297,51,7500.0,3,Single,1,1,57.0,11.0,5.181818181818182,54,7,0.0,4552,0.2727272727272727,0.3636363636363636,3750.0,0,0,0.028772205,LOW PRIORITY,Loyal,2026-06-13 17:00:59
7300,72,69142.0,3,Divorced,1,1,535.0,19.0,28.157894736842103,50,5,0.2,4367,0.4210526315789473,0.1578947368421052,34571.0,0,0,0.01506168,LOW PRIORITY,At Risk,2026-06-13 17:00:59
7301,42,23616.0,2,Single,1,1,79.0,8.0,9.875,76,8,0.0,4956,0.375,0.25,11808.0,0,1,0.04567588,LOW PRIORITY,Loyal,2026-06-13 17:00:59
7313,75,74859.0,2,Widow,0,0,1565.0,23.0,68.04347826086956,63,3,0.2,4758,0.2608695652173913,0.0434782608695652,74859.0,0,0,0.6725859,HIGH PRIORITY,At Risk,2026-06-13 17:00:59
7321,62,76081.0,3,Married,0,0,1033.0,14.0,73.78571428571429,85,2,0.2,4404,0.2857142857142857,0.0714285714285714,76081.0,0,0,0.0028561917,LOW PRIORITY,At Risk,2026-06-13 17:00:59
7325,38,38197.0,5,Married,1,1,40.0,5.0,8.0,86,5,0.0,4732,0.2,0.2,19098.5,0,0,0.003958072,LOW PRIORITY,Loyal,2026-06-13 17:00:59
7326,53,56850.0,4,Married,1,1,63.0,6.0,10.5,83,2,0.0,4465,0.1666666666666666,0.1666666666666666,28425.0,0,0,0.0016038785,LOW PRIORITY,Loyal,2026-06-13 17:00:59
7327,65,36732.0,5,Married,2,1,47.0,9.0,5.222222222222222,71,2,0.0,4549,0.1111111111111111,0.3333333333333333,12244.0,0,0,0.0007105447,LOW PRIORITY,Loyal,2026-06-13 17:00:59
7342,63,59184.0,2,Widow,1,1,1072.0,27.0,39.7037037037037,6,5,0.0,5025,0.2222222222222222,0.1111111111111111,29592.0,0,0,0.041567493,LOW PRIORITY,VIP,2026-06-13 17:00:59
7348,66,71691.0,5,Single,0,0,1192.0,17.0,70.11764705882354,0,2,0.0,4471,0.2352941176470588,0.0588235294117647,71691.0,0,1,0.7061987,HIGH PRIORITY,VIP,2026-06-13 17:00:59
7349,51,9722.0,1,Married,1,1,103.0,11.0,9.363636363636363,7,8,0.0,5002,0.2727272727272727,0.3636363636363636,4861.0,0,1,0.8216489,HIGH PRIORITY,New,2026-06-13 17:00:59
7352,67,55267.0,3,Married,1,1,405.0,17.0,23.823529411764707,28,3,0.0,4618,0.1764705882352941,0.2352941176470588,27633.5,0,0,0.0029601634,LOW PRIORITY,New,2026-06-13 17:00:59
7366,42,75777.0,4,Single,0,0,1438.0,21.0,68.47619047619048,12,1,0.4,4727,0.1428571428571428,0.0476190476190476,75777.0,0,1,0.9883869,HIGH PRIORITY,VIP,2026-06-13 17:00:59
7369,43,36959.0,4,Married,1,1,62.0,7.0,8.857142857142858,56,8,0.0,4637,0.2857142857142857,0.2857142857142857,18479.5,0,0,0.044675507,LOW PRIORITY,Loyal,2026-06-13 17:00:59
7373,72,46610.0,5,Divorced,2,1,302.0,17.0,17.764705882352942,8,6,0.0,4975,0.2352941176470588,0.3529411764705882,15536.666666666666,0,1,0.8721664,HIGH PRIORITY,New,2026-06-13 17:00:59
7375,48,51369.0,3,Married,1,1,576.0,16.0,36.0,84,8,0.0,4979,0.5,0.125,25684.5,0,0,0.056463122,LOW PRIORITY,Loyal,2026-06-13 17:00:59
7378,43,42021.0,4,Married,1,1,573.0,22.0,26.045454545454547,34,9,0.2,5034,0.4545454545454545,0.2272727272727272,21010.5,0,0,0.29038388,LOW PRIORITY,VIP,2026-06-13 17:00:59
7381,56,75693.0,3,Divorced,0,0,1442.0,22.0,65.54545454545455,10,4,0.6,4937,0.5,0.0454545454545454,75693.0,0,1,0.9984256,HIGH PRIORITY,VIP,2026-06-13 17:00:59
7384,73,39767.0,4,Married,0,0,485.0,17.0,28.529411764705884,18,8,0.0,4710,0.4117647058823529,0.1176470588235294,39767.0,0,0,0.17794852,LOW PRIORITY,VIP,2026-06-13 17:00:59
7386,48,30992.0,3,Divorced,1,1,43.0,5.0,8.6,83,7,0.0,4800,0.2,0.2,15496.0,0,0,0.0043693567,LOW PRIORITY,Loyal,2026-06-13 17:00:59
7393,46,41580.0,3,Married,2,1,92.0,9.0,10.22222222222222,15,5,0.0,4933,0.2222222222222222,0.3333333333333333,13860.0,0,0,0.14454299,LOW PRIORITY,New,2026-06-13 17:00:59
7396,58,80398.0,3,Married,0,0,1597.0,26.0,61.42307692307692,92,3,0.2,4963,0.1923076923076923,0.0384615384615384,80398.0,0,0,0.025937757,LOW PRIORITY,At Risk,2026-06-13 17:00:59
7397,73,49090.0,3,Single,1,1,688.0,21.0,32.76190476190476,45,7,0.0,4712,0.3333333333333333,0.1428571428571428,24545.0,0,0,0.034423668,LOW PRIORITY,VIP,2026-06-13 17:00:59
7408,72,54549.0,5,Married,1,1,233.0,12.0,19.416666666666668,8,7,0.0,4485,0.4166666666666667,0.1666666666666666,27274.5,0,0,0.053796705,LOW PRIORITY,New,2026-06-13 17:00:59
7409,54,53187.0,3,Married,1,1,267.0,13.0,20.53846153846154,66,5,0.0,4613,0.3076923076923077,0.1538461538461538,26593.5,0,0,0.0010256198,LOW PRIORITY,Loyal,2026-06-13 17:00:59
7411,60,31686.0,5,Married,2,1,17.0,6.0,2.833333333333333,31,6,0.0,4391,0.1666666666666666,0.3333333333333333,10562.0,0,0,0.009404563,LOW PRIORITY,New,2026-06-13 17:00:59
7414,53,43824.0,3,Married,2,1,186.0,12.0,15.5,18,8,0.0,5019,0.25,0.3333333333333333,14608.0,0,0,0.49937993,MEDIUM PRIORITY,New,2026-06-13 17:00:59
7419,56,27071.0,4,Divorced,1,1,35.0,7.0,5.0,90,6,0.0,4434,0.2857142857142857,0.2857142857142857,13535.5,0,0,0.0023380884,LOW PRIORITY,Loyal,2026-06-13 17:00:59
7422,37,46923.0,3,Single,1,1,369.0,16.0,23.0625,90,7,0.0,5043,0.3125,0.1875,23461.5,0,0,0.01627543,LOW PRIORITY,Loyal,2026-06-13 17:00:59
7426,53,54690.0,2,Married,2,1,198.0,12.0,16.5,76,3,0.0,4601,0.25,0.25,18230.0,0,0,0.0014125691,LOW PRIORITY,Loyal,2026-06-13 17:00:59
7428,49,80144.0,3,Married,0,0,1367.0,19.0,71.94736842105263,47,1,0.0,4639,0.1578947368421052,0.0526315789473684,80144.0,0,0,0.031056635,LOW PRIORITY,VIP,2026-06-13 17:00:59
7431,33,68126.0,5,Single,0,0,1820.0,17.0,107.05882352941175,40,9,0.2,4963,0.4117647058823529,0.0588235294117647,68126.0,0,1,0.8879582,HIGH PRIORITY,VIP,2026-06-13 17:00:59
7433,39,29760.0,3,Single,1,1,165.0,12.0,13.75,87,8,0.0,5036,0.25,0.3333333333333333,14880.0,0,0,0.052523147,LOW PRIORITY,Loyal,2026-06-13 17:00:59
7437,36,27938.0,3,Single,1,1,29.0,6.0,4.833333333333333,31,3,0.0,4429,0.1666666666666666,0.1666666666666666,13969.0,0,0,0.0011231407,LOW PRIORITY,New,2026-06-13 17:00:59
7441,51,71128.0,3,Divorced,1,1,1615.0,27.0,59.81481481481482,80,7,0.0,4998,0.074074074074074,0.1111111111111111,35564.0,0,0,0.02070972,LOW PRIORITY,At Risk,2026-06-13 17:00:59
7444,55,42169.0,4,Married,2,1,30.0,6.0,5.0,20,8,0.0,4620,0.1666666666666666,0.3333333333333333,14056.333333333334,0,0,0.24746914,LOW PRIORITY,New,2026-06-13 17:00:59
7446,57,62513.0,4,Married,1,1,716.0,22.0,32.54545454545455,16,6,0.0,4660,0.2727272727272727,0.0909090909090909,31256.5,0,0,0.04472811,LOW PRIORITY,VIP,2026-06-13 17:00:59
7451,64,98777.0,4,Single,0,0,2008.0,19.0,105.6842105263158,23,1,0.2,4499,0.2105263157894736,0.0,98777.0,0,0,0.3810638,MEDIUM PRIORITY,VIP,2026-06-13 17:00:59
7453,70,36130.0,3,Single,1,1,488.0,21.0,23.23809523809524,46,4,0.2,4879,0.1428571428571428,0.2857142857142857,18065.0,0,1,0.77232426,HIGH PRIORITY,VIP,2026-06-13 17:00:59
7458,68,34941.0,4,Married,2,1,97.0,8.0,12.125,26,8,0.0,4847,0.375,0.25,11647.0,0,0,0.058817048,LOW PRIORITY,New,2026-06-13 17:00:59
7462,70,22507.0,3,Single,0,0,570.0,19.0,30.0,67,9,0.0,4949,0.5263157894736842,0.1578947368421052,22507.0,0,0,0.4260494,MEDIUM PRIORITY,At Risk,2026-06-13 17:00:59
7476,60,63972.0,4,Single,1,1,1269.0,23.0,55.17391304347826,93,4,0.2,4941,0.217391304347826,0.1739130434782608,31986.0,0,0,0.08086952,LOW PRIORITY,At Risk,2026-06-13 17:00:59
7485,74,56551.0,5,Widow,2,1,138.0,10.0,13.8,48,4,0.0,4420,0.2,0.3,18850.33333333333,0,0,0.0053586075,LOW PRIORITY,New,2026-06-13 17:00:59
7488,61,64191.0,4,Single,1,1,825.0,24.0,34.375,30,3,0.0,4890,0.2083333333333333,0.125,32095.5,0,0,0.08363442,LOW PRIORITY,VIP,2026-06-13 17:00:59
7494,74,42873.0,5,Divorced,2,1,269.0,15.0,17.933333333333334,11,8,0.0,4891,0.4,0.2666666666666666,14291.0,0,0,0.57331383,MEDIUM PRIORITY,New,2026-06-13 17:00:59
7495,76,56223.0,5,Married,1,1,156.0,10.0,15.6,72,4,0.0,4558,0.2,0.2,28111.5,0,0,0.0014627004,LOW PRIORITY,Loyal,2026-06-13 17:00:59
7500,57,79146.0,3,Single,2,1,564.0,19.0,29.68421052631579,33,6,0.0,4433,0.4210526315789473,0.1052631578947368,26382.0,0,0,0.011669602,LOW PRIORITY,VIP,2026-06-13 17:00:59
7503,48,75825.0,3,Single,0,0,2209.0,22.0,100.4090909090909,40,4,0.2,4992,0.2272727272727272,0.0,75825.0,0,1,0.97420496,HIGH PRIORITY,VIP,2026-06-13 17:00:59
7505,67,44155.0,5,Married,2,1,46.0,5.0,9.2,24,4,0.0,4528,0.2,0.2,14718.333333333334,0,0,0.0028636558,LOW PRIORITY,New,2026-06-13 17:00:59
7514,68,54342.0,2,Married,2,1,177.0,12.0,14.75,74,6,0.0,4728,0.25,0.3333333333333333,18114.0,0,0,0.008710965,LOW PRIORITY,Loyal,2026-06-13 17:00:59
7516,41,30096.0,3,Married,1,1,45.0,6.0,7.5,30,6,0.0,4405,0.3333333333333333,0.1666666666666666,15048.0,0,0,0.009483486,LOW PRIORITY,New,2026-06-13 17:00:59
7521,72,83844.0,3,Married,0,0,1574.0,20.0,78.7,57,1,0.2,4780,0.2,0.05,83844.0,0,0,0.17588776,LOW PRIORITY,At Risk,2026-06-13 17:00:59
7527,56,23748.0,4,Divorced,1,1,76.0,9.0,8.444444444444445,97,8,0.0,4952,0.2222222222222222,0.3333333333333333,11874.0,0,0,0.19104923,LOW PRIORITY,Loyal,2026-06-13 17:00:59
7530,74,56551.0,5,Widow,2,1,138.0,10.0,13.8,48,4,0.0,4420,0.2,0.3,18850.33333333333,0,0,0.0053586075,LOW PRIORITY,New,2026-06-13 17:00:59
7532,44,43586.0,3,Married,1,1,132.0,10.0,13.2,26,8,0.0,5035,0.3,0.3,21793.0,0,0,0.19312076,LOW PRIORITY,New,2026-06-13 17:00:59
7533,60,49096.0,3,Married,2,1,187.0,13.0,14.384615384615383,15,7,0.0,4645,0.3076923076923077,0.3076923076923077,16365.333333333334,0,0,0.48855063,MEDIUM PRIORITY,New,2026-06-13 17:00:59
7540,72,50300.0,3,Married,1,1,270.0,13.0,20.76923076923077,52,2,0.0,4402,0.1538461538461538,0.1538461538461538,25150.0,0,0,0.0009806728,LOW PRIORITY,Loyal,2026-06-13 17:00:59
7573,46,31626.0,5,Single,1,1,86.0,6.0,14.333333333333334,12,7,0.2,4782,0.3333333333333333,0.1666666666666666,15813.0,0,1,0.8616889,HIGH PRIORITY,New,2026-06-13 17:00:59
7574,45,27922.0,5,Married,1,1,41.0,6.0,6.833333333333333,80,4,0.0,4417,0.3333333333333333,0.1666666666666666,13961.0,0,0,0.0007152099,LOW PRIORITY,Loyal,2026-06-13 17:00:59
7592,78,51012.0,5,Married,0,0,209.0,10.0,20.9,86,6,0.0,4804,0.4,0.1,51012.0,0,0,0.017050207,LOW PRIORITY,Loyal,2026-06-13 17:00:59
7600,32,15253.0,1,Single,1,1,29.0,6.0,4.833333333333333,13,7,0.0,4611,0.1666666666666666,0.3333333333333333,7626.5,0,0,0.02523181,LOW PRIORITY,New,2026-06-13 17:00:59
7610,41,37292.0,3,Married,1,1,460.0,19.0,24.210526315789476,32,8,0.0,4804,0.3157894736842105,0.2631578947368421,18646.0,0,0,0.055544525,LOW PRIORITY,VIP,2026-06-13 17:00:59
7613,50,49669.0,2,Married,1,1,326.0,14.0,23.285714285714285,97,6,0.0,4403,0.3571428571428571,0.1428571428571428,24834.5,0,0,0.0009060808,LOW PRIORITY,Loyal,2026-06-13 17:00:59
7617,50,42373.0,3,Single,2,1,163.0,13.0,12.538461538461538,83,5,0.0,4685,0.1538461538461538,0.3846153846153846,14124.333333333334,0,0,0.010101838,LOW PRIORITY,Loyal,2026-06-13 17:00:59
7620,34,16185.0,1,Single,1,1,106.0,8.0,13.25,71,8,0.0,4695,0.25,0.25,8092.5,0,0,0.0013336755,LOW PRIORITY,Loyal,2026-06-13 17:00:59
7627,49,92163.0,4,Married,0,0,2086.0,21.0,99.33333333333331,25,2,0.4,4931,0.238095238095238,0.0,92163.0,0,1,0.9519103,HIGH PRIORITY,VIP,2026-06-13 17:00:59
7628,51,43050.0,2,Married,1,1,76.0,8.0,9.5,10,5,0.0,4470,0.25,0.25,21525.0,0,0,0.008588928,LOW PRIORITY,New,2026-06-13 17:00:59
7629,47,22108.0,3,Married,2,1,31.0,7.0,4.428571428571429,46,7,0.0,4419,0.2857142857142857,0.2857142857142857,7369.333333333333,0,0,0.0020692162,LOW PRIORITY,New,2026-06-13 17:00:59
7631,46,61346.0,4,Married,1,1,989.0,23.0,43.0,34,3,0.0,4633,0.217391304347826,0.0434782608695652,30673.0,0,0,0.0014920258,LOW PRIORITY,VIP,2026-06-13 17:00:59
7646,35,64449.0,3,Single,1,1,805.0,24.0,33.541666666666664,70,4,0.0,4498,0.2083333333333333,0.1666666666666666,32224.5,0,0,0.0005862067,LOW PRIORITY,At Risk,2026-06-13 17:00:59
7660,51,35860.0,5,Single,2,1,49.0,6.0,8.166666666666666,37,5,0.2,4408,0.1666666666666666,0.3333333333333333,11953.333333333334,0,1,0.7513309,HIGH PRIORITY,New,2026-06-13 17:00:59
7679,39,30298.0,5,Single,0,0,28.0,6.0,4.666666666666667,48,3,0.0,4408,0.1666666666666666,0.1666666666666666,30298.0,0,0,0.00491552,LOW PRIORITY,New,2026-06-13 17:00:59
7683,56,70777.0,4,Married,1,1,787.0,23.0,34.21739130434783,80,3,0.0,4491,0.217391304347826,0.1304347826086956,35388.5,0,0,0.0011239563,LOW PRIORITY,At Risk,2026-06-13 17:00:59
7685,46,33039.0,3,Married,1,1,78.0,7.0,11.142857142857142,4,5,0.0,4660,0.2857142857142857,0.1428571428571428,16519.5,0,0,0.058680005,LOW PRIORITY,New,2026-06-13 17:00:59
7698,48,51650.0,5,Married,1,1,191.0,10.0,19.1,81,5,0.0,4416,0.4,0.1,25825.0,0,0,0.0009560042,LOW PRIORITY,Loyal,2026-06-13 17:00:59
7699,55,40590.0,3,Widow,2,1,258.0,15.0,17.2,30,6,0.2,4637,0.2,0.3333333333333333,13530.0,0,0,0.25304347,LOW PRIORITY,New,2026-06-13 17:00:59
7706,49,46772.0,2,Married,1,1,1048.0,30.0,34.93333333333333,88,8,0.2,4966,0.3666666666666666,0.2,23386.0,0,0,0.04657312,LOW PRIORITY,At Risk,2026-06-13 17:00:59
7712,78,62159.0,5,Single,0,0,634.0,19.0,33.36842105263158,68,4,0.0,4429,0.3157894736842105,0.0526315789473684,62159.0,0,0,0.03001121,LOW PRIORITY,At Risk,2026-06-13 17:00:59
7718,77,66000.0,4,Married,0,0,711.0,10.0,71.1,36,1,0.0,4437,0.1,0.1,66000.0,0,0,0.0040080654,LOW PRIORITY,New,2026-06-13 17:00:59
7723,45,75507.0,3,Married,0,0,1440.0,21.0,68.57142857142857,56,3,0.0,4425,0.3809523809523809,0.0476190476190476,75507.0,0,0,0.020990392,LOW PRIORITY,At Risk,2026-06-13 17:00:59
7725,59,76800.0,2,Married,0,0,641.0,16.0,40.0625,33,1,0.0,4480,0.25,0.0625,76800.0,0,0,0.004543523,LOW PRIORITY,VIP,2026-06-13 17:00:59
7732,46,64813.0,3,Married,1,1,745.0,20.0,37.25,81,5,0.0,4545,0.35,0.05,32406.5,0,0,0.00071301893,LOW PRIORITY,At Risk,2026-06-13 17:00:59
7734,31,79244.0,3,Single,0,0,1216.0,22.0,55.27272727272727,58,1,0.4,4924,0.1818181818181818,0.0454545454545454,79244.0,0,1,0.868197,HIGH PRIORITY,At Risk,2026-06-13 17:00:59
7736,38,22518.0,3,Married,1,1,61.0,7.0,8.714285714285714,36,5,0.2,4982,0.2857142857142857,0.2857142857142857,11259.0,0,1,0.66739225,HIGH PRIORITY,New,2026-06-13 17:00:59
7755,70,57744.0,5,Married,1,1,411.0,16.0,25.6875,91,8,0.0,4596,0.5625,0.125,28872.0,0,0,0.011374609,LOW PRIORITY,Loyal,2026-06-13 17:00:59
7761,46,38702.0,2,Married,1,1,109.0,9.0,12.11111111111111,71,6,0.0,4699,0.3333333333333333,0.2222222222222222,19351.0,0,0,0.006905234,LOW PRIORITY,Loyal,2026-06-13 17:00:59
7786,38,29999.0,5,Single,1,1,160.0,12.0,13.333333333333334,22,8,0.0,4868,0.25,0.3333333333333333,14999.5,0,0,0.29082954,LOW PRIORITY,New,2026-06-13 17:00:59
7787,64,62807.0,3,Married,1,1,819.0,23.0,35.608695652173914,83,5,0.0,5034,0.217391304347826,0.1304347826086956,31403.5,0,0,0.023662599,LOW PRIORITY,At Risk,2026-06-13 17:00:59
7788,41,23536.0,5,Married,1,1,10.0,4.0,2.5,53,3,0.0,4392,0.0,0.25,11768.0,0,0,0.00031500956,LOW PRIORITY,Loyal,2026-06-13 17:00:59
7789,59,84618.0,5,Married,0,0,1672.0,26.0,64.3076923076923,96,2,0.2,4586,0.2307692307692307,0.0384615384615384,84618.0,0,0,0.00911691,LOW PRIORITY,At Risk,2026-06-13 17:00:59
7791,57,37054.0,4,Married,2,1,25.0,6.0,4.166666666666667,89,7,0.0,4654,0.1666666666666666,0.3333333333333333,12351.333333333334,0,0,0.0011304704,LOW PRIORITY,Loyal,2026-06-13 17:00:59
7793,48,62061.0,3,Married,1,1,800.0,24.0,33.333333333333336,12,6,0.2,4669,0.4166666666666667,0.125,31030.5,0,0,0.33066633,MEDIUM PRIORITY,VIP,2026-06-13 17:00:59
7798,52,46344.0,2,Married,1,1,429.0,17.0,25.235294117647054,28,7,0.0,4929,0.4117647058823529,0.2352941176470588,23172.0,0,0,0.035935268,LOW PRIORITY,New,2026-06-13 17:00:59
7801,65,54753.0,3,Married,1,1,728.0,21.0,34.666666666666664,87,4,0.0,4657,0.238095238095238,0.1428571428571428,27376.5,0,0,0.0013033014,LOW PRIORITY,At Risk,2026-06-13 17:00:59
7807,50,44989.0,3,Married,1,1,369.0,16.0,23.0625,26,6,0.0,5022,0.3125,0.3125,22494.5,0,0,0.19278808,LOW PRIORITY,New,2026-06-13 17:00:59
7822,48,54058.0,3,Married,1,1,662.0,20.0,33.1,56,3,0.0,4757,0.2,0.1,27029.0,0,0,0.0017734277,LOW PRIORITY,At Risk,2026-06-13 17:00:59
7828,43,77882.0,4,Married,0,0,818.0,12.0,68.16666666666667,29,1,0.0,4427,0.25,0.0833333333333333,77882.0,0,0,0.009736026,LOW PRIORITY,New,2026-06-13 17:00:59
7829,124,36640.0,2,Divorced,1,1,65.0,6.0,10.833333333333334,99,5,0.0,4643,0.3333333333333333,0.1666666666666666,18320.0,1,0,0.00207983,LOW PRIORITY,Loyal,2026-06-13 17:00:59
7832,65,77520.0,4,Married,1,1,1526.0,23.0,66.34782608695652,30,4,0.6,4672,0.3478260869565217,0.0434782608695652,38760.0,0,1,0.94267124,HIGH PRIORITY,VIP,2026-06-13 17:00:59
7842,56,36065.0,3,Single,2,1,74.0,9.0,8.222222222222221,54,8,0.0,4822,0.3333333333333333,0.3333333333333333,12021.666666666666,0,0,0.05620628,LOW PRIORITY,Loyal,2026-06-13 17:00:59
7848,50,49166.0,3,Single,1,1,368.0,13.0,28.307692307692307,17,6,0.0,4748,0.3846153846153846,0.1538461538461538,24583.0,0,0,0.057936423,LOW PRIORITY,New,2026-06-13 17:00:59
7849,54,80336.0,5,Married,0,0,1052.0,25.0,42.08,12,1,0.0,4660,0.08,0.04,80336.0,0,0,0.057409655,LOW PRIORITY,VIP,2026-06-13 17:00:59
7851,75,70165.0,3,Widow,0,0,926.0,22.0,42.09090909090909,60,1,0.0,4647,0.1363636363636363,0.0454545454545454,70165.0,0,0,0.05407835,LOW PRIORITY,At Risk,2026-06-13 17:00:59
7861,72,77027.0,4,Married,1,1,1175.0,19.0,61.8421052631579,23,4,0.0,4511,0.4210526315789473,0.1052631578947368,38513.5,0,0,0.012935952,LOW PRIORITY,VIP,2026-06-13 17:00:59
7872,49,86836.0,5,Married,0,0,557.0,23.0,24.217391304347824,7,5,0.6,5022,0.2608695652173913,0.0434782608695652,86836.0,0,1,0.98221165,HIGH PRIORITY,VIP,2026-06-13 17:00:59
7873,51,63516.0,5,Married,2,1,300.0,16.0,18.75,30,5,0.0,4725,0.25,0.25,21172.0,0,0,0.018339047,LOW PRIORITY,New,2026-06-13 17:00:59
7875,75,72025.0,3,Married,0,0,1677.0,26.0,64.5,46,2,0.6,4428,0.1538461538461538,0.0384615384615384,72025.0,0,1,0.86995256,HIGH PRIORITY,VIP,2026-06-13 17:00:59
7881,78,66835.0,4,Married,0,0,1033.0,24.0,43.04166666666666,21,2,0.0,4641,0.25,0.0416666666666666,66835.0,0,0,0.02096292,LOW PRIORITY,VIP,2026-06-13 17:00:59
7892,55,18589.0,3,Single,0,0,75.0,8.0,9.375,89,7,0.0,4910,0.25,0.25,18589.0,0,0,0.037924696,LOW PRIORITY,Loyal,2026-06-13 17:00:59
7899,72,77610.0,5,Married,1,1,1680.0,17.0,98.82352941176472,70,7,0.0,4975,0.2352941176470588,0.1176470588235294,38805.0,0,0,0.41440785,MEDIUM PRIORITY,At Risk,2026-06-13 17:00:59
7901,53,34109.0,4,Married,1,1,22.0,4.0,5.5,39,4,0.0,4602,0.0,0.25,17054.5,0,0,0.002890573,LOW PRIORITY,New,2026-06-13 17:00:59
7912,46,38136.0,3,Married,1,1,103.0,8.0,12.875,69,8,0.2,4800,0.375,0.25,19068.0,0,0,0.08656808,LOW PRIORITY,Loyal,2026-06-13 17:00:59
7919,48,72335.0,5,Married,0,0,2092.0,23.0,90.95652173913044,2,8,0.0,5052,0.4347826086956521,0.0434782608695652,72335.0,0,1,0.8968511,HIGH PRIORITY,VIP,2026-06-13 17:00:59
7922,73,64950.0,5,Single,1,1,966.0,25.0,38.64,29,7,0.2,5053,0.44,0.08,32475.0,0,0,0.93253714,HIGH PRIORITY,VIP,2026-06-13 17:00:59
7930,55,26877.0,4,Single,0,0,268.0,12.0,22.33333333333333,74,6,0.0,4681,0.25,0.1666666666666666,26877.0,0,0,0.019524205,LOW PRIORITY,Loyal,2026-06-13 17:00:59
7937,42,24711.0,3,Married,0,0,58.0,7.0,8.285714285714286,86,7,0.0,4439,0.4285714285714285,0.1428571428571428,24711.0,0,0,0.0011502776,LOW PRIORITY,Loyal,2026-06-13 17:00:59
7938,66,51518.0,5,Married,1,1,449.0,17.0,26.41176470588235,92,3,0.0,4636,0.1764705882352941,0.1176470588235294,25759.0,0,0,0.0017408958,LOW PRIORITY,Loyal,2026-06-13 17:00:59
7943,49,36663.0,5,Married,1,1,35.0,6.0,5.833333333333333,40,2,0.0,4432,0.1666666666666666,0.1666666666666666,18331.5,0,0,0.005368457,LOW PRIORITY,New,2026-06-13 17:00:59
7947,55,42231.0,3,Married,2,1,37.0,5.0,7.4,99,5,0.0,4463,0.2,0.2,14077.0,0,0,0.00046095863,LOW PRIORITY,Loyal,2026-06-13 17:00:59
7959,63,79410.0,3,Married,0,0,1370.0,11.0,124.54545454545456,19,1,0.0,4398,0.2727272727272727,0.0909090909090909,79410.0,0,0,0.085750185,LOW PRIORITY,VIP,2026-06-13 17:00:59
7960,62,82122.0,2,Married,0,0,1382.0,26.0,53.15384615384615,89,1,0.2,4685,0.1153846153846153,0.0384615384615384,82122.0,0,0,0.0068948437,LOW PRIORITY,At Risk,2026-06-13 17:00:59
7962,37,95169.0,5,Single,0,0,1901.0,12.0,158.41666666666666,1,1,0.4,4630,0.3333333333333333,0.0833333333333333,95169.0,0,1,0.98396605,HIGH PRIORITY,VIP,2026-06-13 17:00:59
7966,65,80982.0,3,Single,2,1,1191.0,30.0,39.7,48,5,0.0,4904,0.3666666666666666,0.1,26994.0,1,0,0.034256775,LOW PRIORITY,VIP,2026-06-13 17:00:59
7972,69,72906.0,3,Single,0,0,1151.0,17.0,67.70588235294117,79,1,0.0,4652,0.1764705882352941,0.0588235294117647,72906.0,0,0,0.018334018,LOW PRIORITY,At Risk,2026-06-13 17:00:59
7987,55,65747.0,3,Married,1,1,460.0,19.0,24.210526315789476,96,6,0.2,4481,0.4210526315789473,0.2105263157894736,32873.5,0,0,0.0021817228,LOW PRIORITY,At Risk,2026-06-13 17:00:59
7990,77,27469.0,3,Married,0,0,17.0,4.0,4.25,2,6,0.0,5063,0.0,0.25,27469.0,0,0,0.0114199165,LOW PRIORITY,New,2026-06-13 17:00:59
7998,66,28087.0,3,Married,2,1,112.0,9.0,12.444444444444445,77,7,0.0,4932,0.2222222222222222,0.3333333333333333,9362.333333333334,0,0,0.02081996,LOW PRIORITY,Loyal,2026-06-13 17:00:59
7999,69,75261.0,5,Married,0,0,1743.0,17.0,102.52941176470588,17,2,0.4,4799,0.2941176470588235,0.0588235294117647,75261.0,0,1,0.9665954,HIGH PRIORITY,VIP,2026-06-13 17:00:59
8008,41,36075.0,3,Married,1,1,119.0,7.0,17.0,54,6,0.0,4569,0.2857142857142857,0.1428571428571428,18037.5,0,0,0.009964237,LOW PRIORITY,Loyal,2026-06-13 17:00:59
8015,62,85696.0,5,Divorced,0,0,1313.0,20.0,65.65,88,1,0.0,4789,0.2,0.05,85696.0,0,1,0.5047391,MEDIUM PRIORITY,At Risk,2026-06-13 17:00:59
8017,43,51111.0,2,Married,2,1,55.0,7.0,7.857142857142857,83,6,0.0,4377,0.2857142857142857,0.2857142857142857,17037.0,0,0,0.0011874998,LOW PRIORITY,Loyal,2026-06-13 17:00:59
8026,72,62998.0,3,Married,1,1,463.0,19.0,24.36842105263158,10,5,0.0,4639,0.2631578947368421,0.2631578947368421,31499.0,0,0,0.04216266,LOW PRIORITY,VIP,2026-06-13 17:00:59
8029,36,90247.0,4,Single,0,0,1621.0,15.0,108.06666666666666,27,1,0.6,4428,0.2,0.0666666666666666,90247.0,0,1,0.9637883,HIGH PRIORITY,VIP,2026-06-13 17:00:59
8036,53,26850.0,2,Married,2,1,63.0,11.0,5.727272727272728,10,4,0.0,4439,0.1818181818181818,0.3636363636363636,8950.0,0,0,0.035210066,LOW PRIORITY,New,2026-06-13 17:00:59
8041,53,47111.0,5,Widow,1,1,1092.0,21.0,52.0,35,9,0.0,5026,0.1428571428571428,0.2857142857142857,23555.5,0,0,0.44563156,MEDIUM PRIORITY,VIP,2026-06-13 17:00:59
8070,51,54222.0,5,Married,1,1,264.0,12.0,22.0,98,3,0.0,4487,0.25,0.0833333333333333,27111.0,0,0,0.00079238735,LOW PRIORITY,Loyal,2026-06-13 17:00:59
8079,42,22448.0,3,Married,1,1,55.0,9.0,6.111111111111111,86,3,0.0,4490,0.2222222222222222,0.3333333333333333,11224.0,0,0,0.0009594328,LOW PRIORITY,Loyal,2026-06-13 17:00:59
8080,38,26816.0,3,Single,0,0,22.0,4.0,5.5,50,4,0.0,5048,0.0,0.25,26816.0,0,0,0.014198933,LOW PRIORITY,New,2026-06-13 17:00:59
8082,53,25721.0,3,Married,1,1,34.0,5.0,6.8,75,7,0.0,4771,0.2,0.2,12860.5,0,1,0.0037414157,LOW PRIORITY,Loyal,2026-06-13 17:00:59
8086,65,42243.0,3,Married,2,1,55.0,7.0,7.857142857142857,34,7,0.0,4567,0.2857142857142857,0.2857142857142857,14081.0,0,0,0.012357115,LOW PRIORITY,New,2026-06-13 17:00:59
8091,68,63943.0,3,Married,1,1,1106.0,17.0,65.05882352941177,50,5,0.0,5032,0.3529411764705882,0.0588235294117647,31971.5,0,0,0.08035716,LOW PRIORITY,At Risk,2026-06-13 17:00:59
8093,55,79734.0,4,Married,0,0,914.0,14.0,65.28571428571429,72,1,0.2,4368,0.2857142857142857,0.0714285714285714,79734.0,0,0,0.005426776,LOW PRIORITY,At Risk,2026-06-13 17:00:59
8104,73,53312.0,5,Married,0,0,278.0,12.0,23.166666666666668,32,7,0.0,4691,0.4166666666666667,0.0833333333333333,53312.0,0,0,0.027186247,LOW PRIORITY,New,2026-06-13 17:00:59
8132,49,60631.0,5,Married,2,1,661.0,24.0,27.541666666666668,88,7,0.2,4817,0.375,0.2083333333333333,20210.33333333333,0,0,0.21459611,LOW PRIORITY,At Risk,2026-06-13 17:00:59
8135,38,27161.0,4,Married,1,1,52.0,5.0,10.4,41,7,0.0,4611,0.2,0.2,13580.5,0,0,0.008535719,LOW PRIORITY,New,2026-06-13 17:00:59
8140,51,22682.0,3,Married,1,1,95.0,10.0,9.5,51,4,0.0,4636,0.2,0.3,11341.0,0,0,0.014149359,LOW PRIORITY,Loyal,2026-06-13 17:00:59
8143,39,37929.0,5,Single,0,0,265.0,13.0,20.384615384615383,49,7,0.4,4701,0.3076923076923077,0.1538461538461538,37929.0,0,1,0.91087264,HIGH PRIORITY,New,2026-06-13 17:00:59
8146,48,46106.0,4,Married,2,1,54.0,5.0,10.8,84,6,0.0,4416,0.2,0.2,15368.666666666666,0,0,0.0027935423,LOW PRIORITY,Loyal,2026-06-13 17:00:59
8147,64,31454.0,3,Married,2,1,48.0,8.0,6.0,40,8,0.0,4725,0.25,0.375,10484.666666666666,0,0,0.018458623,LOW PRIORITY,New,2026-06-13 17:00:59
8148,68,50898.0,4,Married,2,1,859.0,33.0,26.03030303030303,88,5,0.0,4904,0.1818181818181818,0.3939393939393939,16966.0,0,0,0.031974845,LOW PRIORITY,At Risk,2026-06-13 17:00:59
8151,34,24279.0,1,Married,0,0,263.0,9.0,29.22222222222222,6,8,0.0,4914,0.4444444444444444,0.1111111111111111,24279.0,0,0,0.025195286,LOW PRIORITY,New,2026-06-13 17:00:59
8159,56,51287.0,3,Married,2,1,182.0,11.0,16.545454545454547,10,7,0.0,4456,0.3636363636363636,0.2727272727272727,17095.666666666668,0,0,0.1262654,LOW PRIORITY,New,2026-06-13 17:00:59
8162,68,14661.0,4,Married,0,0,26.0,5.0,5.2,88,6,0.0,4911,0.2,0.2,14661.0,0,0,0.00808431,LOW PRIORITY,Loyal,2026-06-13 17:00:59
8164,46,82170.0,5,Married,0,0,1908.0,19.0,100.42105263157896,13,2,0.0,4583,0.2631578947368421,0.0526315789473684,82170.0,0,0,0.35991785,MEDIUM PRIORITY,VIP,2026-06-13 17:00:59
8175,32,34935.0,3,Married,0,0,137.0,8.0,17.125,71,7,0.0,4740,0.25,0.125,34935.0,0,0,0.0010783457,LOW PRIORITY,Loyal,2026-06-13 17:00:59
8180,72,59354.0,4,Divorced,2,1,310.0,15.0,20.666666666666668,53,6,0.0,4593,0.4,0.2,19784.666666666668,0,0,0.006650371,LOW PRIORITY,Loyal,2026-06-13 17:00:59
8181,46,38593.0,2,Single,1,1,177.0,11.0,16.09090909090909,42,8,0.0,4656,0.3636363636363636,0.2727272727272727,19296.5,0,0,0.03709045,LOW PRIORITY,New,2026-06-13 17:00:59
8182,40,23228.0,3,Married,1,1,121.0,11.0,11.0,91,8,0.0,4542,0.2727272727272727,0.3636363636363636,11614.0,0,0,0.017518278,LOW PRIORITY,Loyal,2026-06-13 17:00:59
8204,53,78041.0,2,Married,0,0,1319.0,18.0,73.27777777777777,93,2,0.0,4927,0.2222222222222222,0.0555555555555555,78041.0,0,0,0.040999167,LOW PRIORITY,At Risk,2026-06-13 17:00:59
8207,67,53233.0,2,Married,1,1,40.0,5.0,8.0,18,4,0.0,4470,0.2,0.2,26616.5,0,0,0.0022060438,LOW PRIORITY,New,2026-06-13 17:00:59
8210,49,54730.0,4,Married,1,1,405.0,18.0,22.5,64,4,0.0,4685,0.2222222222222222,0.2777777777777778,27365.0,0,0,0.006581,LOW PRIORITY,Loyal,2026-06-13 17:00:59
8212,53,39791.0,4,Married,1,1,174.0,10.0,17.4,89,7,0.0,4825,0.3,0.2,19895.5,0,0,0.030165508,LOW PRIORITY,Loyal,2026-06-13 17:00:59
8213,44,14515.0,2,Married,1,1,96.0,11.0,8.727272727272727,71,7,0.0,4964,0.1818181818181818,0.3636363636363636,7257.5,0,1,0.5336487,MEDIUM PRIORITY,Loyal,2026-06-13 17:00:59
8216,52,53761.0,4,Married,2,1,325.0,17.0,19.11764705882353,7,5,0.0,4628,0.2352941176470588,0.3529411764705882,17920.333333333332,0,0,0.27796608,LOW PRIORITY,New,2026-06-13 17:00:59
8230,44,33228.0,3,Married,1,1,71.0,6.0,11.833333333333334,28,7,0.0,4524,0.3333333333333333,0.1666666666666666,16614.0,0,0,0.023409765,LOW PRIORITY,New,2026-06-13 17:00:59
8233,74,64866.0,4,Widow,1,1,556.0,21.0,26.476190476190474,9,5,0.2,4521,0.3333333333333333,0.1904761904761904,32433.0,0,0,0.26005578,LOW PRIORITY,VIP,2026-06-13 17:00:59
8234,51,27190.0,1,Married,1,1,18.0,4.0,4.5,13,8,0.2,4685,0.25,0.25,13595.0,0,1,0.62629247,HIGH PRIORITY,New,2026-06-13 17:00:59
8235,68,69245.0,4,Married,1,1,843.0,23.0,36.65217391304348,8,3,0.0,4523,0.2608695652173913,0.0869565217391304,34622.5,0,0,0.01201319,LOW PRIORITY,VIP,2026-06-13 17:00:59
8254,50,34596.0,5,Married,1,1,23.0,4.0,5.75,48,8,0.0,4809,0.25,0.25,17298.0,0,0,0.13416354,LOW PRIORITY,New,2026-06-13 17:00:59
8268,63,51381.5,5,Married,1,1,404.0,17.0,23.764705882352946,23,6,0.0,4720,0.3529411764705882,0.1764705882352941,25690.75,0,0,0.03662371,LOW PRIORITY,New,2026-06-13 17:00:59
8275,59,47025.0,5,Divorced,2,1,20.0,4.0,5.0,6,7,0.0,4507,0.25,0.25,15675.0,0,0,0.02295226,LOW PRIORITY,New,2026-06-13 17:00:59
8278,34,74214.0,5,Married,0,0,1711.0,16.0,106.9375,3,5,0.0,5039,0.5,0.0625,74214.0,0,0,0.28424147,LOW PRIORITY,VIP,2026-06-13 17:00:59
8286,59,51717.0,5,Married,1,1,122.0,8.0,15.25,55,7,0.2,4680,0.375,0.125,25858.5,0,0,0.13735667,LOW PRIORITY,Loyal,2026-06-13 17:00:59
8299,35,33996.0,5,Single,0,0,71.0,6.0,11.833333333333334,46,4,0.0,4658,0.1666666666666666,0.1666666666666666,33996.0,0,0,0.0106815975,LOW PRIORITY,New,2026-06-13 17:00:59
8310,60,68142.0,3,Married,1,1,1459.0,24.0,60.79166666666666,96,6,0.0,5036,0.4166666666666667,0.125,34071.0,0,0,0.116729125,LOW PRIORITY,At Risk,2026-06-13 17:00:59
8312,63,28249.0,1,Married,0,0,43.0,6.0,7.166666666666667,80,6,0.0,4381,0.3333333333333333,0.1666666666666666,28249.0,0,0,0.0007848073,LOW PRIORITY,Loyal,2026-06-13 17:00:59
8314,42,79908.0,3,Married,0,0,1772.0,19.0,93.26315789473684,30,2,0.2,4817,0.2631578947368421,0.0526315789473684,79908.0,0,0,0.5251374,MEDIUM PRIORITY,VIP,2026-06-13 17:00:59
8315,29,34824.0,3,Single,0,0,23.0,4.0,5.75,65,6,0.0,4462,0.25,0.25,34824.0,0,0,0.0033933872,LOW PRIORITY,Loyal,2026-06-13 17:00:59
8318,45,90300.0,3,Married,0,0,1738.0,19.0,91.47368421052632,7,1,0.2,4544,0.2631578947368421,0.0,90300.0,0,0,0.42325798,MEDIUM PRIORITY,VIP,2026-06-13 17:00:59
8334,53,33316.0,4,Single,2,1,131.0,10.0,13.1,34,6,0.0,4635,0.2,0.3,11105.333333333334,0,0,0.10911043,LOW PRIORITY,New,2026-06-13 17:00:59
8341,55,30396.0,5,Married,1,1,34.0,6.0,5.666666666666667,22,7,0.2,4427,0.1666666666666666,0.3333333333333333,15198.0,0,1,0.5131864,MEDIUM PRIORITY,New,2026-06-13 17:00:59
8346,50,32233.0,3,Single,1,1,296.0,12.0,24.666666666666668,26,9,0.2,5046,0.5,0.1666666666666666,16116.5,0,1,0.7224322,HIGH PRIORITY,New,2026-06-13 17:00:59
8360,53,54690.0,2,Married,2,1,198.0,12.0,16.5,76,3,0.0,4601,0.25,0.25,18230.0,0,0,0.0014125691,LOW PRIORITY,Loyal,2026-06-13 17:00:59
8362,42,84169.0,5,Married,0,0,1919.0,20.0,95.95,9,3,0.4,4693,0.35,0.05,84169.0,0,1,0.99032974,HIGH PRIORITY,VIP,2026-06-13 17:00:59
8369,37,18227.0,3,Married,1,1,28.0,4.0,7.0,21,8,0.0,4965,0.0,0.25,9113.5,0,0,0.011497496,LOW PRIORITY,New,2026-06-13 17:00:59
8370,48,75484.0,2,Married,1,1,1159.0,18.0,64.38888888888889,50,4,0.0,5063,0.3888888888888889,0.1111111111111111,37742.0,0,0,0.07770279,LOW PRIORITY,At Risk,2026-06-13 17:00:59
8372,50,34421.0,3,Married,1,1,30.0,4.0,7.5,81,7,0.0,4730,0.25,0.25,17210.5,0,0,0.0148160355,LOW PRIORITY,Loyal,2026-06-13 17:00:59
8373,45,24594.0,1,Married,1,1,29.0,5.0,5.8,94,5,0.0,4568,0.2,0.2,12297.0,0,0,0.00033287518,LOW PRIORITY,Loyal,2026-06-13 17:00:59
8375,56,55954.0,5,Married,1,1,518.0,19.0,27.26315789473684,63,7,0.0,4485,0.4210526315789473,0.1578947368421052,27977.0,0,0,0.005185212,LOW PRIORITY,At Risk,2026-06-13 17:00:59
8387,67,43140.0,3,Married,1,1,235.0,11.0,21.363636363636363,68,6,0.0,4907,0.3636363636363636,0.0909090909090909,21570.0,0,0,0.018558877,LOW PRIORITY,Loyal,2026-06-13 17:00:59
8395,63,82014.0,3,Single,0,0,1511.0,22.0,68.68181818181819,48,6,0.0,5045,0.1363636363636363,0.0454545454545454,82014.0,0,1,0.9107984,HIGH PRIORITY,VIP,2026-06-13 17:00:59
8397,73,44689.0,3,Married,2,1,34.0,6.0,5.666666666666667,82,7,0.2,4537,0.1666666666666666,0.3333333333333333,14896.333333333334,0,0,0.008118985,LOW PRIORITY,Loyal,2026-06-13 17:00:59
8402,71,67087.0,4,Married,1,1,794.0,22.0,36.09090909090909,40,4,0.0,4561,0.3181818181818182,0.0909090909090909,33543.5,0,0,0.0030027523,LOW PRIORITY,VIP,2026-06-13 17:00:59
8405,45,68274.0,3,Divorced,2,1,305.0,13.0,23.46153846153846,83,3,0.0,4639,0.3076923076923077,0.1538461538461538,22758.0,0,0,0.0010895557,LOW PRIORITY,Loyal,2026-06-13 17:00:59
8414,62,33419.0,5,Single,1,1,86.0,8.0,10.75,76,7,0.0,4683,0.25,0.25,16709.5,0,0,0.008750743,LOW PRIORITY,Loyal,2026-06-13 17:00:59
8416,43,29009.0,3,Married,1,1,44.0,7.0,6.285714285714286,19,6,0.0,4579,0.2857142857142857,0.2857142857142857,14504.5,0,0,0.02634476,LOW PRIORITY,New,2026-06-13 17:00:59
8418,66,38741.0,2,Single,2,1,61.0,7.0,8.714285714285714,60,7,0.0,4458,0.2857142857142857,0.2857142857142857,12913.666666666666,0,0,0.0077804546,LOW PRIORITY,Loyal,2026-06-13 17:00:59
8420,54,15315.0,2,Married,0,0,64.0,8.0,8.0,27,5,0.0,4697,0.25,0.25,15315.0,0,0,0.016764687,LOW PRIORITY,New,2026-06-13 17:00:59
8427,68,64857.0,4,Single,0,0,1540.0,23.0,66.95652173913044,78,4,0.0,4950,0.3043478260869565,0.0434782608695652,64857.0,0,0,0.4031906,MEDIUM PRIORITY,At Risk,2026-06-13 17:00:59
8430,67,21994.0,3,Married,1,1,22.0,4.0,5.5,4,5,0.0,4919,0.0,0.25,10997.0,0,0,0.010122416,LOW PRIORITY,New,2026-06-13 17:00:59
8432,68,54450.0,3,Married,2,1,684.0,31.0,22.06451612903226,0,8,0.0,5020,0.2903225806451613,0.3870967741935484,18150.0,0,0,0.29183313,LOW PRIORITY,VIP,2026-06-13 17:00:59
8439,60,63404.0,3,Married,2,1,902.0,15.0,60.13333333333333,97,4,0.2,4390,0.4,0.1333333333333333,21134.666666666668,0,0,0.0011929362,LOW PRIORITY,At Risk,2026-06-13 17:00:59
8442,39,19510.0,4,Married,2,1,30.0,6.0,5.0,63,7,0.0,4665,0.1666666666666666,0.3333333333333333,6503.333333333333,0,0,0.023715092,LOW PRIORITY,Loyal,2026-06-13 17:00:59
8443,52,24762.0,3,Single,1,1,86.0,9.0,9.555555555555555,16,8,0.2,4506,0.3333333333333333,0.3333333333333333,12381.0,0,1,0.9773192,HIGH PRIORITY,New,2026-06-13 17:00:59
8461,62,46102.0,3,Divorced,3,1,16.0,4.0,4.0,3,7,0.0,4478,0.25,0.25,11525.5,0,0,0.011730485,LOW PRIORITY,New,2026-06-13 17:00:59
8462,46,24882.0,1,Married,1,1,80.0,5.0,16.0,52,6,0.2,5025,0.2,0.2,12441.0,0,0,0.11163249,LOW PRIORITY,Loyal,2026-06-13 17:00:59
8475,51,157243.0,5,Married,1,1,1608.0,37.0,43.45945945945946,98,0,0.0,4487,0.0,0.4054054054054054,78621.5,0,0,0.017227802,LOW PRIORITY,At Risk,2026-06-13 17:00:59
8477,68,26150.0,3,Divorced,3,1,28.0,5.0,5.6,61,7,0.0,4842,0.2,0.2,6537.5,0,0,0.0057793884,LOW PRIORITY,Loyal,2026-06-13 17:00:59
8486,53,30538.0,4,Married,1,1,367.0,17.0,21.58823529411765,27,10,0.0,5003,0.5294117647058824,0.2352941176470588,15269.0,0,0,0.37008595,MEDIUM PRIORITY,New,2026-06-13 17:00:59
8492,46,75437.0,3,Married,0,0,1493.0,23.0,64.91304347826087,25,6,0.2,4599,0.3478260869565217,0.0434782608695652,75437.0,0,0,0.29575583,LOW PRIORITY,VIP,2026-06-13 17:00:59
8504,51,79593.0,3,Married,0,0,1366.0,19.0,71.89473684210526,70,2,0.2,4415,0.2631578947368421,0.0526315789473684,79593.0,0,0,0.011632726,LOW PRIORITY,At Risk,2026-06-13 17:00:59
8514,48,29478.0,3,Married,1,1,20.0,5.0,4.0,59,6,0.0,4530,0.2,0.2,14739.0,0,0,0.0018500517,LOW PRIORITY,Loyal,2026-06-13 17:00:59
8523,56,19329.0,3,Married,1,1,60.0,10.0,6.0,39,8,0.0,4564,0.4,0.3,9664.5,0,0,0.05024844,LOW PRIORITY,New,2026-06-13 17:00:59
8524,50,25509.0,5,Divorced,1,1,101.0,9.0,11.22222222222222,15,9,0.0,5016,0.3333333333333333,0.3333333333333333,12754.5,0,1,0.96485937,HIGH PRIORITY,New,2026-06-13 17:00:59
8527,59,65735.0,4,Married,2,1,395.0,19.0,20.789473684210527,37,7,0.0,4571,0.3157894736842105,0.2631578947368421,21911.666666666668,0,0,0.013058795,LOW PRIORITY,VIP,2026-06-13 17:00:59
8534,72,67433.0,3,Married,2,1,992.0,28.0,35.42857142857143,51,4,0.2,4715,0.2142857142857142,0.1428571428571428,22477.666666666668,0,0,0.011925361,LOW PRIORITY,At Risk,2026-06-13 17:00:59
8537,75,72643.0,3,Widow,0,0,1429.0,21.0,68.04761904761905,60,2,0.2,4854,0.1428571428571428,0.0476190476190476,72643.0,0,1,0.9075756,HIGH PRIORITY,At Risk,2026-06-13 17:00:59
8541,34,24683.0,2,Married,1,1,41.0,8.0,5.125,98,5,0.0,4480,0.25,0.25,12341.5,0,0,9.568297e-05,LOW PRIORITY,Loyal,2026-06-13 17:00:59
8545,70,85683.0,3,Divorced,0,0,1789.0,17.0,105.23529411764706,6,1,0.8,4467,0.1176470588235294,0.0588235294117647,85683.0,0,1,0.97302794,HIGH PRIORITY,VIP,2026-06-13 17:00:59
8553,59,44300.0,3,Married,2,1,42.0,6.0,7.0,65,6,0.0,4738,0.1666666666666666,0.3333333333333333,14766.666666666666,0,0,0.0020602557,LOW PRIORITY,Loyal,2026-06-13 17:00:59
8557,42,51381.5,3,Single,1,1,46.0,7.0,6.571428571428571,57,6,0.0,4744,0.2857142857142857,0.2857142857142857,25690.75,0,0,0.009406874,LOW PRIORITY,Loyal,2026-06-13 17:00:59
8560,32,48789.0,3,Single,0,0,680.0,18.0,37.77777777777778,94,6,0.0,5024,0.3333333333333333,0.0555555555555555,48789.0,0,0,0.01549899,LOW PRIORITY,At Risk,2026-06-13 17:00:59
8562,55,54165.0,3,Married,0,0,236.0,11.0,21.454545454545453,72,2,0.0,4764,0.1818181818181818,0.0909090909090909,54165.0,0,0,0.0025820287,LOW PRIORITY,Loyal,2026-06-13 17:00:59
8566,63,32583.0,5,Married,2,1,9.0,4.0,2.25,10,7,0.0,4381,0.25,0.25,10861.0,0,0,0.01031744,LOW PRIORITY,New,2026-06-13 17:00:59
8581,53,49505.0,4,Married,2,1,751.0,29.0,25.89655172413793,4,8,0.0,4848,0.3448275862068966,0.3103448275862069,16501.666666666668,0,0,0.40869418,MEDIUM PRIORITY,VIP,2026-06-13 17:00:59
8584,72,85431.0,5,Married,0,0,1165.0,17.0,68.52941176470588,54,0,0.0,4753,0.1176470588235294,0.0588235294117647,85431.0,0,0,0.011856779,LOW PRIORITY,At Risk,2026-06-13 17:00:59
8588,63,60544.0,3,Married,2,1,289.0,15.0,19.266666666666666,92,6,0.0,5040,0.3333333333333333,0.2666666666666666,20181.33333333333,0,0,0.08101943,LOW PRIORITY,Loyal,2026-06-13 17:00:59
8594,66,50520.0,5,Widow,1,1,135.0,9.0,15.0,25,6,0.0,4519,0.3333333333333333,0.2222222222222222,25260.0,0,0,0.019665422,LOW PRIORITY,New,2026-06-13 17:00:59
8595,51,42429.0,3,Widow,1,1,67.0,7.0,9.571428571428571,99,5,0.0,4505,0.1428571428571428,0.2857142857142857,21214.5,0,0,0.0042859283,LOW PRIORITY,Loyal,2026-06-13 17:00:59
8601,44,80011.0,3,Married,1,1,1395.0,21.0,66.42857142857143,3,4,0.0,4793,0.3809523809523809,0.0952380952380952,40005.5,0,0,0.11377819,LOW PRIORITY,VIP,2026-06-13 17:00:59
8602,60,69932.0,3,Divorced,1,1,1049.0,26.0,40.34615384615385,97,4,0.0,4749,0.2692307692307692,0.0769230769230769,34966.0,0,0,0.002283143,LOW PRIORITY,At Risk,2026-06-13 17:00:59
8605,60,46910.0,5,Married,2,1,68.0,7.0,9.714285714285714,36,6,0.0,4465,0.2857142857142857,0.2857142857142857,15636.666666666666,0,0,0.006426736,LOW PRIORITY,New,2026-06-13 17:00:59
8614,67,65486.0,3,Widow,1,1,507.0,17.0,29.823529411764707,29,2,0.0,4415,0.2352941176470588,0.0588235294117647,32743.0,0,0,0.0026316592,LOW PRIORITY,VIP,2026-06-13 17:00:59
8619,67,21994.0,3,Married,1,1,22.0,4.0,5.5,4,5,0.0,4919,0.0,0.25,10997.0,0,0,0.010122416,LOW PRIORITY,New,2026-06-13 17:00:59
8624,66,81320.0,3,Married,0,0,928.0,18.0,51.55555555555556,61,2,0.0,4875,0.2222222222222222,0.0555555555555555,81320.0,0,0,0.020954465,LOW PRIORITY,At Risk,2026-06-13 17:00:59
8625,48,17649.0,3,Married,1,1,45.0,9.0,5.0,70,8,0.0,4596,0.3333333333333333,0.3333333333333333,8824.5,0,0,0.016295115,LOW PRIORITY,Loyal,2026-06-13 17:00:59
8629,68,46984.0,3,Widow,2,1,41.0,5.0,8.2,71,5,0.0,4827,0.2,0.2,15661.333333333334,0,0,0.0042758365,LOW PRIORITY,Loyal,2026-06-13 17:00:59
8643,53,69930.0,3,Married,0,0,1662.0,22.0,75.54545454545455,21,3,0.0,4766,0.1818181818181818,0.0454545454545454,69930.0,0,0,0.15607777,LOW PRIORITY,VIP,2026-06-13 17:00:59
8650,46,54162.0,3,Widow,2,1,42.0,5.0,8.4,31,4,0.0,4835,0.2,0.2,18054.0,0,0,0.016354874,LOW PRIORITY,New,2026-06-13 17:00:59
8652,78,37760.0,3,Married,0,0,317.0,13.0,24.384615384615383,20,7,0.0,5034,0.3076923076923077,0.1538461538461538,37760.0,0,0,0.1843217,LOW PRIORITY,New,2026-06-13 17:00:59
8659,72,69805.0,5,Married,1,1,1038.0,27.0,38.44444444444444,50,2,0.0,4526,0.2222222222222222,0.074074074074074,34902.5,0,0,0.0026420888,LOW PRIORITY,At Risk,2026-06-13 17:00:59
8663,50,39996.0,3,Divorced,2,1,15.0,4.0,3.75,85,6,0.0,4405,0.25,0.25,13332.0,0,0,0.0005661365,LOW PRIORITY,Loyal,2026-06-13 17:00:59
8685,47,42014.0,3,Married,1,1,436.0,20.0,21.8,56,8,0.0,5048,0.35,0.3,21007.0,0,1,0.50282097,MEDIUM PRIORITY,At Risk,2026-06-13 17:00:59
8686,45,23724.0,1,Married,1,1,75.0,7.0,10.714285714285714,65,8,0.0,4904,0.2857142857142857,0.2857142857142857,11862.0,0,0,0.072062016,LOW PRIORITY,Loyal,2026-06-13 17:00:59
8687,46,53172.0,3,Married,1,1,486.0,16.0,30.375,54,3,0.0,4786,0.125,0.1875,26586.0,0,0,0.004020186,LOW PRIORITY,Loyal,2026-06-13 17:00:59
8690,62,86111.0,3,Married,0,0,1385.0,23.0,60.21739130434783,73,2,0.0,4803,0.217391304347826,0.0434782608695652,86111.0,0,0,0.028252577,LOW PRIORITY,At Risk,2026-06-13 17:00:59
8692,72,43462.0,3,Married,2,1,240.0,16.0,15.0,50,8,0.0,5022,0.25,0.375,14487.333333333334,0,0,0.31396934,MEDIUM PRIORITY,Loyal,2026-06-13 17:00:59
8700,38,14906.0,1,Single,0,0,66.0,9.0,7.333333333333333,86,7,0.0,4921,0.2222222222222222,0.3333333333333333,14906.0,0,0,0.008124017,LOW PRIORITY,Loyal,2026-06-13 17:00:59
8702,48,26907.0,2,Married,2,1,22.0,6.0,3.6666666666666665,10,7,0.0,4680,0.1666666666666666,0.3333333333333333,8969.0,0,0,0.1104376,LOW PRIORITY,New,2026-06-13 17:00:59
8707,68,79456.0,3,Married,0,0,1401.0,16.0,87.5625,12,3,0.0,5043,0.3125,0.0625,79456.0,0,1,0.9522639,HIGH PRIORITY,VIP,2026-06-13 17:00:59
8717,49,80427.0,5,Married,1,1,1835.0,28.0,65.53571428571429,56,5,0.0,5022,0.3928571428571428,0.0357142857142857,40213.5,0,0,0.2917339,LOW PRIORITY,At Risk,2026-06-13 17:00:59
8720,46,51381.5,2,Married,0,0,1679.0,1.0,1679.0,53,0,0.2,5053,0.0,0.0,51381.5,0,0,0.011363466,LOW PRIORITY,Loyal,2026-06-13 17:00:59
8722,67,82347.0,2,Married,0,0,1853.0,25.0,74.12,38,3,0.4,4967,0.28,0.04,82347.0,0,1,0.961103,HIGH PRIORITY,VIP,2026-06-13 17:00:59
8724,42,28567.0,3,Single,1,1,46.0,7.0,6.571428571428571,57,6,0.0,4744,0.2857142857142857,0.2857142857142857,14283.5,0,0,0.012709652,LOW PRIORITY,Loyal,2026-06-13 17:00:59
8726,60,41713.0,2,Divorced,2,1,174.0,13.0,13.384615384615383,57,6,0.0,4428,0.2307692307692307,0.3846153846153846,13904.333333333334,0,0,0.02614242,LOW PRIORITY,Loyal,2026-06-13 17:00:59
8727,46,63693.0,3,Divorced,1,1,1150.0,29.0,39.6551724137931,63,6,0.0,4625,0.3793103448275862,0.1034482758620689,31846.5,0,0,0.0011605324,LOW PRIORITY,At Risk,2026-06-13 17:00:59
8732,55,67369.0,4,Widow,1,1,1461.0,25.0,58.44,81,4,0.4,4956,0.28,0.16,33684.5,0,1,0.6540413,HIGH PRIORITY,At Risk,2026-06-13 17:00:59
8737,46,55563.0,3,Divorced,1,1,43.0,6.0,7.166666666666667,22,3,0.0,4452,0.3333333333333333,0.1666666666666666,27781.5,0,0,0.0025671145,LOW PRIORITY,New,2026-06-13 17:00:59
8746,35,75433.0,3,Married,1,1,1188.0,19.0,62.526315789473685,28,6,0.4,4452,0.1052631578947368,0.1052631578947368,37716.5,0,0,0.0064616282,LOW PRIORITY,VIP,2026-06-13 17:00:59
8749,40,37235.0,3,Married,1,1,61.0,5.0,12.2,68,4,0.0,4515,0.2,0.2,18617.5,0,0,0.002992277,LOW PRIORITY,Loyal,2026-06-13 17:00:59
8754,50,45068.0,5,Married,1,1,20.0,4.0,5.0,25,7,0.0,4776,0.25,0.25,22534.0,0,0,0.025456889,LOW PRIORITY,New,2026-06-13 17:00:59
8755,78,68657.0,4,Married,0,0,1196.0,18.0,66.44444444444444,4,7,0.0,4861,0.1666666666666666,0.0555555555555555,68657.0,0,0,0.42115936,MEDIUM PRIORITY,VIP,2026-06-13 17:00:59
8773,53,57420.0,4,Married,1,1,322.0,15.0,21.466666666666665,22,7,0.2,4736,0.3333333333333333,0.2,28710.0,0,0,0.3490979,MEDIUM PRIORITY,New,2026-06-13 17:00:59
8775,55,38361.0,3,Married,1,1,137.0,10.0,13.7,74,7,0.0,4551,0.3,0.3,19180.5,0,0,0.012062846,LOW PRIORITY,Loyal,2026-06-13 17:00:59
8779,39,36145.0,2,Married,1,1,172.0,12.0,14.333333333333334,13,9,0.2,4745,0.3333333333333333,0.3333333333333333,18072.5,0,1,0.8713628,HIGH PRIORITY,New,2026-06-13 17:00:59
8780,74,59292.0,5,Married,1,1,507.0,18.0,28.166666666666668,71,3,0.0,4748,0.1666666666666666,0.1111111111111111,29646.0,0,0,0.008191616,LOW PRIORITY,At Risk,2026-06-13 17:00:59
8783,74,57045.0,3,Married,1,1,454.0,18.0,25.22222222222222,40,3,0.0,5026,0.2222222222222222,0.1666666666666666,28522.5,0,0,0.028040465,LOW PRIORITY,VIP,2026-06-13 17:00:59
8786,68,62058.0,4,Married,1,1,450.0,18.0,25.0,52,6,0.0,4766,0.3333333333333333,0.2222222222222222,31029.0,0,0,0.019904282,LOW PRIORITY,At Risk,2026-06-13 17:00:59
8789,35,59060.0,2,Married,1,1,274.0,14.0,19.571428571428573,77,4,0.0,4536,0.2142857142857142,0.2142857142857142,29530.0,0,0,0.00017449824,LOW PRIORITY,Loyal,2026-06-13 17:00:59
8799,40,38175.0,5,Married,1,1,153.0,11.0,13.909090909090908,6,7,0.0,4646,0.2727272727272727,0.2727272727272727,19087.5,0,0,0.27597395,LOW PRIORITY,New,2026-06-13 17:00:59
8800,81,48948.0,5,Divorced,0,0,902.0,24.0,37.583333333333336,53,6,0.2,4880,0.2916666666666667,0.0833333333333333,48948.0,0,1,0.9528873,HIGH PRIORITY,At Risk,2026-06-13 17:00:59
8805,64,48904.0,3,Single,1,1,371.0,17.0,21.823529411764707,1,8,0.0,4941,0.4117647058823529,0.2352941176470588,24452.0,0,0,0.339476,MEDIUM PRIORITY,New,2026-06-13 17:00:59
8812,45,13533.0,2,Divorced,1,1,48.0,7.0,6.857142857142857,45,7,0.0,4843,0.2857142857142857,0.2857142857142857,6766.5,0,0,0.047134433,LOW PRIORITY,New,2026-06-13 17:00:59
8825,62,51195.0,3,Married,2,1,564.0,24.0,23.5,46,8,0.0,4821,0.375,0.3333333333333333,17065.0,0,0,0.07503488,LOW PRIORITY,VIP,2026-06-13 17:00:59
8832,48,37509.0,4,Married,1,1,123.0,9.0,13.666666666666666,24,7,0.0,5022,0.3333333333333333,0.2222222222222222,18754.5,0,0,0.34789926,MEDIUM PRIORITY,New,2026-06-13 17:00:59
8842,53,30372.0,3,Widow,2,1,44.0,8.0,5.5,33,7,0.0,4918,0.25,0.375,10124.0,0,0,0.06056835,LOW PRIORITY,New,2026-06-13 17:00:59
8852,48,61064.0,3,Married,1,1,1080.0,28.0,38.57142857142857,80,6,0.0,5034,0.2857142857142857,0.1785714285714285,30532.0,0,0,0.020854512,LOW PRIORITY,At Risk,2026-06-13 17:00:59
8858,52,44325.0,5,Married,1,1,542.0,21.0,25.80952380952381,69,8,0.2,4846,0.3809523809523809,0.1904761904761904,22162.5,0,0,0.20543484,LOW PRIORITY,At Risk,2026-06-13 17:00:59
8867,36,67546.0,5,Married,0,0,2126.0,20.0,106.3,90,3,0.0,5034,0.2,0.05,67546.0,0,0,0.02813969,LOW PRIORITY,At Risk,2026-06-13 17:00:59
8870,40,35196.0,3,Married,1,1,497.0,18.0,27.61111111111111,68,8,0.0,4960,0.3333333333333333,0.3333333333333333,17598.0,0,1,0.11733969,LOW PRIORITY,At Risk,2026-06-13 17:00:59
8876,61,33629.0,5,Married,2,1,152.0,13.0,11.692307692307692,49,9,0.0,5057,0.2307692307692307,0.3846153846153846,11209.666666666666,0,0,0.17133588,LOW PRIORITY,New,2026-06-13 17:00:59
8890,53,65808.0,5,Divorced,2,1,272.0,14.0,19.428571428571427,1,6,0.0,4397,0.3571428571428571,0.2142857142857142,21936.0,0,0,0.04544851,LOW PRIORITY,New,2026-06-13 17:00:59
8895,39,70596.0,3,Single,0,0,968.0,21.0,46.095238095238095,68,2,0.0,4999,0.1428571428571428,0.0476190476190476,70596.0,0,0,0.22168973,LOW PRIORITY,At Risk,2026-06-13 17:00:59
8897,59,42720.0,3,Single,2,1,654.0,25.0,26.16,9,8,0.0,4798,0.28,0.32,14240.0,0,1,0.88529253,HIGH PRIORITY,VIP,2026-06-13 17:00:59
8908,65,87195.0,3,Married,0,0,1097.0,20.0,54.85,35,1,0.0,4419,0.15,0.05,87195.0,0,1,0.020310434,LOW PRIORITY,VIP,2026-06-13 17:00:59
8910,69,42586.0,3,Married,2,1,252.0,16.0,15.75,7,8,0.0,4975,0.25,0.3125,14195.333333333334,0,1,0.89956504,HIGH PRIORITY,New,2026-06-13 17:00:59
8911,57,56320.0,5,Married,1,1,702.0,21.0,33.42857142857143,11,4,0.0,4814,0.238095238095238,0.1428571428571428,28160.0,0,0,0.06866023,LOW PRIORITY,VIP,2026-06-13 17:00:59
8916,49,36627.0,3,Divorced,2,1,16.0,4.0,4.0,78,5,0.0,4708,0.0,0.25,12209.0,0,0,0.00026510516,LOW PRIORITY,Loyal,2026-06-13 17:00:59
8920,57,59235.0,4,Single,1,1,1128.0,28.0,40.285714285714285,4,7,0.0,4900,0.3928571428571428,0.1071428571428571,29617.5,0,0,0.18852872,LOW PRIORITY,VIP,2026-06-13 17:00:59
8923,51,83917.0,3,Single,0,0,1587.0,21.0,75.57142857142857,12,3,0.0,4804,0.2857142857142857,0.0476190476190476,83917.0,0,1,0.9769284,HIGH PRIORITY,VIP,2026-06-13 17:00:59
8925,59,70053.0,4,Married,1,1,1012.0,26.0,38.92307692307692,38,5,0.0,4728,0.3076923076923077,0.1153846153846153,35026.5,0,0,0.017054556,LOW PRIORITY,VIP,2026-06-13 17:00:59
8931,38,83033.0,3,Married,1,1,1761.0,26.0,67.73076923076923,82,5,0.2,4409,0.4230769230769231,0.0384615384615384,41516.5,0,0,0.0021924993,LOW PRIORITY,At Risk,2026-06-13 17:00:59
8932,55,65176.0,4,Married,1,1,1531.0,25.0,61.24,57,6,0.0,4975,0.36,0.16,32588.0,0,0,0.31348777,MEDIUM PRIORITY,At Risk,2026-06-13 17:00:59
8933,41,32146.0,2,Married,1,1,66.0,8.0,8.25,16,6,0.0,4415,0.25,0.25,16073.0,0,0,0.019854877,LOW PRIORITY,New,2026-06-13 17:00:59
8939,65,61250.0,3,Divorced,1,1,730.0,25.0,29.2,49,5,0.0,4927,0.2,0.24,30625.0,0,0,0.05262176,LOW PRIORITY,VIP,2026-06-13 17:00:59
8945,54,54137.0,3,Divorced,1,1,203.0,11.0,18.454545454545453,46,6,0.0,4684,0.3636363636363636,0.1818181818181818,27068.5,0,0,0.010342804,LOW PRIORITY,New,2026-06-13 17:00:59
8952,71,65569.0,4,Married,1,1,859.0,23.0,37.34782608695652,96,3,0.0,4968,0.2608695652173913,0.0869565217391304,32784.5,0,0,0.027688479,LOW PRIORITY,At Risk,2026-06-13 17:00:59
8953,59,35791.0,4,Single,3,1,35.0,6.0,5.833333333333333,94,8,0.0,4786,0.1666666666666666,0.3333333333333333,8947.75,0,0,0.005496344,LOW PRIORITY,Loyal,2026-06-13 17:00:59
8955,67,40451.0,5,Married,2,1,49.0,5.0,9.8,54,5,0.2,4500,0.2,0.2,13483.666666666666,0,0,0.015674284,LOW PRIORITY,Loyal,2026-06-13 17:00:59
8957,72,64831.0,2,Single,2,1,1120.0,22.0,50.90909090909091,51,6,0.0,4751,0.2727272727272727,0.3636363636363636,21610.33333333333,0,0,0.093668774,LOW PRIORITY,At Risk,2026-06-13 17:00:59
8962,49,44319.0,4,Married,2,1,37.0,7.0,5.285714285714286,18,5,0.0,4440,0.2857142857142857,0.2857142857142857,14773.0,0,0,0.005567828,LOW PRIORITY,New,2026-06-13 17:00:59
8969,47,71855.0,3,Married,1,1,1141.0,25.0,45.64,59,3,0.0,4896,0.2,0.16,35927.5,0,0,0.005250417,LOW PRIORITY,At Risk,2026-06-13 17:00:59
8970,52,62010.0,5,Married,1,1,530.0,19.0,27.894736842105264,93,5,0.0,4981,0.3157894736842105,0.2105263157894736,31005.0,0,0,0.18725596,LOW PRIORITY,At Risk,2026-06-13 17:00:59
8975,56,19514.0,3,Married,2,1,69.0,10.0,6.9,47,8,0.2,4521,0.3,0.4,6504.666666666667,0,0,0.4614315,MEDIUM PRIORITY,New,2026-06-13 17:00:59
8977,39,16581.0,1,Single,0,0,24.0,4.0,6.0,51,4,0.0,4900,0.0,0.25,16581.0,0,0,0.011506749,LOW PRIORITY,Loyal,2026-06-13 17:00:59
8985,60,68316.0,2,Married,1,1,1211.0,32.0,37.84375,54,6,0.0,4969,0.3125,0.15625,34158.0,0,0,0.04326844,LOW PRIORITY,At Risk,2026-06-13 17:00:59
8996,67,51381.5,5,Married,3,1,603.0,29.0,20.79310344827586,4,9,0.0,4954,0.2413793103448276,0.4137931034482758,12845.375,0,0,0.8550034,HIGH PRIORITY,VIP,2026-06-13 17:00:59
9010,52,83151.0,4,Married,0,0,2346.0,23.0,102.0,80,2,0.6,4871,0.217391304347826,0.0434782608695652,83151.0,0,1,0.9467114,HIGH PRIORITY,At Risk,2026-06-13 17:00:59
9014,49,37085.0,3,Married,2,1,61.0,10.0,6.1,65,8,0.0,4370,0.3,0.4,12361.666666666666,0,0,0.0141118085,LOW PRIORITY,Loyal,2026-06-13 17:00:59
9029,52,70116.0,5,Married,0,0,1536.0,23.0,66.78260869565217,73,1,0.0,4886,0.0869565217391304,0.0434782608695652,70116.0,0,0,0.012564369,LOW PRIORITY,At Risk,2026-06-13 17:00:59
9058,69,79800.0,3,Widow,0,0,1867.0,22.0,84.86363636363636,65,3,0.6,5011,0.2272727272727272,0.0454545454545454,79800.0,0,1,0.9950665,HIGH PRIORITY,At Risk,2026-06-13 17:00:59
9064,42,69109.0,3,Married,0,0,1555.0,20.0,77.75,10,4,0.2,4964,0.3,0.05,69109.0,0,1,0.9658817,HIGH PRIORITY,VIP,2026-06-13 17:00:59
9076,44,30732.0,5,Married,1,1,185.0,13.0,14.23076923076923,44,8,0.0,4907,0.3076923076923077,0.3076923076923077,15366.0,0,0,0.27593762,LOW PRIORITY,New,2026-06-13 17:00:59
9080,52,38578.0,5,Single,2,1,73.0,9.0,8.11111111111111,2,8,0.0,4739,0.3333333333333333,0.3333333333333333,12859.333333333334,0,0,0.37755284,MEDIUM PRIORITY,New,2026-06-13 17:00:59
9081,36,20518.0,3,Single,1,1,25.0,5.0,5.0,58,5,0.0,4409,0.2,0.2,10259.0,0,0,0.0003816272,LOW PRIORITY,Loyal,2026-06-13 17:00:59
9094,69,62972.0,2,Married,1,1,587.0,16.0,36.6875,39,6,0.0,5062,0.4375,0.125,31486.0,0,1,0.34673917,MEDIUM PRIORITY,VIP,2026-06-13 17:00:59
9097,68,46086.0,3,Divorced,1,1,343.0,16.0,21.4375,34,4,0.0,4605,0.1875,0.25,23043.0,0,0,0.009041339,LOW PRIORITY,New,2026-06-13 17:00:59
9119,74,60905.0,3,Married,1,1,392.0,15.0,26.133333333333333,27,2,0.0,4573,0.2,0.1333333333333333,30452.5,0,0,0.0015209321,LOW PRIORITY,New,2026-06-13 17:00:59
9120,62,66565.0,3,Single,1,1,1065.0,19.0,56.05263157894737,80,8,0.0,4938,0.2105263157894736,0.2105263157894736,33282.5,0,0,0.017918989,LOW PRIORITY,At Risk,2026-06-13 17:00:59
9121,52,80134.0,3,Married,1,1,1690.0,16.0,105.625,40,6,0.6,4772,0.3125,0.125,40067.0,0,1,0.9794763,HIGH PRIORITY,VIP,2026-06-13 17:00:59
9135,74,27203.0,3,Married,2,1,64.0,6.0,10.666666666666666,92,8,0.0,5059,0.1666666666666666,0.3333333333333333,9067.666666666666,0,0,0.014408498,LOW PRIORITY,Loyal,2026-06-13 17:00:59
9140,64,50523.0,2,Married,2,1,91.0,8.0,11.375,89,6,0.0,4553,0.25,0.25,16841.0,0,0,0.0016002435,LOW PRIORITY,Loyal,2026-06-13 17:00:59
9145,52,72504.0,3,Single,1,1,1478.0,22.0,67.18181818181819,43,2,0.0,4816,0.2272727272727272,0.0909090909090909,36252.0,0,0,0.0470052,LOW PRIORITY,VIP,2026-06-13 17:00:59
9150,61,48918.0,5,Single,2,1,62.0,7.0,8.857142857142858,21,4,0.0,4445,0.1428571428571428,0.2857142857142857,16306.0,0,0,0.039921418,LOW PRIORITY,New,2026-06-13 17:00:59
9153,60,59304.0,5,Married,1,1,1048.0,28.0,37.42857142857143,81,5,0.0,4702,0.25,0.1071428571428571,29652.0,0,0,0.016136656,LOW PRIORITY,At Risk,2026-06-13 17:00:59
9166,56,63967.0,3,Married,1,1,882.0,23.0,38.34782608695652,57,2,0.0,4691,0.1739130434782608,0.1304347826086956,31983.5,0,0,0.0024142826,LOW PRIORITY,At Risk,2026-06-13 17:00:59
9167,68,67131.0,3,Married,1,1,976.0,26.0,37.53846153846154,72,6,0.0,4827,0.3461538461538461,0.1153846153846153,33565.5,0,0,0.014110701,LOW PRIORITY,At Risk,2026-06-13 17:00:59
9185,58,69759.0,5,Single,0,0,1029.0,18.0,57.16666666666666,38,3,0.0,4611,0.2222222222222222,0.1666666666666666,69759.0,0,1,0.43623522,MEDIUM PRIORITY,VIP,2026-06-13 17:00:59
9197,71,39722.0,3,Married,1,1,47.0,7.0,6.714285714285714,92,5,0.0,4492,0.2857142857142857,0.2857142857142857,19861.0,0,0,0.00084852416,LOW PRIORITY,Loyal,2026-06-13 17:00:59
9204,54,66731.0,3,Widow,1,1,1029.0,17.0,60.52941176470589,33,3,0.0,5022,0.2352941176470588,0.2352941176470588,33365.5,0,0,0.07645286,LOW PRIORITY,VIP,2026-06-13 17:00:59
9206,56,77382.0,3,Married,1,1,1121.0,26.0,43.11538461538461,36,1,0.2,4540,0.1923076923076923,0.0769230769230769,38691.0,0,0,0.021208951,LOW PRIORITY,VIP,2026-06-13 17:00:59
9209,53,80573.0,4,Married,0,0,1564.0,24.0,65.16666666666667,85,2,0.0,4990,0.1666666666666666,0.0416666666666666,80573.0,0,0,0.027452175,LOW PRIORITY,At Risk,2026-06-13 17:00:59
9212,62,72828.0,4,Married,1,1,1678.0,28.0,59.92857142857143,17,7,0.0,4867,0.2142857142857142,0.2142857142857142,36414.0,0,0,0.09930368,LOW PRIORITY,VIP,2026-06-13 17:00:59
9213,54,31880.0,3,Widow,1,1,15.0,4.0,3.75,13,8,0.0,4973,0.25,0.25,15940.0,0,0,0.110702984,LOW PRIORITY,New,2026-06-13 17:00:59
9214,33,42691.0,3,Married,0,0,358.0,13.0,27.53846153846154,48,5,0.0,4684,0.3846153846153846,0.0769230769230769,42691.0,0,0,0.0010732965,LOW PRIORITY,New,2026-06-13 17:00:59
9215,44,43974.0,5,Married,1,1,551.0,21.0,26.23809523809524,19,7,0.0,4931,0.2857142857142857,0.238095238095238,21987.0,0,0,0.21485421,LOW PRIORITY,VIP,2026-06-13 17:00:59
9216,53,35788.0,3,Married,2,1,44.0,7.0,6.285714285714286,34,6,0.0,4524,0.2857142857142857,0.2857142857142857,11929.333333333334,0,0,0.009179423,LOW PRIORITY,New,2026-06-13 17:00:59
9220,53,91700.0,3,Single,0,0,1968.0,20.0,98.4,58,3,0.0,4895,0.4,0.05,91700.0,0,1,0.9613841,HIGH PRIORITY,At Risk,2026-06-13 17:00:59
9224,52,55260.0,5,Single,1,1,1139.0,25.0,45.56,81,6,0.0,4931,0.32,0.08,27630.0,0,0,0.26510647,LOW PRIORITY,At Risk,2026-06-13 17:00:59
9235,67,51381.5,3,Single,2,1,18.0,4.0,4.5,45,7,0.0,4400,0.25,0.25,17127.166666666668,0,0,0.00185027,LOW PRIORITY,New,2026-06-13 17:00:59
9239,63,61923.0,4,Married,2,1,126.0,8.0,15.75,94,3,0.0,4705,0.25,0.125,20641.0,0,0,0.0018390225,LOW PRIORITY,Loyal,2026-06-13 17:00:59
9240,53,60504.0,5,Single,1,1,526.0,18.0,29.22222222222222,73,6,0.0,4509,0.3333333333333333,0.1111111111111111,30252.0,0,0,0.00897055,LOW PRIORITY,At Risk,2026-06-13 17:00:59
9242,34,64509.0,3,Single,0,0,1722.0,19.0,90.63157894736842,19,4,0.2,4683,0.3157894736842105,0.0526315789473684,64509.0,0,1,0.95579755,HIGH PRIORITY,VIP,2026-06-13 17:00:59
9246,39,40101.0,4,Married,1,1,415.0,17.0,24.41176470588235,73,7,0.0,4990,0.3529411764705882,0.2352941176470588,20050.5,0,0,0.09113476,LOW PRIORITY,Loyal,2026-06-13 17:00:59
9256,53,58350.0,3,Single,1,1,1001.0,27.0,37.07407407407408,5,6,0.0,4908,0.2962962962962963,0.1481481481481481,29175.0,0,0,0.07241025,LOW PRIORITY,VIP,2026-06-13 17:00:59
9260,79,70356.0,5,Married,0,0,1706.0,27.0,63.18518518518518,20,6,0.0,4968,0.3703703703703703,0.074074074074074,70356.0,0,0,0.62037337,HIGH PRIORITY,VIP,2026-06-13 17:00:59
9262,40,32414.0,2,Married,0,0,52.0,5.0,10.4,11,7,0.2,4727,0.2,0.2,32414.0,0,0,0.436017,MEDIUM PRIORITY,New,2026-06-13 17:00:59
9264,38,79529.0,3,Married,0,0,1638.0,22.0,74.45454545454545,1,2,0.0,4430,0.1818181818181818,0.0454545454545454,79529.0,0,0,0.2833376,LOW PRIORITY,VIP,2026-06-13 17:00:59
9265,71,75027.0,3,Married,1,1,1390.0,21.0,66.19047619047619,74,5,0.0,4903,0.4285714285714285,0.0952380952380952,37513.5,0,0,0.08937594,LOW PRIORITY,At Risk,2026-06-13 17:00:59
9274,63,80950.0,4,Married,0,0,1213.0,23.0,52.73913043478261,44,2,0.2,4825,0.2608695652173913,0.0434782608695652,80950.0,0,0,0.18108134,LOW PRIORITY,VIP,2026-06-13 17:00:59
9283,46,60199.0,3,Single,3,1,18.0,4.0,4.5,49,4,0.0,4657,0.0,0.25,15049.75,0,0,0.00042721906,LOW PRIORITY,New,2026-06-13 17:00:59
9284,66,53977.0,3,Married,1,1,907.0,27.0,33.592592592592595,21,5,0.0,4753,0.1851851851851851,0.1851851851851851,26988.5,0,0,0.008277279,LOW PRIORITY,VIP,2026-06-13 17:00:59
9286,64,83151.0,4,Married,0,0,747.0,19.0,39.31578947368421,93,3,0.0,4994,0.2631578947368421,0.0526315789473684,83151.0,0,0,0.05078784,LOW PRIORITY,At Risk,2026-06-13 17:00:59
9289,45,36781.0,3,Married,1,1,63.0,6.0,10.5,16,8,0.0,4447,0.3333333333333333,0.1666666666666666,18390.5,0,1,0.56668985,MEDIUM PRIORITY,New,2026-06-13 17:00:59
9291,65,34242.0,4,Married,1,1,15.0,4.0,3.75,25,5,0.0,4465,0.0,0.25,17121.0,0,0,0.0024335566,LOW PRIORITY,New,2026-06-13 17:00:59
9292,72,81795.0,3,Married,0,0,1382.0,23.0,60.08695652173913,74,2,0.0,4978,0.1739130434782608,0.0434782608695652,81795.0,0,0,0.052951537,LOW PRIORITY,At Risk,2026-06-13 17:00:59
9298,77,81574.0,5,Married,0,0,1798.0,18.0,99.88888888888889,89,1,0.4,4429,0.2222222222222222,0.0555555555555555,81574.0,0,0,0.011087233,LOW PRIORITY,At Risk,2026-06-13 17:00:59
9303,48,5305.0,3,Married,1,1,32.0,1.0,32.0,12,13,0.0,4701,1.0,0.0,2652.5,0,0,0.07141694,LOW PRIORITY,New,2026-06-13 17:00:59
9305,48,79689.0,2,Single,0,0,1315.0,27.0,48.7037037037037,65,2,0.0,4780,0.1481481481481481,0.037037037037037,79689.0,0,0,0.14621462,LOW PRIORITY,At Risk,2026-06-13 17:00:59
9308,70,62820.0,3,Married,0,0,976.0,14.0,69.71428571428571,51,1,0.0,4781,0.2142857142857142,0.0714285714285714,62820.0,0,0,0.015390777,LOW PRIORITY,At Risk,2026-06-13 17:00:59
9316,72,13084.0,1,Married,0,0,29.0,5.0,5.8,29,6,0.0,4606,0.2,0.2,13084.0,0,0,0.0034089212,LOW PRIORITY,New,2026-06-13 17:00:59
9323,75,49912.0,4,Married,1,1,874.0,26.0,33.61538461538461,5,8,0.2,5027,0.3846153846153846,0.1538461538461538,24956.0,0,1,0.74874765,HIGH PRIORITY,VIP,2026-06-13 17:00:59
9336,55,62187.0,5,Widow,1,1,636.0,21.0,30.285714285714285,38,4,0.0,4466,0.2857142857142857,0.1428571428571428,31093.5,0,0,0.011865984,LOW PRIORITY,VIP,2026-06-13 17:00:59
9347,68,50943.0,4,Married,1,1,46.0,5.0,9.2,49,5,0.0,4740,0.2,0.2,25471.5,0,0,0.004608682,LOW PRIORITY,New,2026-06-13 17:00:59
9349,39,92533.0,3,Married,0,0,1131.0,23.0,49.17391304347826,84,2,0.4,4559,0.2608695652173913,0.0434782608695652,92533.0,0,0,0.012571251,LOW PRIORITY,At Risk,2026-06-13 17:00:59
9353,65,62450.0,3,Single,1,1,995.0,16.0,62.1875,61,3,0.2,4541,0.3125,0.125,31225.0,0,0,0.017805256,LOW PRIORITY,At Risk,2026-06-13 17:00:59
9360,42,37040.0,3,Married,0,0,316.0,12.0,26.33333333333333,41,8,0.0,5057,0.3333333333333333,0.0833333333333333,37040.0,0,0,0.08165335,LOW PRIORITY,New,2026-06-13 17:00:59
9362,59,69263.0,3,Single,1,1,568.0,18.0,31.55555555555556,14,6,0.2,4483,0.5,0.0555555555555555,34631.5,0,0,0.16382198,LOW PRIORITY,VIP,2026-06-13 17:00:59
9365,48,60000.0,5,Single,1,1,1277.0,24.0,53.208333333333336,57,6,0.0,4921,0.4583333333333333,0.2083333333333333,30000.0,0,0,0.5685967,MEDIUM PRIORITY,At Risk,2026-06-13 17:00:59
9369,45,88194.0,2,Single,1,1,1274.0,32.0,39.8125,19,5,0.4,4469,0.34375,0.03125,44097.0,0,1,0.67478883,HIGH PRIORITY,VIP,2026-06-13 17:00:59
9370,79,65846.0,5,Married,0,0,1120.0,16.0,70.0,68,4,0.0,4775,0.375,0.0625,65846.0,0,0,0.03364223,LOW PRIORITY,At Risk,2026-06-13 17:00:59
9381,46,66373.0,3,Married,2,1,606.0,23.0,26.347826086956523,57,3,0.0,4749,0.1739130434782608,0.3043478260869565,22124.33333333333,0,0,0.0034403165,LOW PRIORITY,At Risk,2026-06-13 17:00:59
9384,46,66373.0,3,Married,2,1,606.0,23.0,26.347826086956523,57,3,0.0,4749,0.1739130434782608,0.3043478260869565,22124.33333333333,0,0,0.0034403165,LOW PRIORITY,At Risk,2026-06-13 17:00:59
9386,62,50127.0,3,Married,1,1,320.0,13.0,24.615384615384617,88,6,0.2,4398,0.3846153846153846,0.0769230769230769,25063.5,0,0,0.0012665404,LOW PRIORITY,Loyal,2026-06-13 17:00:59
9392,53,26954.0,3,Single,1,1,17.0,4.0,4.25,17,7,0.0,4419,0.25,0.25,13477.0,0,0,0.016740417,LOW PRIORITY,New,2026-06-13 17:00:59
9396,46,37717.0,5,Married,1,1,25.0,4.0,6.25,31,9,0.0,4950,0.25,0.25,18858.5,0,0,0.12610655,LOW PRIORITY,New,2026-06-13 17:00:59
9400,66,85485.0,2,Single,0,0,1383.0,19.0,72.78947368421052,73,2,0.0,4375,0.3157894736842105,0.0526315789473684,85485.0,0,0,0.026779128,LOW PRIORITY,At Risk,2026-06-13 17:00:59
9405,70,52869.0,5,Married,2,1,172.0,11.0,15.636363636363637,40,7,0.0,4989,0.2727272727272727,0.2727272727272727,17623.0,0,1,0.66872704,HIGH PRIORITY,New,2026-06-13 17:00:59
9422,35,38360.0,3,Married,1,1,131.0,9.0,14.555555555555555,26,3,0.0,4761,0.2222222222222222,0.2222222222222222,19180.0,0,0,0.0016368165,LOW PRIORITY,New,2026-06-13 17:00:59
9423,45,32765.0,4,Married,1,1,46.0,8.0,5.75,49,5,0.0,4493,0.25,0.25,16382.5,0,0,0.0031403198,LOW PRIORITY,New,2026-06-13 17:00:59
9426,60,58308.0,4,Single,1,1,900.0,15.0,60.0,77,8,0.0,4900,0.1333333333333333,0.2666666666666666,29154.0,0,0,0.0487144,LOW PRIORITY,At Risk,2026-06-13 17:00:59
9432,47,666666.0,3,Married,1,1,62.0,11.0,5.636363636363637,23,6,0.0,4759,0.2727272727272727,0.3636363636363636,333333.0,0,0,0.06534961,LOW PRIORITY,New,2026-06-13 17:00:59
9449,66,79761.0,5,Single,1,1,605.0,19.0,31.84210526315789,32,3,0.0,4635,0.2631578947368421,0.0526315789473684,39880.5,0,0,0.024231685,LOW PRIORITY,VIP,2026-06-13 17:00:59
9451,59,73538.0,3,Married,1,1,1658.0,26.0,63.76923076923077,92,7,0.0,4948,0.3846153846153846,0.1153846153846153,36769.0,0,0,0.136206,LOW PRIORITY,At Risk,2026-06-13 17:00:59
9460,61,22419.0,3,Married,0,0,162.0,8.0,20.25,74,8,0.0,4804,0.375,0.125,22419.0,0,0,0.030160708,LOW PRIORITY,Loyal,2026-06-13 17:00:59
9463,65,71706.0,3,Married,1,1,1443.0,25.0,57.72,16,5,0.0,4960,0.36,0.16,35853.0,0,0,0.23426226,LOW PRIORITY,VIP,2026-06-13 17:00:59
9467,40,34738.0,3,Single,1,1,20.0,5.0,4.0,51,6,0.0,4416,0.2,0.2,17369.0,0,0,0.0074026566,LOW PRIORITY,Loyal,2026-06-13 17:00:59
9477,70,65324.0,5,Married,1,1,544.0,20.0,27.2,0,4,0.0,4536,0.3,0.15,32662.0,0,0,0.0386443,LOW PRIORITY,VIP,2026-06-13 17:00:59
9478,39,66503.0,3,Single,1,1,401.0,15.0,26.73333333333333,30,3,0.0,5051,0.2666666666666666,0.1333333333333333,33251.5,0,0,0.027214443,LOW PRIORITY,New,2026-06-13 17:00:59
9481,48,17148.0,3,Married,1,1,68.0,11.0,6.181818181818182,80,8,0.0,4519,0.2727272727272727,0.3636363636363636,8574.0,0,0,0.015697319,LOW PRIORITY,Loyal,2026-06-13 17:00:59
9483,65,57957.0,3,Married,1,1,637.0,25.0,25.48,24,3,0.0,4681,0.16,0.28,28978.5,1,0,0.019111397,LOW PRIORITY,VIP,2026-06-13 17:00:59
9485,38,45921.0,5,Married,0,0,199.0,10.0,19.9,23,4,0.0,4478,0.2,0.1,45921.0,0,0,0.003220705,LOW PRIORITY,New,2026-06-13 17:00:59
9491,40,23976.0,3,Married,1,1,66.0,10.0,6.6,68,7,0.0,4551,0.3,0.3,11988.0,0,0,0.010859557,LOW PRIORITY,Loyal,2026-06-13 17:00:59
9493,44,76412.0,5,Single,0,0,1808.0,18.0,100.44444444444444,15,3,0.4,4787,0.2777777777777778,0.0555555555555555,76412.0,0,1,0.9972519,HIGH PRIORITY,VIP,2026-06-13 17:00:59
9495,42,71853.0,3,Married,0,0,1149.0,17.0,67.58823529411765,29,1,0.0,4784,0.1176470588235294,0.0588235294117647,71853.0,0,0,0.022315435,LOW PRIORITY,VIP,2026-06-13 17:00:59
9499,70,93404.0,3,Married,3,1,1616.0,17.0,95.05882352941175,97,5,0.4,4785,0.1764705882352941,0.1764705882352941,23351.0,0,0,0.039698984,LOW PRIORITY,At Risk,2026-06-13 17:00:59
9500,65,58113.0,3,Married,1,1,758.0,22.0,34.45454545454545,66,7,0.0,4887,0.4090909090909091,0.1363636363636363,29056.5,1,0,0.02655974,LOW PRIORITY,At Risk,2026-06-13 17:00:59
9503,44,28071.0,3,Single,0,0,313.0,13.0,24.07692307692308,65,8,0.0,5036,0.3846153846153846,0.1538461538461538,28071.0,0,0,0.23523891,LOW PRIORITY,Loyal,2026-06-13 17:00:59
9504,75,81698.0,4,Married,0,0,1008.0,25.0,40.32,4,1,0.0,4602,0.12,0.04,81698.0,0,1,0.4295222,MEDIUM PRIORITY,VIP,2026-06-13 17:00:59
9507,49,40794.0,3,Married,1,1,434.0,16.0,27.125,18,7,0.0,4815,0.375,0.125,20397.0,0,0,0.08085635,LOW PRIORITY,New,2026-06-13 17:00:59
9516,53,49118.0,2,Divorced,0,0,1229.0,28.0,43.892857142857146,90,7,0.4,5047,0.3214285714285714,0.0714285714285714,49118.0,0,1,0.89270043,HIGH PRIORITY,At Risk,2026-06-13 17:00:59
9523,42,40479.0,3,Married,1,1,15.0,4.0,3.75,95,4,0.0,4683,0.0,0.25,20239.5,0,0,0.0002828945,LOW PRIORITY,Loyal,2026-06-13 17:00:59
9529,34,73687.0,3,Married,0,0,1627.0,22.0,73.95454545454545,8,2,0.2,4580,0.1363636363636363,0.0454545454545454,73687.0,0,1,0.70868325,HIGH PRIORITY,VIP,2026-06-13 17:00:59
9530,36,24645.0,3,Married,1,1,17.0,4.0,4.25,16,8,0.0,4972,0.25,0.25,12322.5,0,0,0.01162743,LOW PRIORITY,New,2026-06-13 17:00:59
9543,39,19986.0,3,Married,1,1,22.0,4.0,5.5,74,7,0.0,4594,0.0,0.25,9993.0,0,0,0.001748107,LOW PRIORITY,Loyal,2026-06-13 17:00:59
9553,37,7500.0,3,Married,0,0,15.0,4.0,3.75,94,6,0.0,4903,0.0,0.25,7500.0,0,0,0.0018092282,LOW PRIORITY,Loyal,2026-06-13 17:00:59
9559,63,57072.0,5,Married,1,1,1034.0,27.0,38.2962962962963,79,5,0.2,4523,0.2592592592592592,0.074074074074074,28536.0,0,0,0.010865737,LOW PRIORITY,At Risk,2026-06-13 17:00:59
9560,59,83003.0,3,Married,0,0,1674.0,22.0,76.0909090909091,18,3,0.2,4850,0.3181818181818182,0.0454545454545454,83003.0,0,1,0.9500699,HIGH PRIORITY,VIP,2026-06-13 17:00:59
9576,42,32313.0,5,Married,1,1,159.0,11.0,14.454545454545457,60,9,0.0,4870,0.3636363636363636,0.2727272727272727,16156.5,0,0,0.062001906,LOW PRIORITY,Loyal,2026-06-13 17:00:59
9579,65,33762.0,5,Married,3,1,106.0,9.0,11.77777777777778,61,8,0.0,4724,0.2222222222222222,0.3333333333333333,8440.5,0,0,0.007640854,LOW PRIORITY,Loyal,2026-06-13 17:00:59
9589,76,82032.0,5,Widow,0,0,1234.0,17.0,72.58823529411765,54,1,0.0,4452,0.2352941176470588,0.0,82032.0,0,0,0.054968644,LOW PRIORITY,At Risk,2026-06-13 17:00:59
9592,41,22010.0,3,Married,1,1,33.0,7.0,4.714285714285714,51,8,0.0,4731,0.2857142857142857,0.2857142857142857,11005.0,0,0,0.020719681,LOW PRIORITY,Loyal,2026-06-13 17:00:59
9595,63,64260.0,3,Married,0,0,1574.0,14.0,112.42857142857144,1,3,0.0,4901,0.2857142857142857,0.0714285714285714,64260.0,0,1,0.70627135,HIGH PRIORITY,VIP,2026-06-13 17:00:59
9596,44,65295.0,5,Single,0,0,664.0,20.0,33.2,19,2,0.0,4555,0.15,0.05,65295.0,0,0,0.20792216,LOW PRIORITY,VIP,2026-06-13 17:00:59
9597,55,73448.0,3,Married,0,0,725.0,19.0,38.1578947368421,10,4,0.0,4506,0.3684210526315789,0.0526315789473684,73448.0,0,0,0.09078969,LOW PRIORITY,VIP,2026-06-13 17:00:59
9606,59,69969.0,5,Married,0,0,1536.0,13.0,118.15384615384616,64,3,0.4,4673,0.3076923076923077,0.0769230769230769,69969.0,0,1,0.8161499,HIGH PRIORITY,At Risk,2026-06-13 17:00:59
9612,37,23830.0,2,Single,0,0,43.0,5.0,8.6,3,7,0.0,4509,0.2,0.2,23830.0,0,0,0.10408837,LOW PRIORITY,New,2026-06-13 17:00:59
9617,73,15033.0,3,Single,0,0,19.0,5.0,3.8,37,3,0.0,4441,0.2,0.2,15033.0,0,0,0.002189096,LOW PRIORITY,New,2026-06-13 17:00:59
9624,66,65488.0,5,Married,0,0,963.0,14.0,68.78571428571429,46,1,0.0,4383,0.2142857142857142,0.0714285714285714,65488.0,0,0,0.0028611978,LOW PRIORITY,VIP,2026-06-13 17:00:59
9635,41,35876.0,4,Married,0,0,129.0,8.0,16.125,13,6,0.0,4437,0.375,0.125,35876.0,0,0,0.07313186,LOW PRIORITY,New,2026-06-13 17:00:59
9645,56,64590.0,3,Married,0,0,1338.0,24.0,55.75,98,6,0.0,4990,0.375,0.0416666666666666,64590.0,0,0,0.11239263,LOW PRIORITY,At Risk,2026-06-13 17:00:59
9648,57,46904.0,3,Single,2,1,253.0,14.0,18.071428571428573,20,8,0.0,4970,0.3571428571428571,0.2857142857142857,15634.666666666666,0,0,0.5040734,MEDIUM PRIORITY,New,2026-06-13 17:00:59
9653,49,35797.0,3,Married,1,1,68.0,7.0,9.714285714285714,16,8,0.0,4988,0.2857142857142857,0.2857142857142857,17898.5,0,0,0.57363516,MEDIUM PRIORITY,New,2026-06-13 17:00:59
9665,67,54237.0,5,Divorced,1,1,361.0,16.0,22.5625,48,6,0.0,4795,0.3125,0.25,27118.5,0,0,0.06540558,LOW PRIORITY,New,2026-06-13 17:00:59
9668,53,18793.0,3,Married,1,1,77.0,9.0,8.555555555555555,14,8,0.0,4900,0.2222222222222222,0.3333333333333333,9396.5,0,0,0.6179067,HIGH PRIORITY,New,2026-06-13 17:00:59
9671,56,19514.0,3,Married,2,1,69.0,10.0,6.9,47,8,0.2,4521,0.3,0.4,6504.666666666667,0,1,0.4614315,MEDIUM PRIORITY,New,2026-06-13 17:00:59
9672,54,23162.0,2,Married,2,1,65.0,8.0,8.125,82,6,0.0,4557,0.125,0.375,7720.666666666667,0,0,0.008030612,LOW PRIORITY,Loyal,2026-06-13 17:00:59
9687,49,73170.0,3,Single,0,0,726.0,16.0,45.375,1,2,0.0,4396,0.3125,0.0625,73170.0,0,0,0.39579377,MEDIUM PRIORITY,VIP,2026-06-13 17:00:59
9697,73,53790.0,3,Married,2,1,542.0,20.0,27.1,86,6,0.0,4482,0.35,0.15,17930.0,0,0,0.0036402976,LOW PRIORITY,At Risk,2026-06-13 17:00:59
9699,58,67272.0,3,Divorced,1,1,733.0,23.0,31.869565217391305,12,5,0.0,4557,0.2608695652173913,0.1304347826086956,33636.0,0,0,0.03045436,LOW PRIORITY,VIP,2026-06-13 17:00:59
9701,36,41883.0,3,Married,1,1,312.0,12.0,26.0,13,7,0.0,4834,0.3333333333333333,0.25,20941.5,0,0,0.015030813,LOW PRIORITY,New,2026-06-13 17:00:59
9703,54,38097.0,5,Married,2,1,184.0,11.0,16.727272727272727,70,7,0.2,4989,0.2727272727272727,0.3636363636363636,12699.0,0,1,0.6744152,HIGH PRIORITY,Loyal,2026-06-13 17:00:59
9706,50,31560.0,5,Single,1,1,94.0,8.0,11.75,98,8,0.0,4737,0.25,0.25,15780.0,0,0,0.0068697967,LOW PRIORITY,Loyal,2026-06-13 17:00:59
9707,55,55212.0,5,Married,1,1,1182.0,20.0,59.1,65,8,0.4,4950,0.2,0.15,27606.0,0,0,0.27813092,LOW PRIORITY,At Risk,2026-06-13 17:00:59
9710,55,58086.0,5,Divorced,1,1,792.0,23.0,34.43478260869565,80,8,0.0,4892,0.4782608695652174,0.0869565217391304,29043.0,0,0,0.16874444,LOW PRIORITY,At Risk,2026-06-13 17:00:59
9723,64,67716.0,3,Married,1,1,1016.0,28.0,36.285714285714285,8,5,0.2,4902,0.25,0.1428571428571428,33858.0,0,0,0.10820283,LOW PRIORITY,VIP,2026-06-13 17:00:59
9725,58,28764.0,5,Married,2,1,12.0,4.0,3.0,16,8,0.2,4391,0.25,0.25,9588.0,0,0,0.19342625,LOW PRIORITY,New,2026-06-13 17:00:59
9727,67,23539.0,3,Married,0,0,81.0,7.0,11.571428571428571,13,6,0.0,4488,0.2857142857142857,0.1428571428571428,23539.0,0,0,0.062888935,LOW PRIORITY,New,2026-06-13 17:00:59
9729,69,58275.0,3,Widow,2,1,615.0,23.0,26.73913043478261,48,7,0.0,4759,0.3478260869565217,0.2608695652173913,19425.0,0,0,0.04750303,LOW PRIORITY,VIP,2026-06-13 17:00:59
9733,46,24882.0,1,Married,1,1,80.0,5.0,16.0,52,6,0.2,5025,0.2,0.2,12441.0,0,0,0.11163249,LOW PRIORITY,Loyal,2026-06-13 17:00:59
9736,44,41850.0,3,Married,2,1,96.0,9.0,10.666666666666666,51,8,0.0,4919,0.3333333333333333,0.3333333333333333,13950.0,0,0,0.10660642,LOW PRIORITY,Loyal,2026-06-13 17:00:59
9738,38,42386.0,4,Married,1,1,100.0,7.0,14.285714285714286,43,8,0.0,4899,0.4285714285714285,0.1428571428571428,21193.0,0,0,0.07431859,LOW PRIORITY,New,2026-06-13 17:00:59
9739,61,34377.0,3,Single,1,1,114.0,8.0,14.25,55,7,0.0,4893,0.25,0.25,17188.5,0,0,0.18770798,LOW PRIORITY,Loyal,2026-06-13 17:00:59
9743,69,76998.0,3,Married,1,1,1910.0,29.0,65.86206896551724,85,6,0.2,4901,0.3793103448275862,0.0689655172413793,38499.0,0,0,0.2587197,LOW PRIORITY,At Risk,2026-06-13 17:00:59
9750,63,64325.0,5,Divorced,1,1,1307.0,23.0,56.82608695652174,41,7,0.0,4874,0.4347826086956521,0.217391304347826,32162.5,0,0,0.56771886,MEDIUM PRIORITY,VIP,2026-06-13 17:00:59
9757,52,84906.0,3,Married,0,0,1631.0,24.0,67.95833333333333,98,2,0.6,4635,0.2083333333333333,0.0416666666666666,84906.0,0,0,0.101059124,LOW PRIORITY,At Risk,2026-06-13 17:00:59
9760,61,52278.0,5,Widow,1,1,1198.0,31.0,38.64516129032258,24,8,0.0,4887,0.3225806451612903,0.1935483870967742,26139.0,0,1,0.34655654,MEDIUM PRIORITY,VIP,2026-06-13 17:00:59
9771,36,23331.0,2,Single,1,1,269.0,17.0,15.823529411764708,97,9,0.0,4999,0.2941176470588235,0.3529411764705882,11665.5,0,0,0.01248081,LOW PRIORITY,Loyal,2026-06-13 17:00:59
9780,53,71499.0,4,Married,1,1,795.0,26.0,30.57692307692308,12,4,0.0,4736,0.3076923076923077,0.0769230769230769,35749.5,0,0,0.024063775,LOW PRIORITY,VIP,2026-06-13 17:00:59
9790,67,78499.0,3,Single,0,0,1334.0,19.0,70.21052631578948,12,4,0.2,4585,0.5789473684210527,0.0526315789473684,78499.0,0,1,0.97036964,HIGH PRIORITY,VIP,2026-06-13 17:00:59
9797,68,58116.0,3,Married,1,1,443.0,16.0,27.6875,38,2,0.0,4444,0.1875,0.125,29058.0,0,0,0.0014014089,LOW PRIORITY,New,2026-06-13 17:00:59
9799,56,83664.0,5,Divorced,2,1,1173.0,19.0,61.73684210526316,57,5,0.0,4784,0.1052631578947368,0.1578947368421052,27888.0,0,0,0.02402645,LOW PRIORITY,At Risk,2026-06-13 17:00:59
9805,71,56129.0,4,Married,1,1,660.0,22.0,30.0,65,4,0.0,4741,0.2727272727272727,0.1818181818181818,28064.5,0,0,0.007829131,LOW PRIORITY,At Risk,2026-06-13 17:00:59
9817,54,44802.0,4,Single,0,0,1049.0,27.0,38.851851851851855,71,8,0.0,5044,0.3333333333333333,0.074074074074074,44802.0,0,0,0.22092247,LOW PRIORITY,At Risk,2026-06-13 17:00:59
9826,52,86857.0,5,Single,0,0,2114.0,22.0,96.0909090909091,96,2,0.0,5022,0.2272727272727272,0.0454545454545454,86857.0,0,1,0.9581164,HIGH PRIORITY,At Risk,2026-06-13 17:00:59
9829,46,28587.0,3,Married,1,1,78.0,9.0,8.666666666666666,42,6,0.0,4504,0.2222222222222222,0.3333333333333333,14293.5,0,0,0.017811429,LOW PRIORITY,New,2026-06-13 17:00:59
9847,69,62972.0,2,Married,1,1,587.0,16.0,36.6875,39,6,0.0,5062,0.4375,0.125,31486.0,0,0,0.34673917,MEDIUM PRIORITY,VIP,2026-06-13 17:00:59
9850,52,24884.0,2,Married,1,1,19.0,4.0,4.75,32,7,0.0,4944,0.0,0.25,12442.0,0,0,0.0047841454,LOW PRIORITY,New,2026-06-13 17:00:59
9855,72,62000.0,5,Single,1,1,1020.0,26.0,39.23076923076923,25,4,0.2,4675,0.2307692307692307,0.0384615384615384,31000.0,0,0,0.23463859,LOW PRIORITY,VIP,2026-06-13 17:00:59
9860,65,44911.0,3,Married,1,1,215.0,12.0,17.916666666666668,11,7,0.0,4838,0.3333333333333333,0.25,22455.5,0,0,0.10309961,LOW PRIORITY,New,2026-06-13 17:00:59
9862,55,21918.0,3,Married,1,1,33.0,7.0,4.714285714285714,37,6,0.0,4594,0.2857142857142857,0.2857142857142857,10959.0,0,0,0.008071908,LOW PRIORITY,New,2026-06-13 17:00:59
9888,55,68695.0,3,Married,0,0,1091.0,16.0,68.1875,3,2,0.0,4371,0.25,0.0625,68695.0,0,0,0.08771076,LOW PRIORITY,VIP,2026-06-13 17:00:59
9904,68,71391.0,3,Married,1,1,1043.0,28.0,37.25,50,3,0.0,4824,0.2142857142857142,0.1785714285714285,35695.5,0,0,0.004148619,LOW PRIORITY,At Risk,2026-06-13 17:00:59
9905,72,34074.0,3,Married,2,1,255.0,14.0,18.214285714285715,69,6,0.2,4718,0.2142857142857142,0.3571428571428571,11358.0,0,0,0.0926541,LOW PRIORITY,Loyal,2026-06-13 17:00:59
9907,55,66476.0,4,Married,1,1,1013.0,26.0,38.96153846153846,80,4,0.0,4574,0.2307692307692307,0.0769230769230769,33238.0,0,0,0.000910083,LOW PRIORITY,At Risk,2026-06-13 17:00:59
9909,28,7500.0,2,Married,0,0,122.0,10.0,12.2,24,9,0.0,4964,0.3,0.3,7500.0,0,1,0.056900762,LOW PRIORITY,New,2026-06-13 17:00:59
9916,70,38998.0,3,Married,2,1,54.0,8.0,6.75,92,8,0.0,4970,0.25,0.375,12999.333333333334,1,0,0.007968857,LOW PRIORITY,Loyal,2026-06-13 17:00:59
9923,52,46423.0,4,Single,2,1,92.0,9.0,10.22222222222222,6,7,0.0,4651,0.2222222222222222,0.3333333333333333,15474.333333333334,0,0,0.39165795,MEDIUM PRIORITY,New,2026-06-13 17:00:59
9925,43,39665.0,5,Married,1,1,216.0,12.0,18.0,97,7,0.2,4767,0.3333333333333333,0.25,19832.5,0,0,0.064688765,LOW PRIORITY,Loyal,2026-06-13 17:00:59
9930,80,82716.0,5,Single,0,0,1167.0,28.0,41.67857142857143,8,2,0.0,4603,0.2142857142857142,0.0357142857142857,82716.0,0,0,0.5258002,MEDIUM PRIORITY,VIP,2026-06-13 17:00:59
9931,61,4023.0,5,Married,2,1,9.0,15.0,0.6,29,19,0.0,4373,0.0,1.0,1341.0,0,0,0.023147166,LOW PRIORITY,New,2026-06-13 17:00:59
9937,45,70337.0,3,Single,0,0,576.0,17.0,33.88235294117647,75,1,0.0,4545,0.1176470588235294,0.0588235294117647,70337.0,0,0,0.0040608915,LOW PRIORITY,At Risk,2026-06-13 17:00:59
9938,70,80067.0,3,Married,0,0,1600.0,17.0,94.11764705882354,82,2,0.2,4650,0.2352941176470588,0.0588235294117647,80067.0,0,0,0.014481419,LOW PRIORITY,At Risk,2026-06-13 17:00:59
9940,66,64961.0,3,Married,1,1,1009.0,16.0,63.0625,97,3,0.0,4920,0.375,0.125,32480.5,0,0,0.018045565,LOW PRIORITY,At Risk,2026-06-13 17:00:59
9949,48,59809.0,3,Married,2,1,877.0,15.0,58.46666666666667,36,8,0.0,4986,0.2,0.2,19936.33333333333,0,0,0.022318393,LOW PRIORITY,VIP,2026-06-13 17:00:59
9952,77,78093.0,4,Married,0,0,1105.0,17.0,65.0,53,1,0.0,4567,0.2352941176470588,0.0588235294117647,78093.0,0,0,0.007828878,LOW PRIORITY,At Risk,2026-06-13 17:00:59
9955,70,39898.0,3,Married,1,1,134.0,9.0,14.88888888888889,20,7,0.0,4869,0.3333333333333333,0.2222222222222222,19949.0,0,0,0.048626803,LOW PRIORITY,New,2026-06-13 17:00:59
9958,52,65685.0,3,Married,1,1,769.0,21.0,36.61904761904762,54,5,0.0,4459,0.4285714285714285,0.0476190476190476,32842.5,0,0,0.00094562944,LOW PRIORITY,At Risk,2026-06-13 17:00:59
9960,33,26868.0,1,Single,1,1,14.0,4.0,3.5,52,7,0.0,4427,0.25,0.25,13434.0,0,0,0.00050853495,LOW PRIORITY,Loyal,2026-06-13 17:00:59
9964,45,61825.0,3,Single,1,1,424.0,15.0,28.266666666666666,56,4,0.0,4693,0.2666666666666666,0.0666666666666666,30912.5,0,0,0.0039488096,LOW PRIORITY,Loyal,2026-06-13 17:00:59
9967,50,53034.0,3,Divorced,2,1,447.0,22.0,20.318181818181817,30,8,0.0,4762,0.2727272727272727,0.3636363636363636,17678.0,0,0,0.30907664,MEDIUM PRIORITY,VIP,2026-06-13 17:00:59
9970,47,55375.0,3,Married,1,1,162.0,9.0,18.0,3,2,0.0,4622,0.1111111111111111,0.1111111111111111,27687.5,0,0,0.022578076,LOW PRIORITY,New,2026-06-13 17:00:59
9971,60,65526.0,5,Married,1,1,506.0,17.0,29.764705882352946,22,2,0.0,4446,0.2352941176470588,0.0588235294117647,32763.0,0,0,0.0031103417,LOW PRIORITY,VIP,2026-06-13 17:00:59
9972,69,46015.0,5,Married,2,1,46.0,5.0,9.2,25,7,0.4,4444,0.2,0.2,15338.333333333334,0,0,0.020139307,LOW PRIORITY,New,2026-06-13 17:00:59
9973,61,50437.0,3,Married,2,1,490.0,19.0,25.789473684210527,28,7,0.0,4987,0.3684210526315789,0.1578947368421052,16812.333333333332,0,0,0.2172248,LOW PRIORITY,VIP,2026-06-13 17:00:59
9974,50,30631.0,3,Married,1,1,70.0,7.0,10.0,75,7,0.0,4719,0.4285714285714285,0.1428571428571428,15315.5,0,0,0.011599816,LOW PRIORITY,Loyal,2026-06-13 17:00:59
9977,51,78901.0,3,Divorced,1,1,734.0,20.0,36.7,99,4,0.0,4652,0.45,0.15,39450.5,0,0,0.004202292,LOW PRIORITY,At Risk,2026-06-13 17:00:59
9984,43,56337.0,2,Married,2,1,724.0,22.0,32.90909090909091,25,8,0.4,4826,0.3636363636363636,0.2272727272727272,18779.0,0,1,0.19679283,LOW PRIORITY,VIP,2026-06-13 17:00:59
9986,42,19444.0,3,Married,1,1,54.0,10.0,5.4,8,7,0.0,4494,0.4,0.3,9722.0,0,1,0.14056516,LOW PRIORITY,New,2026-06-13 17:00:59
9988,48,70379.0,4,Single,1,1,860.0,25.0,34.4,84,4,0.0,4850,0.24,0.12,35189.5,0,0,0.018411508,LOW PRIORITY,At Risk,2026-06-13 17:00:59
9999,59,75276.0,3,Married,0,0,1040.0,23.0,45.21739130434783,2,5,0.0,5007,0.391304347826087,0.0434782608695652,75276.0,0,0,0.3044393,MEDIUM PRIORITY,VIP,2026-06-13 17:00:59
10001,39,7500.0,2,Married,1,1,100.0,10.0,10.0,98,9,0.0,5064,0.2,0.4,3750.0,0,0,0.04799208,LOW PRIORITY,Loyal,2026-06-13 17:00:59
10010,71,36957.0,5,Divorced,2,1,152.0,11.0,13.818181818181818,43,9,0.0,5028,0.2727272727272727,0.3636363636363636,12319.0,0,1,0.7879643,HIGH PRIORITY,New,2026-06-13 17:00:59
10022,51,54466.0,5,Single,2,1,16.0,4.0,4.0,78,5,0.0,4507,0.25,0.25,18155.33333333333,0,0,0.0017309783,LOW PRIORITY,Loyal,2026-06-13 17:00:59
10031,48,16927.0,5,Married,2,1,53.0,12.0,4.416666666666667,50,8,0.0,4871,0.25,0.4166666666666667,5642.333333333333,0,0,0.026868396,LOW PRIORITY,Loyal,2026-06-13 17:00:59
10032,48,12571.0,3,Divorced,1,1,53.0,11.0,4.818181818181818,86,6,0.0,4529,0.2727272727272727,0.3636363636363636,6285.5,0,0,0.0039465404,LOW PRIORITY,Loyal,2026-06-13 17:00:59
10033,51,31163.0,2,Divorced,1,1,38.0,5.0,7.6,54,6,0.0,4503,0.2,0.2,15581.5,0,0,0.003982864,LOW PRIORITY,Loyal,2026-06-13 17:00:59
10037,31,74293.0,3,Single,0,0,1127.0,16.0,70.4375,66,2,0.0,4423,0.3125,0.0625,74293.0,0,0,0.01750726,LOW PRIORITY,At Risk,2026-06-13 17:00:59
10057,73,72282.0,3,Single,0,0,1331.0,22.0,60.5,70,7,0.0,4712,0.2272727272727272,0.0454545454545454,72282.0,0,1,0.673887,HIGH PRIORITY,At Risk,2026-06-13 17:00:59
10061,74,59462.0,3,Married,1,1,1088.0,25.0,43.52,29,7,0.0,4907,0.36,0.08,29731.0,0,0,0.0496629,LOW PRIORITY,VIP,2026-06-13 17:00:59
10065,54,15315.0,2,Married,0,0,64.0,8.0,8.0,27,5,0.0,4697,0.25,0.25,15315.0,0,0,0.016764687,LOW PRIORITY,New,2026-06-13 17:00:59
10067,48,25176.0,2,Married,2,1,13.0,4.0,3.25,79,7,0.0,4690,0.25,0.25,8392.0,0,0,0.0011938916,LOW PRIORITY,Loyal,2026-06-13 17:00:59
10069,36,13724.0,1,Married,1,1,58.0,5.0,11.6,43,9,0.2,5034,0.4,0.2,6862.0,0,0,0.0839552,LOW PRIORITY,New,2026-06-13 17:00:59
10084,52,24434.0,3,Married,2,1,50.0,7.0,7.142857142857143,9,7,0.0,4409,0.2857142857142857,0.2857142857142857,8144.666666666667,0,0,0.082633846,LOW PRIORITY,New,2026-06-13 17:00:59
10089,50,102692.0,3,Divorced,0,0,1112.0,29.0,38.3448275862069,5,2,0.8,4817,0.2068965517241379,0.0344827586206896,102692.0,0,1,0.99386406,HIGH PRIORITY,VIP,2026-06-13 17:00:59
10091,68,60230.0,3,Single,1,1,1067.0,17.0,62.76470588235294,78,5,0.0,4772,0.3529411764705882,0.1176470588235294,30115.0,0,0,0.011556237,LOW PRIORITY,At Risk,2026-06-13 17:00:59
10092,70,70044.0,3,Divorced,1,1,1504.0,26.0,57.84615384615385,46,5,0.0,4863,0.2692307692307692,0.1538461538461538,35022.0,0,0,0.058179695,LOW PRIORITY,VIP,2026-06-13 17:00:59
10095,49,74165.0,5,Divorced,0,0,1293.0,20.0,64.65,9,2,0.0,4791,0.25,0.05,74165.0,0,0,0.69495606,HIGH PRIORITY,VIP,2026-06-13 17:00:59
10099,40,55434.0,3,Married,1,1,882.0,24.0,36.75,21,4,0.0,4634,0.2083333333333333,0.125,27717.0,0,0,0.0057085264,LOW PRIORITY,VIP,2026-06-13 17:00:59
10102,58,79946.0,3,Widow,0,0,1478.0,22.0,67.18181818181819,19,3,0.0,4415,0.2272727272727272,0.0454545454545454,79946.0,0,0,0.3049344,MEDIUM PRIORITY,VIP,2026-06-13 17:00:59
10104,50,33590.0,3,Married,3,1,8.0,4.0,2.0,65,7,0.0,4605,0.25,0.25,8397.5,0,0,0.0018820623,LOW PRIORITY,Loyal,2026-06-13 17:00:59
10120,69,38946.0,3,Married,1,1,257.0,12.0,21.416666666666668,84,5,0.0,4615,0.25,0.1666666666666666,19473.0,0,0,0.0012742261,LOW PRIORITY,Loyal,2026-06-13 17:00:59
10127,59,58692.0,3,Married,1,1,395.0,15.0,26.33333333333333,21,7,0.0,4451,0.5333333333333333,0.0666666666666666,29346.0,0,0,0.003408994,LOW PRIORITY,New,2026-06-13 17:00:59
10128,66,53977.0,3,Married,1,1,907.0,27.0,33.592592592592595,21,5,0.0,4753,0.1851851851851851,0.1851851851851851,26988.5,0,0,0.008277279,LOW PRIORITY,VIP,2026-06-13 17:00:59
10129,58,82427.0,3,Married,0,0,1456.0,21.0,69.33333333333333,35,1,0.2,4476,0.1428571428571428,0.0476190476190476,82427.0,0,0,0.100466706,LOW PRIORITY,VIP,2026-06-13 17:00:59
10133,54,93790.0,3,Single,0,0,2349.0,25.0,93.96,16,2,0.6,4504,0.24,0.0,93790.0,0,1,0.99342465,HIGH PRIORITY,VIP,2026-06-13 17:00:59
10140,41,70123.0,5,Married,0,0,1727.0,17.0,101.58823529411764,27,3,0.4,4641,0.2941176470588235,0.0588235294117647,70123.0,0,0,0.49612924,MEDIUM PRIORITY,VIP,2026-06-13 17:00:59
10141,64,39228.0,4,Divorced,0,0,20.0,4.0,5.0,1,4,0.0,4782,0.0,0.25,39228.0,0,0,0.033867735,LOW PRIORITY,New,2026-06-13 17:00:59
10142,48,66476.0,5,Divorced,1,1,689.0,20.0,34.45,99,4,0.0,4846,0.25,0.1,33238.0,0,0,0.019854214,LOW PRIORITY,At Risk,2026-06-13 17:00:59
10144,48,51369.0,3,Married,1,1,576.0,16.0,36.0,84,8,0.0,4979,0.5,0.125,25684.5,0,0,0.056463122,LOW PRIORITY,Loyal,2026-06-13 17:00:59
10146,52,38887.0,5,Married,1,1,42.0,5.0,8.4,17,7,0.0,4486,0.2,0.2,19443.5,0,0,0.063074514,LOW PRIORITY,New,2026-06-13 17:00:59
10150,63,86429.0,3,Single,0,0,1449.0,18.0,80.5,10,2,0.2,4587,0.3888888888888889,0.0,86429.0,0,1,0.95569706,HIGH PRIORITY,VIP,2026-06-13 17:00:59
10151,64,62204.0,3,Divorced,2,1,946.0,22.0,43.0,38,3,0.0,5022,0.1818181818181818,0.0454545454545454,20734.666666666668,0,0,0.035330757,LOW PRIORITY,VIP,2026-06-13 17:00:59
10156,49,84196.0,3,Single,1,1,1237.0,20.0,61.85,56,3,0.0,4758,0.4,0.05,42098.0,0,0,0.0644162,LOW PRIORITY,At Risk,2026-06-13 17:00:59
10157,59,59686.0,3,Single,1,1,274.0,12.0,22.83333333333333,78,4,0.0,4522,0.3333333333333333,0.0833333333333333,29843.0,0,0,0.0012852828,LOW PRIORITY,Loyal,2026-06-13 17:00:59
10159,54,58710.0,3,Divorced,1,1,1185.0,31.0,38.2258064516129,77,6,0.0,4822,0.3548387096774194,0.1935483870967742,29355.0,0,0,0.012052479,LOW PRIORITY,At Risk,2026-06-13 17:00:59
10160,68,50943.0,4,Married,1,1,46.0,5.0,9.2,49,5,0.0,4740,0.2,0.2,25471.5,0,0,0.004608682,LOW PRIORITY,New,2026-06-13 17:00:59
10163,40,82733.0,5,Single,0,0,1323.0,20.0,66.15,28,4,0.0,4659,0.4,0.05,82733.0,0,1,0.9099228,HIGH PRIORITY,VIP,2026-06-13 17:00:59
10164,66,94472.0,3,Single,1,1,1691.0,16.0,105.6875,75,5,0.4,4454,0.3125,0.0625,47236.0,0,0,0.12907441,LOW PRIORITY,At Risk,2026-06-13 17:00:59
10172,36,68655.0,3,Single,0,0,1538.0,21.0,73.23809523809524,95,3,0.0,5055,0.1904761904761904,0.0476190476190476,68655.0,0,0,0.038112037,LOW PRIORITY,At Risk,2026-06-13 17:00:59
10175,66,32173.0,5,Divorced,1,1,22.0,5.0,4.4,0,4,0.0,4699,0.2,0.2,16086.5,0,0,0.020703454,LOW PRIORITY,New,2026-06-13 17:00:59
10176,56,57107.0,3,Single,1,1,416.0,23.0,18.08695652173913,44,8,0.4,5041,0.1739130434782608,0.3043478260869565,28553.5,0,1,0.946923,HIGH PRIORITY,VIP,2026-06-13 17:00:59
10177,70,72071.0,3,Divorced,1,1,1338.0,20.0,66.9,4,2,0.0,4867,0.25,0.15,36035.5,0,0,0.07227564,LOW PRIORITY,VIP,2026-06-13 17:00:59
10196,46,71427.0,3,Married,2,1,614.0,20.0,30.7,26,4,0.0,4476,0.4,0.1,23809.0,0,0,0.0011035664,LOW PRIORITY,VIP,2026-06-13 17:00:59
10203,34,26095.0,3,Single,1,1,42.0,5.0,8.4,77,7,0.0,4731,0.2,0.2,13047.5,0,0,0.0004993051,LOW PRIORITY,Loyal,2026-06-13 17:00:59
10207,46,22775.0,3,Married,1,1,15.0,4.0,3.75,40,8,0.0,4742,0.25,0.25,11387.5,0,0,0.01299862,LOW PRIORITY,New,2026-06-13 17:00:59
10212,38,42386.0,4,Married,1,1,100.0,7.0,14.285714285714286,43,8,0.0,4899,0.4285714285714285,0.1428571428571428,21193.0,0,0,0.07431859,LOW PRIORITY,New,2026-06-13 17:00:59
10219,52,31590.0,3,Married,1,1,38.0,5.0,7.6,40,8,0.0,4743,0.2,0.2,15795.0,0,0,0.017644446,LOW PRIORITY,New,2026-06-13 17:00:59
10232,61,48799.0,5,Divorced,1,1,331.0,15.0,22.066666666666663,9,3,0.0,4603,0.2,0.2,24399.5,0,0,0.03315933,LOW PRIORITY,New,2026-06-13 17:00:59
10236,49,31160.0,4,Single,1,1,64.0,7.0,9.142857142857142,59,8,0.0,4653,0.2857142857142857,0.2857142857142857,15580.0,0,0,0.03940396,LOW PRIORITY,Loyal,2026-06-13 17:00:59
10240,75,69372.0,3,Married,0,0,1381.0,21.0,65.76190476190476,10,4,0.4,4862,0.4761904761904761,0.0476190476190476,69372.0,0,1,0.9815253,HIGH PRIORITY,VIP,2026-06-13 17:00:59
10241,49,11448.0,2,Divorced,0,0,14.0,4.0,3.5,16,6,0.0,4563,0.25,0.25,11448.0,0,0,0.020261807,LOW PRIORITY,New,2026-06-13 17:00:59
10242,58,47472.0,5,Married,2,1,75.0,8.0,9.375,39,5,0.0,4653,0.25,0.25,15824.0,0,0,0.0030677698,LOW PRIORITY,New,2026-06-13 17:00:59
10245,38,80910.0,2,Single,0,0,756.0,15.0,50.4,71,1,0.0,4973,0.2,0.0666666666666666,80910.0,0,0,0.03213972,LOW PRIORITY,At Risk,2026-06-13 17:00:59
10250,77,28389.0,1,Married,0,0,28.0,4.0,7.0,49,7,0.0,4953,0.25,0.25,28389.0,0,0,0.062487762,LOW PRIORITY,New,2026-06-13 17:00:59
10258,59,35791.0,4,Single,3,1,35.0,6.0,5.833333333333333,94,8,0.0,4786,0.1666666666666666,0.3333333333333333,8947.75,0,0,0.005496344,LOW PRIORITY,Loyal,2026-06-13 17:00:59
10260,59,45143.0,4,Married,1,1,311.0,15.0,20.73333333333333,74,7,0.0,4674,0.4,0.2,22571.5,0,0,0.0073826737,LOW PRIORITY,Loyal,2026-06-13 17:00:59
10262,44,15072.0,3,Married,2,1,53.0,11.0,4.818181818181818,96,5,0.0,4782,0.2727272727272727,0.3636363636363636,5024.0,0,0,0.002146649,LOW PRIORITY,Loyal,2026-06-13 17:00:59
10264,45,15287.0,3,Divorced,1,1,31.0,6.0,5.166666666666667,60,7,0.2,4994,0.1666666666666666,0.3333333333333333,7643.5,0,1,0.9325779,HIGH PRIORITY,Loyal,2026-06-13 17:00:59
10270,43,35523.0,2,Married,1,1,66.0,8.0,8.25,8,7,0.0,4636,0.375,0.25,17761.5,0,0,0.17974886,LOW PRIORITY,New,2026-06-13 17:00:59
10277,63,30081.0,3,Single,1,1,42.0,5.0,8.4,27,7,0.0,4860,0.2,0.2,15040.5,0,0,0.045434125,LOW PRIORITY,New,2026-06-13 17:00:59
10281,54,64713.0,3,Divorced,1,1,602.0,19.0,31.68421052631579,11,4,0.0,4509,0.2631578947368421,0.1052631578947368,32356.5,0,1,0.067631975,LOW PRIORITY,VIP,2026-06-13 17:00:59
10286,62,83715.0,3,Married,0,0,926.0,24.0,38.583333333333336,2,0,0.0,4513,0.0833333333333333,0.0416666666666666,83715.0,0,0,0.07213314,LOW PRIORITY,VIP,2026-06-13 17:00:59
10299,55,48240.0,5,Single,0,0,882.0,25.0,35.28,73,5,0.0,4964,0.24,0.12,48240.0,0,1,0.7960367,HIGH PRIORITY,At Risk,2026-06-13 17:00:59
10304,65,18690.0,3,Married,0,0,60.0,5.0,12.0,77,8,0.0,4915,0.2,0.2,18690.0,0,0,0.015179822,LOW PRIORITY,Loyal,2026-06-13 17:00:59
10307,68,50387.0,3,Married,2,1,525.0,19.0,27.63157894736842,91,5,0.0,4669,0.3157894736842105,0.1578947368421052,16795.666666666668,0,0,0.0027753685,LOW PRIORITY,At Risk,2026-06-13 17:00:59
10311,55,4428.0,3,Married,1,1,359.0,25.0,14.36,0,1,0.0,4634,1.0,0.0,2214.0,0,0,0.026077392,LOW PRIORITY,VIP,2026-06-13 17:00:59
10313,49,48178.0,3,Married,2,1,254.0,16.0,15.875,69,8,0.0,4976,0.3125,0.375,16059.333333333334,0,0,0.17402576,LOW PRIORITY,Loyal,2026-06-13 17:00:59
10314,76,83837.0,5,Married,0,0,1318.0,25.0,52.72,79,4,0.4,4927,0.36,0.04,83837.0,0,1,0.967427,HIGH PRIORITY,At Risk,2026-06-13 17:00:59
10319,53,66303.0,3,Married,1,1,1286.0,22.0,58.45454545454545,56,8,0.2,4855,0.1363636363636363,0.1818181818181818,33151.5,0,0,0.04016752,LOW PRIORITY,At Risk,2026-06-13 17:00:59
10323,72,49413.0,3,Married,1,1,304.0,13.0,23.384615384615383,88,5,0.0,4614,0.3076923076923077,0.1538461538461538,24706.5,0,0,0.0012311279,LOW PRIORITY,Loyal,2026-06-13 17:00:59
10339,70,51381.5,4,Married,1,1,207.0,11.0,18.818181818181817,83,6,0.0,4738,0.3636363636363636,0.1818181818181818,25690.75,0,0,0.013563432,LOW PRIORITY,Loyal,2026-06-13 17:00:59
10340,40,35196.0,3,Married,1,1,497.0,18.0,27.61111111111111,68,8,0.0,4960,0.3333333333333333,0.3333333333333333,17598.0,0,0,0.11733969,LOW PRIORITY,At Risk,2026-06-13 17:00:59
10341,76,51315.0,3,Married,0,0,222.0,10.0,22.2,45,2,0.0,4493,0.2,0.1,51315.0,0,0,0.0015643247,LOW PRIORITY,New,2026-06-13 17:00:59
10343,33,61618.0,2,Single,0,0,1345.0,19.0,70.78947368421052,27,3,0.0,5005,0.1578947368421052,0.1052631578947368,61618.0,0,0,0.1305064,LOW PRIORITY,VIP,2026-06-13 17:00:59
10350,74,54432.0,5,Married,3,1,38.0,5.0,7.6,37,4,0.0,4783,0.2,0.2,13608.0,0,0,0.00406471,LOW PRIORITY,New,2026-06-13 17:00:59
10352,61,34213.0,3,Widow,2,1,117.0,9.0,13.0,2,9,0.0,5027,0.3333333333333333,0.3333333333333333,11404.333333333334,0,1,0.9114979,HIGH PRIORITY,New,2026-06-13 17:00:59
10356,67,41437.0,5,Divorced,2,1,32.0,5.0,6.4,5,7,0.0,5012,0.2,0.2,13812.333333333334,0,0,0.03251527,LOW PRIORITY,New,2026-06-13 17:00:59
10364,65,23295.0,3,Divorced,0,0,20.0,4.0,5.0,72,8,0.0,4718,0.25,0.25,23295.0,0,0,0.011068684,LOW PRIORITY,Loyal,2026-06-13 17:00:59
10377,66,46692.0,4,Married,1,1,397.0,15.0,26.466666666666665,37,6,0.0,4755,0.4,0.2,23346.0,0,0,0.01745694,LOW PRIORITY,New,2026-06-13 17:00:59
10379,62,59247.0,4,Single,2,1,574.0,21.0,27.33333333333333,87,6,0.0,4600,0.238095238095238,0.238095238095238,19749.0,0,0,0.004890181,LOW PRIORITY,At Risk,2026-06-13 17:00:59
10380,52,37787.0,4,Married,1,1,106.0,7.0,15.142857142857142,50,8,0.0,4649,0.4285714285714285,0.1428571428571428,18893.5,0,0,0.02387438,LOW PRIORITY,New,2026-06-13 17:00:59
10381,45,47691.0,3,Single,1,1,21.0,4.0,5.25,43,6,0.0,4726,0.25,0.25,23845.5,0,0,0.008978328,LOW PRIORITY,New,2026-06-13 17:00:59
10383,58,70287.0,3,Divorced,0,0,1093.0,21.0,52.04761904761905,30,3,0.0,4820,0.238095238095238,0.0476190476190476,70287.0,0,1,0.6958865,HIGH PRIORITY,VIP,2026-06-13 17:00:59
10390,65,26887.0,2,Married,1,1,30.0,5.0,6.0,27,6,0.0,4871,0.2,0.2,13443.5,0,0,0.006276249,LOW PRIORITY,New,2026-06-13 17:00:59
10394,40,90000.0,3,Married,0,0,1479.0,18.0,82.16666666666667,91,1,0.6,4555,0.2222222222222222,0.0555555555555555,90000.0,0,0,0.21258907,LOW PRIORITY,At Risk,2026-06-13 17:00:59
10395,38,8940.0,1,Single,1,1,101.0,10.0,10.1,25,8,0.0,5043,0.3,0.3,4470.0,0,0,0.12912796,LOW PRIORITY,New,2026-06-13 17:00:59
10398,43,24336.0,2,Single,1,1,31.0,4.0,7.75,82,7,0.0,5038,0.25,0.25,12168.0,0,0,0.019327626,LOW PRIORITY,Loyal,2026-06-13 17:00:59
10401,48,26326.0,2,Married,0,0,18.0,4.0,4.5,12,3,0.0,4665,0.0,0.25,26326.0,1,0,0.0039521432,LOW PRIORITY,New,2026-06-13 17:00:59
10402,57,35441.0,3,Married,2,1,39.0,6.0,6.5,94,8,0.0,4867,0.1666666666666666,0.3333333333333333,11813.666666666666,0,0,0.00427804,LOW PRIORITY,Loyal,2026-06-13 17:00:59
10403,46,16531.0,3,Married,1,1,44.0,9.0,4.888888888888889,43,7,0.0,4378,0.3333333333333333,0.3333333333333333,8265.5,0,0,0.0068449476,LOW PRIORITY,New,2026-06-13 17:00:59
10413,40,72570.0,3,Married,0,0,1089.0,23.0,47.34782608695652,67,1,0.0,4432,0.1739130434782608,0.0434782608695652,72570.0,0,0,0.002436538,LOW PRIORITY,At Risk,2026-06-13 17:00:59
10420,69,46390.0,4,Divorced,1,1,222.0,10.0,22.2,56,7,0.0,4422,0.4,0.1,23195.0,0,0,0.003425428,LOW PRIORITY,Loyal,2026-06-13 17:00:59
10424,56,75922.0,3,Single,0,0,1295.0,18.0,71.94444444444444,60,1,0.0,4569,0.2222222222222222,0.0555555555555555,75922.0,0,0,0.340759,MEDIUM PRIORITY,At Risk,2026-06-13 17:00:59
10430,51,89694.0,3,Divorced,2,1,1472.0,14.0,105.14285714285714,22,5,0.6,4630,0.2857142857142857,0.2142857142857142,29898.0,0,0,0.7453522,HIGH PRIORITY,VIP,2026-06-13 17:00:59
10432,50,19346.0,3,Divorced,1,1,22.0,5.0,4.4,26,8,0.0,4517,0.2,0.2,9673.0,0,0,0.008145351,LOW PRIORITY,New,2026-06-13 17:00:59
10446,67,82017.0,5,Married,0,0,729.0,17.0,42.88235294117647,58,2,0.6,4966,0.2941176470588235,0.0588235294117647,82017.0,0,1,0.97014064,HIGH PRIORITY,At Risk,2026-06-13 17:00:59
10448,68,46998.0,3,Single,1,1,377.0,18.0,20.944444444444443,55,7,0.2,4982,0.2777777777777778,0.2777777777777778,23499.0,0,0,0.84224427,HIGH PRIORITY,Loyal,2026-06-13 17:00:59
10451,59,29672.0,3,Married,2,1,25.0,4.0,6.25,6,6,0.0,4841,0.0,0.25,9890.666666666666,0,0,0.0072716186,LOW PRIORITY,New,2026-06-13 17:00:59
10466,59,44393.0,3,Married,2,1,60.0,7.0,8.571428571428571,86,4,0.0,4678,0.1428571428571428,0.2857142857142857,14797.666666666666,0,0,0.0010271583,LOW PRIORITY,Loyal,2026-06-13 17:00:59
10469,43,88325.0,3,Married,0,0,1623.0,18.0,90.16666666666669,42,2,0.0,4511,0.3333333333333333,0.0555555555555555,88325.0,0,0,0.12264075,LOW PRIORITY,VIP,2026-06-13 17:00:59
10470,45,40662.0,4,Married,1,1,92.0,8.0,11.5,0,4,0.0,4838,0.25,0.25,20331.0,0,0,0.09704008,LOW PRIORITY,New,2026-06-13 17:00:59
10473,68,78028.0,5,Widow,1,1,528.0,20.0,26.4,38,7,0.4,5024,0.3,0.05,39014.0,0,1,0.96859163,HIGH PRIORITY,VIP,2026-06-13 17:00:59
10475,54,51381.5,4,Married,1,1,317.0,14.0,22.642857142857142,39,5,0.0,4821,0.2857142857142857,0.1428571428571428,25690.75,0,0,0.014889309,LOW PRIORITY,New,2026-06-13 17:00:59
10476,66,67267.0,3,Married,1,1,251.0,11.0,22.818181818181817,0,2,0.0,4414,0.2727272727272727,0.0909090909090909,33633.5,0,0,0.00749814,LOW PRIORITY,New,2026-06-13 17:00:59
10477,51,39435.0,5,Married,1,1,102.0,7.0,14.571428571428571,16,7,0.0,4694,0.4285714285714285,0.1428571428571428,19717.5,0,0,0.28583696,LOW PRIORITY,New,2026-06-13 17:00:59
10478,74,55517.0,5,Married,2,1,633.0,23.0,27.52173913043478,53,9,0.0,5007,0.4782608695652174,0.217391304347826,18505.666666666668,0,1,0.84948593,HIGH PRIORITY,At Risk,2026-06-13 17:00:59
10479,49,76618.0,5,Married,0,0,1511.0,11.0,137.36363636363637,64,1,0.0,4936,0.2727272727272727,0.0909090909090909,76618.0,0,0,0.20005319,LOW PRIORITY,At Risk,2026-06-13 17:00:59
10486,76,77142.0,3,Married,0,0,990.0,17.0,58.23529411764706,54,2,0.0,4763,0.2352941176470588,0.0588235294117647,77142.0,0,0,0.015177877,LOW PRIORITY,At Risk,2026-06-13 17:00:59
10489,51,92955.0,3,Married,0,0,1778.0,23.0,77.30434782608695,35,2,0.4,4681,0.2608695652173913,0.0434782608695652,92955.0,0,1,0.9389616,HIGH PRIORITY,VIP,2026-06-13 17:00:59
10490,55,51039.0,5,Married,2,1,417.0,14.0,29.785714285714285,11,7,0.0,4933,0.4285714285714285,0.1428571428571428,17013.0,0,0,0.4540246,MEDIUM PRIORITY,New,2026-06-13 17:00:59
10492,65,38285.0,3,Married,3,1,10.0,4.0,2.5,96,2,0.0,4372,0.0,0.25,9571.25,0,0,5.9661004e-05,LOW PRIORITY,Loyal,2026-06-13 17:00:59
10500,40,31761.0,3,Married,1,1,98.0,9.0,10.88888888888889,96,5,0.0,4452,0.3333333333333333,0.2222222222222222,15880.5,0,0,0.00080042524,LOW PRIORITY,Loyal,2026-06-13 17:00:59
10505,64,73113.0,4,Married,0,0,1001.0,15.0,66.73333333333333,86,2,0.0,4552,0.2,0.0666666666666666,73113.0,0,0,0.0018842188,LOW PRIORITY,At Risk,2026-06-13 17:00:59
10507,47,59601.0,2,Divorced,1,1,797.0,15.0,53.13333333333333,14,8,0.2,4706,0.1333333333333333,0.2666666666666666,29800.5,0,0,0.21922725,LOW PRIORITY,VIP,2026-06-13 17:00:59
10509,69,36927.0,4,Single,2,1,71.0,8.0,8.875,46,8,0.0,4394,0.375,0.25,12309.0,0,0,0.0144746555,LOW PRIORITY,New,2026-06-13 17:00:59
10513,32,63207.0,3,Married,0,0,1502.0,12.0,125.16666666666669,68,7,0.2,4892,0.1666666666666666,0.0833333333333333,63207.0,0,0,0.0330971,LOW PRIORITY,At Risk,2026-06-13 17:00:59
10521,47,54809.0,3,Married,2,1,174.0,12.0,14.5,0,4,0.0,4658,0.1666666666666666,0.3333333333333333,18269.666666666668,0,1,0.4935345,MEDIUM PRIORITY,New,2026-06-13 17:00:59
10524,61,49476.0,4,Divorced,1,1,795.0,22.0,36.13636363636363,29,2,0.0,4741,0.0909090909090909,0.1818181818181818,24738.0,0,0,0.013861516,LOW PRIORITY,VIP,2026-06-13 17:00:59
10525,38,26576.0,3,Single,1,1,27.0,4.0,6.75,40,9,0.2,4991,0.25,0.25,13288.0,0,1,0.5718235,MEDIUM PRIORITY,New,2026-06-13 17:00:59
10530,65,67786.0,5,Widow,0,0,1156.0,16.0,72.25,0,1,0.0,4571,0.1875,0.0625,67786.0,0,1,0.8482175,HIGH PRIORITY,VIP,2026-06-13 17:00:59
10536,53,32892.0,5,Married,1,1,46.0,8.0,5.75,78,8,0.0,4402,0.375,0.25,16446.0,0,0,0.0029191691,LOW PRIORITY,Loyal,2026-06-13 17:00:59
10542,56,36778.0,5,Married,2,1,77.0,9.0,8.555555555555555,63,9,0.0,5060,0.3333333333333333,0.3333333333333333,12259.333333333334,0,0,0.096981205,LOW PRIORITY,Loyal,2026-06-13 17:00:59
10548,29,71163.0,3,Single,0,0,960.0,24.0,40.0,30,1,0.0,4479,0.125,0.0416666666666666,71163.0,0,0,0.025362562,LOW PRIORITY,VIP,2026-06-13 17:00:59
10552,45,54210.0,2,Married,1,1,367.0,14.0,26.214285714285715,18,5,0.0,4772,0.2857142857142857,0.1428571428571428,27105.0,0,0,0.011282551,LOW PRIORITY,New,2026-06-13 17:00:59
10556,65,54984.0,3,Married,1,1,358.0,17.0,21.058823529411764,51,7,0.2,4403,0.3529411764705882,0.2352941176470588,27492.0,0,0,0.011820337,LOW PRIORITY,Loyal,2026-06-13 17:00:59
10560,44,36802.0,5,Single,1,1,20.0,5.0,4.0,23,5,0.0,4380,0.2,0.2,18401.0,0,0,0.021420443,LOW PRIORITY,New,2026-06-13 17:00:59
10562,78,66835.0,4,Married,0,0,1033.0,24.0,43.04166666666666,21,2,0.0,4641,0.25,0.0416666666666666,66835.0,0,0,0.02096292,LOW PRIORITY,VIP,2026-06-13 17:00:59
10573,71,62551.0,3,Divorced,0,0,421.0,18.0,23.38888888888889,27,3,0.2,4590,0.3333333333333333,0.0555555555555555,62551.0,0,0,0.1973555,LOW PRIORITY,VIP,2026-06-13 17:00:59
10581,47,41124.0,3,Married,1,1,506.0,21.0,24.09523809523809,41,8,0.0,4973,0.3333333333333333,0.3333333333333333,20562.0,0,0,0.2763487,LOW PRIORITY,VIP,2026-06-13 17:00:59
10582,45,72063.0,3,Married,1,1,758.0,21.0,36.095238095238095,3,2,0.0,4728,0.238095238095238,0.0952380952380952,36031.5,0,0,0.027948763,LOW PRIORITY,VIP,2026-06-13 17:00:59
10584,48,65665.0,3,Married,1,1,945.0,24.0,39.375,77,3,0.0,4576,0.2083333333333333,0.0416666666666666,32832.5,0,0,0.00034424913,LOW PRIORITY,At Risk,2026-06-13 17:00:59
10590,68,76542.0,5,Married,0,0,1483.0,23.0,64.47826086956522,91,2,0.0,4823,0.1739130434782608,0.0434782608695652,76542.0,0,0,0.020069491,LOW PRIORITY,At Risk,2026-06-13 17:00:59
10591,55,43638.0,3,Widow,1,1,201.0,11.0,18.272727272727277,37,7,0.0,5059,0.3636363636363636,0.1818181818181818,21819.0,0,0,0.2206493,LOW PRIORITY,New,2026-06-13 17:00:59
10595,34,30093.0,3,Married,0,0,69.0,6.0,11.5,19,7,0.0,4723,0.3333333333333333,0.1666666666666666,30093.0,0,0,0.012187495,LOW PRIORITY,New,2026-06-13 17:00:59
10598,57,27943.0,3,Married,2,1,37.0,8.0,4.625,89,8,0.0,4807,0.25,0.375,9314.333333333334,0,0,0.0018280753,LOW PRIORITY,Loyal,2026-06-13 17:00:59
10602,41,39922.0,3,Married,1,1,156.0,9.0,17.333333333333332,30,8,0.0,4867,0.3333333333333333,0.2222222222222222,19961.0,0,0,0.036389925,LOW PRIORITY,New,2026-06-13 17:00:59
10609,62,42769.0,5,Married,1,1,88.0,8.0,11.0,15,4,0.0,4627,0.125,0.25,21384.5,0,0,0.014501364,LOW PRIORITY,New,2026-06-13 17:00:59
10613,66,37334.0,5,Married,2,1,62.0,11.0,5.636363636363637,44,4,0.0,4490,0.2727272727272727,0.3636363636363636,12444.666666666666,0,0,0.0028510427,LOW PRIORITY,New,2026-06-13 17:00:59
10617,35,10979.0,4,Divorced,0,0,30.0,8.0,3.75,34,5,0.0,4405,0.375,0.25,10979.0,0,0,0.0017771206,LOW PRIORITY,New,2026-06-13 17:00:59
10619,30,95529.0,3,Single,0,0,1990.0,18.0,110.55555555555556,29,3,0.2,4940,0.3888888888888889,0.0555555555555555,95529.0,0,1,0.9612713,HIGH PRIORITY,VIP,2026-06-13 17:00:59
10623,63,48330.0,4,Married,1,1,32.0,5.0,6.4,2,5,0.0,4593,0.2,0.2,24165.0,0,0,0.017140387,LOW PRIORITY,New,2026-06-13 17:00:59
10629,51,51381.5,2,Married,1,1,109.0,9.0,12.11111111111111,25,8,0.0,5020,0.3333333333333333,0.3333333333333333,25690.75,0,0,0.11954344,LOW PRIORITY,New,2026-06-13 17:00:59
10634,73,59412.0,4,Married,0,0,406.0,15.0,27.066666666666663,56,3,0.0,4438,0.2666666666666666,0.0666666666666666,59412.0,0,0,0.0015248953,LOW PRIORITY,Loyal,2026-06-13 17:00:59
10637,60,40800.0,3,Married,3,1,99.0,8.0,12.375,77,7,0.0,4911,0.375,0.25,10200.0,1,0,0.022756424,LOW PRIORITY,Loyal,2026-06-13 17:00:59
10640,50,44392.0,3,Married,2,1,211.0,14.0,15.071428571428571,71,7,0.0,4664,0.2857142857142857,0.3571428571428571,14797.333333333334,0,0,0.0184008,LOW PRIORITY,Loyal,2026-06-13 17:00:59
10641,46,7500.0,3,Single,2,1,57.0,10.0,5.7,5,6,0.0,4916,0.2,0.4,2500.0,0,0,0.12397818,LOW PRIORITY,New,2026-06-13 17:00:59
10642,35,30279.0,3,Single,1,1,37.0,5.0,7.4,13,8,0.0,4913,0.2,0.2,15139.5,0,0,0.012164588,LOW PRIORITY,New,2026-06-13 17:00:59
10643,37,42000.0,5,Single,0,0,653.0,20.0,32.65,23,5,0.0,4902,0.25,0.1,42000.0,0,1,0.8850619,HIGH PRIORITY,VIP,2026-06-13 17:00:59
10648,42,66664.0,2,Married,0,0,1289.0,19.0,67.84210526315789,78,3,0.0,5009,0.2631578947368421,0.0526315789473684,66664.0,0,0,0.021084609,LOW PRIORITY,At Risk,2026-06-13 17:00:59
10652,67,65487.0,4,Married,0,0,1169.0,17.0,68.76470588235294,48,2,0.0,4537,0.1764705882352941,0.1764705882352941,65487.0,0,0,0.005937342,LOW PRIORITY,At Risk,2026-06-13 17:00:59
10659,45,7500.0,2,Married,1,1,53.0,11.0,4.818181818181818,7,7,0.0,4785,0.2727272727272727,0.3636363636363636,3750.0,0,0,0.19492653,LOW PRIORITY,New,2026-06-13 17:00:59
10660,67,66726.0,4,Married,2,1,438.0,17.0,25.764705882352946,61,7,0.2,4535,0.4705882352941176,0.1764705882352941,22242.0,0,0,0.029309504,LOW PRIORITY,Loyal,2026-06-13 17:00:59
10664,75,51529.0,4,Widow,1,1,467.0,17.0,27.47058823529412,14,8,0.0,4662,0.5294117647058824,0.1176470588235294,25764.5,0,0,0.18474807,LOW PRIORITY,New,2026-06-13 17:00:59
10669,43,54386.0,3,Married,1,1,470.0,17.0,27.647058823529413,8,3,0.0,4775,0.1764705882352941,0.1176470588235294,27193.0,0,0,0.027409017,LOW PRIORITY,New,2026-06-13 17:00:59
10673,48,68397.0,5,Married,1,1,1416.0,21.0,67.42857142857143,6,3,0.0,4591,0.2857142857142857,0.0476190476190476,34198.5,0,0,0.06934033,LOW PRIORITY,VIP,2026-06-13 17:00:59
10675,68,66334.0,5,Married,1,1,1161.0,19.0,61.10526315789474,82,5,0.0,4819,0.4736842105263157,0.1052631578947368,33167.0,0,1,0.19791424,LOW PRIORITY,At Risk,2026-06-13 17:00:59
10676,42,63211.0,3,Married,0,0,1173.0,20.0,58.65,3,2,0.0,4971,0.15,0.1,63211.0,0,1,0.55405873,MEDIUM PRIORITY,VIP,2026-06-13 17:00:59
10678,65,71232.0,3,Married,1,1,917.0,25.0,36.68,91,7,0.0,4580,0.44,0.08,35616.0,0,0,0.0036743311,LOW PRIORITY,At Risk,2026-06-13 17:00:59
10680,38,33235.0,3,Married,1,1,70.0,7.0,10.0,71,7,0.0,4511,0.4285714285714285,0.1428571428571428,16617.5,0,0,0.0016775772,LOW PRIORITY,Loyal,2026-06-13 17:00:59
10681,54,62466.0,2,Married,1,1,889.0,26.0,34.19230769230769,13,4,0.0,4532,0.2307692307692307,0.1923076923076923,31233.0,0,0,0.008028006,LOW PRIORITY,VIP,2026-06-13 17:00:59
10686,59,34230.0,5,Married,2,1,21.0,4.0,5.25,72,7,0.0,4917,0.25,0.25,11410.0,0,0,0.029401625,LOW PRIORITY,Loyal,2026-06-13 17:00:59
10691,64,28520.0,4,Married,2,1,43.0,5.0,8.6,55,6,0.0,4747,0.2,0.2,9506.666666666666,0,0,0.01145035,LOW PRIORITY,Loyal,2026-06-13 17:00:59
10699,39,44322.0,3,Married,1,1,92.0,8.0,11.5,30,8,0.0,4380,0.375,0.25,22161.0,0,0,0.0066698785,LOW PRIORITY,New,2026-06-13 17:00:59
10701,51,65308.0,3,Married,0,0,1211.0,28.0,43.25,60,4,0.4,4658,0.25,0.0357142857142857,65308.0,0,0,0.14580972,LOW PRIORITY,At Risk,2026-06-13 17:00:59
10702,40,52413.0,3,Single,1,1,450.0,17.0,26.47058823529412,67,7,0.0,4970,0.4117647058823529,0.1176470588235294,26206.5,0,0,0.052080393,LOW PRIORITY,Loyal,2026-06-13 17:00:59
10703,49,46098.0,4,Single,2,1,120.0,11.0,10.909090909090908,86,8,0.0,5047,0.2727272727272727,0.3636363636363636,15366.0,0,0,0.34409347,MEDIUM PRIORITY,Loyal,2026-06-13 17:00:59
10704,55,54803.0,3,Single,1,1,693.0,19.0,36.47368421052632,65,4,0.0,5044,0.3157894736842105,0.1052631578947368,27401.5,0,0,0.11515977,LOW PRIORITY,At Risk,2026-06-13 17:00:59
10708,46,36975.0,2,Single,1,1,33.0,5.0,6.6,50,7,0.0,4550,0.2,0.2,18487.5,0,0,0.004799522,LOW PRIORITY,New,2026-06-13 17:00:59
10710,45,7500.0,3,Married,1,1,18.0,4.0,4.5,61,8,0.0,5036,0.25,0.25,3750.0,0,0,0.08216555,LOW PRIORITY,Loyal,2026-06-13 17:00:59
10711,79,69755.0,3,Married,0,0,894.0,22.0,40.63636363636363,23,1,0.0,4637,0.1363636363636363,0.0454545454545454,69755.0,0,0,0.022124892,LOW PRIORITY,VIP,2026-06-13 17:00:59
10722,51,55593.0,3,Married,1,1,546.0,17.0,32.11764705882353,63,6,0.2,4679,0.3529411764705882,0.1176470588235294,27796.5,0,0,0.039633747,LOW PRIORITY,At Risk,2026-06-13 17:00:59
10727,54,69084.0,5,Married,1,1,1586.0,25.0,63.44,43,8,0.0,4589,0.28,0.08,34542.0,0,0,0.026095781,LOW PRIORITY,VIP,2026-06-13 17:00:59
10735,53,22804.0,3,Single,1,1,26.0,5.0,5.2,75,9,0.0,4700,0.4,0.2,11402.0,0,0,0.0033615222,LOW PRIORITY,Loyal,2026-06-13 17:00:59
10736,53,72258.0,3,Single,1,1,1525.0,22.0,69.31818181818181,28,2,0.0,4657,0.2727272727272727,0.0909090909090909,36129.0,0,0,0.030634724,LOW PRIORITY,VIP,2026-06-13 17:00:59
10738,73,49389.0,4,Single,2,1,65.0,6.0,10.833333333333334,55,7,0.0,4671,0.3333333333333333,0.1666666666666666,16463.0,0,0,0.020896696,LOW PRIORITY,Loyal,2026-06-13 17:00:59
10741,73,47352.0,4,Married,1,1,319.0,16.0,19.9375,70,7,0.0,4811,0.375,0.25,23676.0,0,0,0.03374177,LOW PRIORITY,Loyal,2026-06-13 17:00:59
10742,41,86580.0,5,Married,0,0,746.0,11.0,67.81818181818181,72,1,0.2,4854,0.3636363636363636,0.0,86580.0,0,0,0.15679812,LOW PRIORITY,Loyal,2026-06-13 17:00:59
10749,33,8028.0,3,Single,0,0,178.0,16.0,11.125,62,19,0.0,5016,0.0,0.9375,8028.0,0,0,0.048298217,LOW PRIORITY,Loyal,2026-06-13 17:00:59
10755,48,23718.0,2,Married,1,1,81.0,9.0,9.0,76,7,0.0,4667,0.3333333333333333,0.3333333333333333,11859.0,0,0,0.016833618,LOW PRIORITY,Loyal,2026-06-13 17:00:59
10757,57,28420.0,5,Divorced,1,1,13.0,4.0,3.25,36,6,0.0,4554,0.25,0.25,14210.0,0,0,0.005154087,LOW PRIORITY,New,2026-06-13 17:00:59
10766,60,65526.0,5,Married,1,1,506.0,17.0,29.764705882352946,22,2,0.0,4446,0.2352941176470588,0.0588235294117647,32763.0,0,0,0.0031103417,LOW PRIORITY,VIP,2026-06-13 17:00:59
10767,35,77845.0,5,Married,0,0,1346.0,21.0,64.0952380952381,40,1,0.4,4411,0.1428571428571428,0.0476190476190476,77845.0,0,0,0.017368453,LOW PRIORITY,VIP,2026-06-13 17:00:59
10770,65,65492.0,3,Married,0,0,1045.0,26.0,40.19230769230769,73,2,0.0,4521,0.1538461538461538,0.0769230769230769,65492.0,0,0,0.0017429389,LOW PRIORITY,At Risk,2026-06-13 17:00:59
10779,41,22148.0,3,Single,0,0,49.0,5.0,9.8,16,7,0.0,4444,0.2,0.2,22148.0,0,0,0.13992234,LOW PRIORITY,New,2026-06-13 17:00:59
10785,55,44078.0,3,Married,2,1,41.0,7.0,5.857142857142857,17,5,0.0,4377,0.2857142857142857,0.2857142857142857,14692.666666666666,0,0,0.0027516072,LOW PRIORITY,New,2026-06-13 17:00:59
10789,60,45759.0,5,Married,2,1,68.0,7.0,9.714285714285714,13,7,0.0,4858,0.2857142857142857,0.2857142857142857,15253.0,0,0,0.1428065,LOW PRIORITY,New,2026-06-13 17:00:59
10790,39,18169.0,5,Married,1,1,21.0,4.0,5.25,40,8,0.0,4862,0.25,0.25,9084.5,0,0,0.030527005,LOW PRIORITY,New,2026-06-13 17:00:59
10795,51,37401.0,5,Married,1,1,48.0,7.0,6.857142857142857,14,7,0.0,4421,0.2857142857142857,0.2857142857142857,18700.5,0,0,0.15001997,LOW PRIORITY,New,2026-06-13 17:00:59
10796,40,30477.0,4,Married,1,1,66.0,6.0,11.0,16,6,0.0,4525,0.1666666666666666,0.1666666666666666,15238.5,0,0,0.16923267,LOW PRIORITY,New,2026-06-13 17:00:59
10812,46,46377.0,5,Married,1,1,90.0,7.0,12.857142857142858,89,4,0.0,4487,0.2857142857142857,0.1428571428571428,23188.5,0,0,0.0011580151,LOW PRIORITY,Loyal,2026-06-13 17:00:59
10814,77,70321.0,3,Married,0,0,1376.0,25.0,55.04,6,4,0.0,4896,0.24,0.04,70321.0,0,1,0.79164726,HIGH PRIORITY,VIP,2026-06-13 17:00:59
10821,46,57113.0,3,Married,2,1,263.0,16.0,16.4375,45,7,0.0,4875,0.25,0.375,19037.666666666668,0,0,0.06019519,LOW PRIORITY,New,2026-06-13 17:00:59
10826,65,18690.0,3,Married,0,0,60.0,5.0,12.0,77,8,0.0,4915,0.2,0.2,18690.0,0,0,0.015179822,LOW PRIORITY,Loyal,2026-06-13 17:00:59
10827,57,36947.0,5,Married,2,1,146.0,11.0,13.272727272727272,49,9,0.0,5058,0.2727272727272727,0.3636363636363636,12315.666666666666,0,0,0.25492615,LOW PRIORITY,New,2026-06-13 17:00:59
10832,66,46610.0,3,Married,0,0,467.0,14.0,33.357142857142854,4,6,0.0,4713,0.4285714285714285,0.0714285714285714,46610.0,0,0,0.114088625,LOW PRIORITY,New,2026-06-13 17:00:59
10833,49,65106.0,3,Married,1,1,973.0,27.0,36.03703703703704,55,6,0.2,4403,0.2962962962962963,0.1111111111111111,32553.0,0,0,0.004372457,LOW PRIORITY,At Risk,2026-06-13 17:00:59
10837,49,23957.0,3,Married,1,1,68.0,6.0,11.333333333333334,47,6,0.0,4976,0.3333333333333333,0.1666666666666666,11978.5,0,1,0.35636795,MEDIUM PRIORITY,New,2026-06-13 17:00:59
10839,48,36283.0,3,Married,2,1,29.0,6.0,4.833333333333333,42,4,0.0,4443,0.1666666666666666,0.3333333333333333,12094.333333333334,0,0,0.0038033,LOW PRIORITY,New,2026-06-13 17:00:59
10841,49,56559.0,5,Married,1,1,484.0,18.0,26.88888888888889,46,4,0.0,4918,0.2222222222222222,0.1666666666666666,28279.5,0,0,0.0432753,LOW PRIORITY,VIP,2026-06-13 17:00:59
10846,46,43783.0,4,Married,1,1,629.0,22.0,28.59090909090909,22,7,0.2,4398,0.3181818181818182,0.2727272727272727,21891.5,0,0,0.07597673,LOW PRIORITY,VIP,2026-06-13 17:00:59
10854,54,38853.0,5,Married,2,1,45.0,7.0,6.428571428571429,90,7,0.0,4404,0.2857142857142857,0.2857142857142857,12951.0,0,0,0.00051735085,LOW PRIORITY,Loyal,2026-06-13 17:00:59
10855,56,50014.0,4,Single,1,1,396.0,15.0,26.4,9,5,0.0,4525,0.2666666666666666,0.1333333333333333,25007.0,0,0,0.042729724,LOW PRIORITY,New,2026-06-13 17:00:59
10856,44,45889.0,2,Single,1,1,46.0,5.0,9.2,42,6,0.0,4729,0.2,0.2,22944.5,0,0,0.00794249,LOW PRIORITY,New,2026-06-13 17:00:59
10858,49,76532.0,3,Married,2,1,820.0,25.0,32.8,38,5,0.0,4660,0.36,0.16,25510.666666666668,0,0,0.0034601795,LOW PRIORITY,VIP,2026-06-13 17:00:59
10862,64,30522.0,4,Married,1,1,326.0,17.0,19.176470588235293,6,2,0.0,5048,0.0588235294117647,0.2941176470588235,15261.0,0,0,0.09815656,LOW PRIORITY,New,2026-06-13 17:00:59
10868,73,70792.0,3,Widow,0,0,1272.0,19.0,66.94736842105263,82,3,0.0,4875,0.1578947368421052,0.1052631578947368,70792.0,0,0,0.08040613,LOW PRIORITY,At Risk,2026-06-13 17:00:59
10870,57,61223.0,3,Married,1,1,1341.0,18.0,74.5,46,5,0.0,4748,0.5,0.1111111111111111,30611.5,0,0,0.050707232,LOW PRIORITY,VIP,2026-06-13 17:00:59
10872,55,55212.0,5,Married,1,1,1182.0,20.0,59.1,65,8,0.4,4950,0.2,0.15,27606.0,0,0,0.27813092,LOW PRIORITY,At Risk,2026-06-13 17:00:59
10882,48,53858.0,3,Married,1,1,915.0,17.0,53.8235294117647,50,4,0.0,4964,0.2352941176470588,0.2352941176470588,26929.0,0,0,0.02426988,LOW PRIORITY,At Risk,2026-06-13 17:00:59
10888,63,45938.0,3,Single,0,0,636.0,20.0,31.8,46,6,0.0,4605,0.4,0.1,45938.0,0,0,0.07078254,LOW PRIORITY,VIP,2026-06-13 17:00:59
10897,50,67445.0,3,Married,1,1,1174.0,32.0,36.6875,63,6,0.0,5053,0.28125,0.15625,33722.5,0,0,0.027510732,LOW PRIORITY,At Risk,2026-06-13 17:00:59
10905,69,42586.0,3,Married,2,1,252.0,16.0,15.75,7,8,0.0,4975,0.25,0.3125,14195.333333333334,0,1,0.89956504,HIGH PRIORITY,New,2026-06-13 17:00:59
10906,76,46681.0,5,Married,2,1,425.0,16.0,26.5625,52,5,0.0,4631,0.25,0.125,15560.333333333334,0,0,0.0052410713,LOW PRIORITY,Loyal,2026-06-13 17:00:59
10909,76,92344.0,3,Married,0,0,1899.0,20.0,94.95,9,1,0.4,4532,0.25,0.0,92344.0,0,0,0.6861076,HIGH PRIORITY,VIP,2026-06-13 17:00:59
10913,40,31385.0,4,Single,1,1,27.0,4.0,6.75,56,8,0.2,4938,0.25,0.25,15692.5,0,1,0.7786335,HIGH PRIORITY,Loyal,2026-06-13 17:00:59
10914,54,24163.0,3,Single,2,1,17.0,6.0,2.833333333333333,3,4,0.0,4627,0.1666666666666666,0.3333333333333333,8054.333333333333,0,0,0.06859622,LOW PRIORITY,New,2026-06-13 17:00:59
10925,41,76630.0,3,Married,0,0,1003.0,25.0,40.12,93,1,0.0,4533,0.12,0.04,76630.0,0,0,0.0012545928,LOW PRIORITY,At Risk,2026-06-13 17:00:59
10928,66,66886.0,3,Married,1,1,599.0,17.0,35.23529411764706,28,5,0.0,4653,0.4117647058823529,0.1176470588235294,33443.0,0,0,0.0056112204,LOW PRIORITY,VIP,2026-06-13 17:00:59
10936,59,72190.0,3,Married,0,0,1947.0,16.0,121.6875,79,3,0.0,4868,0.3125,0.0625,72190.0,0,0,0.08508845,LOW PRIORITY,At Risk,2026-06-13 17:00:59
10949,61,72968.0,5,Divorced,0,0,1958.0,19.0,103.05263157894736,8,3,0.2,4562,0.2631578947368421,0.0526315789473684,72968.0,0,1,0.9410077,HIGH PRIORITY,VIP,2026-06-13 17:00:59
10951,56,45688.0,3,Married,1,1,306.0,14.0,21.857142857142858,20,4,0.2,4522,0.2142857142857142,0.1428571428571428,22844.0,0,0,0.023542417,LOW PRIORITY,New,2026-06-13 17:00:59
10955,60,85620.0,3,Widow,0,0,1600.0,14.0,114.28571428571428,68,1,0.0,4540,0.2142857142857142,0.0714285714285714,85620.0,0,1,0.58742636,MEDIUM PRIORITY,At Risk,2026-06-13 17:00:59
10965,69,76005.0,3,Married,0,0,1722.0,22.0,78.27272727272727,72,6,0.2,4859,0.1363636363636363,0.0454545454545454,76005.0,0,0,0.08774924,LOW PRIORITY,At Risk,2026-06-13 17:00:59
10967,61,33378.0,3,Divorced,2,1,99.0,9.0,11.0,38,7,0.0,4875,0.2222222222222222,0.3333333333333333,11126.0,0,0,0.16112295,LOW PRIORITY,New,2026-06-13 17:00:59
10968,55,57731.0,3,Single,1,1,704.0,26.0,27.07692307692308,0,6,0.0,4950,0.3076923076923077,0.1538461538461538,28865.5,0,0,0.15355422,LOW PRIORITY,VIP,2026-06-13 17:00:59
10971,47,37774.0,3,Single,2,1,473.0,16.0,29.5625,28,9,0.2,5031,0.4375,0.25,12591.333333333334,1,1,0.5385894,MEDIUM PRIORITY,New,2026-06-13 17:00:59
10972,75,72298.0,3,Widow,0,0,939.0,14.0,67.07142857142857,52,1,0.4,4478,0.2857142857142857,0.0714285714285714,72298.0,0,0,0.14321901,LOW PRIORITY,At Risk,2026-06-13 17:00:59
10981,36,84219.0,3,Married,0,0,1198.0,18.0,66.55555555555556,27,1,0.0,4514,0.1666666666666666,0.0555555555555555,84219.0,0,0,0.0056512738,LOW PRIORITY,VIP,2026-06-13 17:00:59
10983,72,75278.0,3,Married,0,0,930.0,23.0,40.43478260869565,17,3,0.0,4883,0.2608695652173913,0.0434782608695652,75278.0,0,0,0.11065811,LOW PRIORITY,VIP,2026-06-13 17:00:59
10991,64,89058.0,4,Married,0,0,850.0,14.0,60.71428571428572,18,2,0.0,4936,0.3571428571428571,0.0714285714285714,89058.0,0,0,0.20356198,LOW PRIORITY,VIP,2026-06-13 17:00:59
10992,57,75702.0,3,Married,2,1,1148.0,26.0,44.15384615384615,77,8,0.0,5036,0.1538461538461538,0.1923076923076923,25234.0,0,0,0.015938288,LOW PRIORITY,At Risk,2026-06-13 17:00:59
10995,36,15716.0,2,Married,1,1,92.0,10.0,9.2,8,8,0.0,4961,0.3,0.3,7858.0,1,0,0.13135928,LOW PRIORITY,New,2026-06-13 17:00:59
11003,44,25130.0,2,Married,1,1,50.0,7.0,7.142857142857143,10,7,0.0,4637,0.2857142857142857,0.2857142857142857,12565.0,0,0,0.16223039,LOW PRIORITY,New,2026-06-13 17:00:59
11004,131,60182.0,2,Single,1,1,22.0,4.0,5.5,23,4,0.0,4410,0.25,0.25,30091.0,0,0,0.0020809942,LOW PRIORITY,New,2026-06-13 17:00:59
11007,56,29187.0,5,Married,1,1,34.0,5.0,6.8,43,8,0.0,4783,0.2,0.2,14593.5,0,0,0.0162184,LOW PRIORITY,New,2026-06-13 17:00:59
11010,40,16269.0,5,Single,1,1,44.0,9.0,4.888888888888889,75,8,0.0,4670,0.3333333333333333,0.3333333333333333,8134.5,0,0,0.009106991,LOW PRIORITY,Loyal,2026-06-13 17:00:59
11013,37,67605.0,3,Married,0,0,938.0,17.0,55.1764705882353,84,1,0.0,4822,0.1176470588235294,0.0588235294117647,67605.0,0,0,0.0015303093,LOW PRIORITY,At Risk,2026-06-13 17:00:59
11025,63,36443.0,3,Married,2,1,138.0,11.0,12.545454545454543,9,8,0.0,4878,0.2727272727272727,0.3636363636363636,12147.666666666666,0,0,0.58037376,MEDIUM PRIORITY,New,2026-06-13 17:00:59
11030,48,33181.0,4,Married,1,1,16.0,4.0,4.0,90,6,0.2,4544,0.25,0.25,16590.5,0,0,0.013018021,LOW PRIORITY,Loyal,2026-06-13 17:00:59
11031,74,48699.0,5,Married,2,1,40.0,5.0,8.0,90,5,0.0,4771,0.2,0.2,16233.0,0,0,0.0026500772,LOW PRIORITY,Loyal,2026-06-13 17:00:59
11039,49,51948.0,3,Married,1,1,311.0,13.0,23.923076923076923,51,5,0.0,4652,0.3846153846153846,0.1538461538461538,25974.0,0,0,0.0016076028,LOW PRIORITY,Loyal,2026-06-13 17:00:59
11051,68,77376.0,5,Married,2,1,661.0,23.0,28.73913043478261,72,4,0.0,4417,0.2608695652173913,0.1739130434782608,25792.0,0,0,0.0015317198,LOW PRIORITY,At Risk,2026-06-13 17:00:59
11056,50,72099.0,3,Married,0,0,1188.0,18.0,66.0,18,1,0.0,4977,0.1666666666666666,0.0555555555555555,72099.0,0,0,0.18105437,LOW PRIORITY,VIP,2026-06-13 17:00:59
11071,40,79607.0,3,Single,0,0,1923.0,16.0,120.1875,37,1,0.0,4801,0.1875,0.0625,79607.0,0,1,0.9030051,HIGH PRIORITY,VIP,2026-06-13 17:00:59
11074,47,85072.0,3,Single,0,0,1423.0,18.0,79.05555555555556,94,0,0.0,4448,0.1666666666666666,0.0555555555555555,85072.0,0,0,0.036004998,LOW PRIORITY,At Risk,2026-06-13 17:00:59
11075,46,51267.0,3,Married,2,1,270.0,15.0,18.0,37,4,0.0,4610,0.2,0.2666666666666666,17089.0,0,0,0.0041177105,LOW PRIORITY,New,2026-06-13 17:00:59
11084,48,65104.0,4,Married,1,1,1053.0,17.0,61.94117647058823,4,7,0.0,4594,0.1764705882352941,0.1176470588235294,32552.0,0,1,0.25637037,LOW PRIORITY,VIP,2026-06-13 17:00:59
11086,40,25707.0,1,Single,1,1,21.0,5.0,4.2,18,7,0.0,4529,0.2,0.2,12853.5,0,0,0.010781596,LOW PRIORITY,New,2026-06-13 17:00:59
11088,53,78642.0,5,Married,1,1,1816.0,18.0,100.88888888888889,83,6,0.0,4801,0.2222222222222222,0.0555555555555555,39321.0,0,0,0.15032804,LOW PRIORITY,At Risk,2026-06-13 17:00:59
11091,71,34587.0,3,Married,2,1,22.0,6.0,3.6666666666666665,68,4,0.0,4411,0.1666666666666666,0.3333333333333333,11529.0,0,0,0.0011525925,LOW PRIORITY,Loyal,2026-06-13 17:00:59
11092,63,27116.0,3,Married,2,1,41.0,7.0,5.857142857142857,78,7,0.0,4486,0.2857142857142857,0.2857142857142857,9038.666666666666,0,0,0.0013089511,LOW PRIORITY,Loyal,2026-06-13 17:00:59
11096,72,57247.0,2,Married,1,1,232.0,12.0,19.33333333333333,50,2,0.0,4692,0.1666666666666666,0.1666666666666666,28623.5,0,0,0.002649805,LOW PRIORITY,Loyal,2026-06-13 17:00:59
11100,52,51813.0,3,Divorced,2,1,63.0,7.0,9.0,37,7,0.0,4811,0.2857142857142857,0.2857142857142857,17271.0,0,0,0.041311286,LOW PRIORITY,New,2026-06-13 17:00:59
11101,33,89891.0,3,Married,0,0,836.0,26.0,32.15384615384615,17,4,0.2,4807,0.4230769230769231,0.0384615384615384,89891.0,0,0,0.09335001,LOW PRIORITY,VIP,2026-06-13 17:00:59
11110,51,3502.0,3,Single,1,1,5.0,0.0,0.0,56,14,0.0,4809,0.0,0.0,1751.0,0,0,0.0021452021,LOW PRIORITY,Loyal,2026-06-13 17:00:59
11112,58,70713.0,3,Married,1,1,1477.0,25.0,59.08,23,3,0.0,4940,0.2,0.24,35356.5,0,0,0.014793599,LOW PRIORITY,VIP,2026-06-13 17:00:59
11114,54,19656.0,3,Married,1,1,84.0,9.0,9.333333333333334,94,7,0.0,4873,0.2222222222222222,0.3333333333333333,9828.0,0,0,0.022771245,LOW PRIORITY,Loyal,2026-06-13 17:00:59
11121,43,19419.0,3,Married,1,1,70.0,11.0,6.363636363636363,76,9,0.0,4963,0.3636363636363636,0.3636363636363636,9709.5,0,0,0.11596089,LOW PRIORITY,Loyal,2026-06-13 17:00:59
11133,51,48432.0,5,Single,1,1,424.0,19.0,22.31578947368421,3,8,0.0,4986,0.3684210526315789,0.2631578947368421,24216.0,0,1,0.86332893,HIGH PRIORITY,VIP,2026-06-13 17:00:59
11148,49,22280.0,3,Married,1,1,13.0,4.0,3.25,85,8,0.0,4773,0.25,0.25,11140.0,0,0,0.0031524834,LOW PRIORITY,Loyal,2026-06-13 17:00:59
11166,63,49678.0,3,Married,1,1,315.0,14.0,22.5,81,7,0.0,4879,0.4285714285714285,0.1428571428571428,24839.0,0,0,0.026687296,LOW PRIORITY,Loyal,2026-06-13 17:00:59
11171,59,56962.0,4,Married,3,1,411.0,21.0,19.571428571428573,60,7,0.0,4628,0.2857142857142857,0.3333333333333333,14240.5,0,0,0.021259578,LOW PRIORITY,At Risk,2026-06-13 17:00:59
11176,54,65968.0,5,Married,1,1,495.0,18.0,27.5,12,3,0.0,4415,0.2777777777777778,0.1111111111111111,32984.0,0,0,0.013087779,LOW PRIORITY,VIP,2026-06-13 17:00:59
11178,52,42394.0,4,Single,1,1,32.0,5.0,6.4,69,7,0.0,4465,0.2,0.2,21197.0,0,0,0.005382829,LOW PRIORITY,Loyal,2026-06-13 17:00:59
11181,75,156924.0,5,Married,0,0,8.0,0.0,0.0,85,0,0.0,4671,0.0,0.0,156924.0,0,0,0.0008346571,LOW PRIORITY,Loyal,2026-06-13 17:00:59
11187,46,26487.0,1,Single,1,1,69.0,9.0,7.666666666666667,23,5,0.0,4772,0.2222222222222222,0.3333333333333333,13243.5,0,0,0.19427426,LOW PRIORITY,New,2026-06-13 17:00:59
11188,67,26091.0,3,Married,2,1,89.0,9.0,9.88888888888889,84,5,0.0,4491,0.2222222222222222,0.3333333333333333,8697.0,0,0,0.0031205602,LOW PRIORITY,Loyal,2026-06-13 17:00:59
11191,38,41411.0,3,Divorced,0,0,139.0,8.0,17.375,11,6,0.0,4571,0.25,0.125,41411.0,0,0,0.14406829,LOW PRIORITY,New,2026-06-13 17:00:59
