customer_id,age,income,total_spend,total_purchases,avg_spend_per_purchase,web_purchase_ratio,deal_sensitivity,recency,num_web_visits_month,campaign_engagement_rate,total_children,has_children,customer_tenure_days,income_per_person,education_rank,marital_clean,complain,response
0,39,70951.0,1198.0,17.0,70.47058823529412,0.17647058823529413,0.058823529411764705,66,1,0.0,0,0,4788,70951.0,3,Married,0,0
1,63,57091.0,577.0,18.0,32.05555555555556,0.3888888888888889,0.05555555555555555,0,5,0.2,0,0,4381,57091.0,3,Single,0,1
9,49,46098.0,120.0,11.0,10.909090909090908,0.2727272727272727,0.36363636363636365,86,8,0.0,2,1,5047,15366.0,4,Single,0,0
13,77,25358.0,32.0,6.0,5.333333333333333,0.16666666666666666,0.3333333333333333,57,6,0.0,1,1,4709,12679.0,5,Widow,0,0
17,53,60491.0,1028.0,28.0,36.714285714285715,0.21428571428571427,0.14285714285714285,81,5,0.0,1,1,4663,30245.5,5,Married,0,0
20,59,46891.0,183.0,8.0,22.875,0.25,0.125,91,4,0.0,1,1,4668,23445.5,2,Married,0,0
22,48,46310.0,309.0,14.0,22.071428571428573,0.42857142857142855,0.14285714285714285,99,8,0.0,1,1,4940,23155.0,3,Divorced,0,0
24,64,17144.0,47.0,12.0,3.9166666666666665,0.25,0.4166666666666667,96,7,0.0,2,1,4501,5714.666666666667,4,Married,0,0
25,66,65148.0,1115.0,21.0,53.095238095238095,0.2857142857142857,0.09523809523809523,9,4,0.0,1,1,4957,32574.0,3,Married,0,0
35,37,25545.0,210.0,10.0,21.0,0.2,0.3,35,6,0.0,1,1,5026,12772.5,3,Married,0,1
48,60,55761.0,184.0,10.0,18.4,0.4,0.2,97,6,0.2,1,1,4433,27880.5,3,Married,0,0
49,54,20587.0,25.0,5.0,5.0,0.2,0.2,39,7,0.0,1,1,4416,10293.5,3,Single,0,0
55,61,56253.0,597.0,22.0,27.136363636363637,0.3181818181818182,0.18181818181818182,83,6,0.0,1,1,4936,28126.5,3,Married,0,0
67,52,46423.0,92.0,9.0,10.222222222222221,0.2222222222222222,0.3333333333333333,6,7,0.0,2,1,4651,15474.333333333334,4,Single,0,0
73,71,51411.0,18.0,4.0,4.5,0.0,0.25,81,5,0.0,3,1,4766,12852.75,5,Single,0,0
75,42,41039.0,467.0,15.0,31.133333333333333,0.5333333333333333,0.06666666666666667,32,8,0.0,0,0,4706,41039.0,2,Married,0,0
78,55,25293.0,37.0,5.0,7.4,0.2,0.2,51,8,0.0,1,1,4654,12646.5,3,Married,0,0
87,43,27733.0,57.0,7.0,8.142857142857142,0.2857142857142857,0.2857142857142857,16,7,0.0,1,1,4674,13866.5,2,Married,0,0
89,49,22212.0,69.0,8.0,8.625,0.25,0.25,49,6,0.0,1,1,4569,11106.0,2,Married,0,0
92,36,34176.0,89.0,11.0,8.090909090909092,0.2727272727272727,0.36363636363636365,12,6,0.0,1,1,4415,17088.0,3,Single,0,0
113,73,30833.0,28.0,6.0,4.666666666666667,0.16666666666666666,0.3333333333333333,33,5,0.0,2,1,4715,10277.666666666666,3,Married,0,0
115,58,43456.0,393.0,17.0,23.11764705882353,0.29411764705882354,0.17647058823529413,0,5,0.0,1,1,4827,21728.0,4,Single,0,0
123,73,67046.0,993.0,15.0,66.2,0.26666666666666666,0.13333333333333333,92,2,0.0,1,1,4906,33523.0,3,Widow,0,0
125,66,53083.0,271.0,17.0,15.941176470588236,0.29411764705882354,0.35294117647058826,65,7,0.2,2,1,4777,17694.333333333332,2,Married,0,0
143,54,61209.0,957.0,13.0,73.61538461538461,0.38461538461538464,0.07692307692307693,73,2,0.0,0,0,4675,61209.0,3,Single,0,0
146,64,76045.0,1323.0,21.0,63.0,0.19047619047619047,0.047619047619047616,78,2,0.2,0,0,4593,76045.0,5,Single,0,0
153,71,23272.0,46.0,5.0,9.2,0.2,0.2,29,4,0.0,0,0,4622,23272.0,3,Divorced,0,0
158,79,71604.0,1196.0,17.0,70.3529411764706,0.47058823529411764,0.058823529411764705,3,4,0.2,0,0,4591,71604.0,5,Married,0,1
164,47,28973.0,269.0,13.0,20.692307692307693,0.38461538461538464,0.15384615384615385,59,8,0.0,0,0,4991,28973.0,5,Married,0,0
175,38,71952.0,1443.0,22.0,65.5909090909091,0.36363636363636365,0.09090909090909091,93,4,0.4,1,1,4902,35976.0,3,Married,0,0
176,44,67506.0,331.0,12.0,27.583333333333332,0.3333333333333333,0.08333333333333333,73,3,0.0,1,1,4545,33753.0,2,Single,0,0
178,68,62503.0,973.0,26.0,37.42307692307692,0.3076923076923077,0.15384615384615385,40,5,0.0,1,1,4863,31251.5,3,Married,0,0
182,78,44124.0,397.0,17.0,23.352941176470587,0.35294117647058826,0.23529411764705882,62,8,0.0,1,1,4781,22062.0,5,Married,0,0
193,28,14421.0,16.0,4.0,4.0,0.25,0.25,81,5,0.2,0,0,4499,14421.0,1,Married,0,0
194,59,48006.0,41.0,5.0,8.2,0.2,0.2,55,6,0.0,2,1,4387,16002.0,3,Married,0,0
195,52,38808.0,246.0,14.0,17.571428571428573,0.35714285714285715,0.2857142857142857,21,8,0.2,1,1,5039,19404.0,3,Single,0,1
199,62,45183.0,315.0,13.0,24.23076923076923,0.3076923076923077,0.07692307692307693,33,7,0.2,0,0,4892,45183.0,4,Single,0,0
202,76,82032.0,1234.0,17.0,72.58823529411765,0.23529411764705882,0.0,54,1,0.0,0,0,4452,82032.0,5,Widow,0,0
203,49,81169.0,2089.0,22.0,94.95454545454545,0.22727272727272727,0.045454545454545456,47,2,0.0,0,0,4808,81169.0,4,Single,0,0
213,61,23091.0,48.0,10.0,4.8,0.2,0.4,98,7,0.0,2,1,4399,7697.0,5,Single,0,0
217,68,64857.0,1540.0,23.0,66.95652173913044,0.30434782608695654,0.043478260869565216,78,4,0.0,0,0,4950,64857.0,4,Single,0,0
221,69,48726.0,242.0,12.0,20.166666666666668,0.25,0.25,90,6,0.0,1,1,4795,24363.0,3,Married,0,0
231,68,28839.0,32.0,7.0,4.571428571428571,0.2857142857142857,0.2857142857142857,86,5,0.0,2,1,4477,9613.0,4,Married,0,0
232,59,61559.0,530.0,17.0,31.176470588235293,0.23529411764705882,0.058823529411764705,8,3,0.0,1,1,4714,30779.5,3,Single,0,0
234,45,15287.0,31.0,6.0,5.166666666666667,0.16666666666666666,0.3333333333333333,60,7,0.2,1,1,4994,7643.5,3,Divorced,0,1
236,73,34838.0,170.0,10.0,17.0,0.2,0.3,62,6,0.0,2,1,4893,11612.666666666666,3,Married,0,0
238,57,67309.0,1082.0,39.0,27.743589743589745,0.23076923076923078,0.38461538461538464,76,7,0.0,2,1,4889,22436.333333333332,2,Married,0,0
241,72,83844.0,1574.0,20.0,78.7,0.2,0.05,57,1,0.2,0,0,4780,83844.0,3,Married,0,0
246,59,66480.0,312.0,19.0,16.42105263157895,0.21052631578947367,0.3684210526315789,71,4,0.0,2,1,4396,22160.0,3,Married,0,0
247,53,36715.0,357.0,19.0,18.789473684210527,0.3684210526315789,0.3157894736842105,16,9,0.0,1,1,4956,18357.5,3,Married,0,1
252,61,41003.0,601.0,17.0,35.35294117647059,0.35294117647058826,0.058823529411764705,11,6,0.0,0,0,4836,41003.0,5,Divorced,0,0
254,69,53863.0,473.0,18.0,26.27777777777778,0.3888888888888889,0.16666666666666666,4,7,0.2,1,1,4410,26931.5,3,Married,0,0
255,73,22263.0,21.0,6.0,3.5,0.16666666666666666,0.3333333333333333,31,6,0.0,2,1,4458,7421.0,3,Divorced,1,0
257,65,75032.0,1215.0,20.0,60.75,0.25,0.1,74,3,0.0,1,1,4794,37516.0,5,Married,0,0
263,79,45576.0,145.0,8.0,18.125,0.375,0.125,9,8,0.0,0,0,4399,45576.0,5,Single,0,1
269,61,46757.0,1143.0,21.0,54.42857142857143,0.19047619047619047,0.2857142857142857,71,9,0.0,1,1,4957,23378.5,5,Single,0,0
271,55,40590.0,258.0,15.0,17.2,0.2,0.3333333333333333,30,6,0.2,2,1,4637,13530.0,3,Widow,0,0
273,54,36138.0,151.0,13.0,11.615384615384615,0.23076923076923078,0.38461538461538464,48,7,0.2,2,1,4715,12046.0,4,Married,0,0
274,51,34853.0,34.0,7.0,4.857142857142857,0.2857142857142857,0.2857142857142857,75,6,0.0,2,1,4555,11617.666666666666,3,Single,0,0
286,72,44213.0,152.0,12.0,12.666666666666666,0.16666666666666666,0.3333333333333333,48,6,0.0,2,1,4579,14737.666666666666,3,Single,0,0
291,54,72940.0,981.0,13.0,75.46153846153847,0.23076923076923078,0.07692307692307693,13,1,0.0,0,0,4742,72940.0,3,Married,0,0
295,35,81217.0,1157.0,22.0,52.59090909090909,0.13636363636363635,0.045454545454545456,77,1,0.0,0,0,4712,81217.0,3,Single,0,0
304,43,22944.0,76.0,9.0,8.444444444444445,0.3333333333333333,0.3333333333333333,67,7,0.0,1,1,4555,11472.0,4,Single,0,0
309,63,63342.0,1101.0,19.0,57.94736842105263,0.42105263157894735,0.15789473684210525,48,6,0.2,1,1,4988,31671.0,5,Married,0,0
310,54,61872.0,573.0,21.0,27.285714285714285,0.19047619047619047,0.19047619047619047,81,4,0.0,1,1,4565,30936.0,4,Married,0,0
313,56,73455.0,2088.0,22.0,94.9090909090909,0.2727272727272727,0.045454545454545456,98,3,0.2,0,0,4611,73455.0,3,Widow,0,0
322,46,42554.0,41.0,7.0,5.857142857142857,0.2857142857142857,0.2857142857142857,93,4,0.0,2,1,4900,14184.666666666666,3,Married,0,0
326,51,51148.0,315.0,16.0,19.6875,0.3125,0.25,38,6,0.0,2,1,4863,17049.333333333332,3,Married,0,0
332,67,47743.0,275.0,14.0,19.642857142857142,0.2857142857142857,0.21428571428571427,56,6,0.2,1,1,4831,23871.5,3,Married,0,0
339,52,57091.0,496.0,18.0,27.555555555555557,0.5,0.1111111111111111,82,7,0.2,1,1,4950,28545.5,5,Married,0,1
340,54,72967.0,497.0,19.0,26.157894736842106,0.3684210526315789,0.10526315789473684,1,5,0.2,1,1,4928,36483.5,3,Divorced,0,1
347,48,40780.0,377.0,17.0,22.176470588235293,0.4117647058823529,0.23529411764705882,30,9,0.0,1,1,5026,20390.0,3,Divorced,0,0
359,74,48070.0,504.0,19.0,26.526315789473685,0.42105263157894735,0.15789473684210525,33,7,0.0,1,1,4899,24035.0,3,Married,1,0
361,55,43142.0,20.0,4.0,5.0,0.25,0.25,84,7,0.0,2,1,4498,14380.666666666666,4,Married,0,0
367,46,36550.0,577.0,20.0,28.85,0.45,0.25,74,9,0.0,1,1,4862,18275.0,2,Married,0,0
368,50,40049.0,290.0,14.0,20.714285714285715,0.21428571428571427,0.21428571428571427,61,5,0.0,1,1,4944,20024.5,3,Married,0,0
375,70,76773.0,1156.0,16.0,72.25,0.125,0.0625,79,1,0.0,0,0,4856,76773.0,3,Divorced,0,0
378,53,52531.0,794.0,21.0,37.80952380952381,0.3333333333333333,0.09523809523809523,68,6,0.0,0,0,4913,52531.0,3,Married,0,0
380,70,64497.0,1804.0,29.0,62.206896551724135,0.3793103448275862,0.1724137931034483,17,8,0.2,1,1,5024,32248.5,3,Divorced,0,1
387,48,7500.0,61.0,6.0,10.166666666666666,0.3333333333333333,0.16666666666666666,59,8,0.0,0,0,4960,7500.0,1,Married,0,0
405,60,41638.0,441.0,17.0,25.941176470588236,0.29411764705882354,0.23529411764705882,68,8,0.2,1,1,4868,20819.0,3,Divorced,0,0
425,39,55357.0,727.0,22.0,33.04545454545455,0.2727272727272727,0.13636363636363635,66,5,0.0,2,1,4862,18452.333333333332,3,Married,0,0
433,66,61331.0,632.0,23.0,27.47826086956522,0.4782608695652174,0.21739130434782608,42,8,0.0,2,1,4843,20443.666666666668,4,Single,0,0
437,48,75012.0,1027.0,23.0,44.65217391304348,0.13043478260869565,0.043478260869565216,41,1,0.0,0,0,4522,75012.0,4,Divorced,0,0
448,46,54880.0,795.0,21.0,37.857142857142854,0.2857142857142857,0.09523809523809523,57,5,0.0,1,1,4852,27440.0,5,Single,0,0
450,66,42315.0,270.0,12.0,22.5,0.08333333333333333,0.25,90,3,0.0,1,1,4719,21157.5,4,Married,0,0
451,35,9255.0,22.0,5.0,4.4,0.2,0.2,91,8,0.0,1,1,4558,4627.5,3,Single,0,0
453,68,35340.0,45.0,7.0,6.428571428571429,0.2857142857142857,0.2857142857142857,1,5,0.0,2,1,4367,11780.0,5,Widow,0,0
454,44,69508.0,1135.0,28.0,40.535714285714285,0.39285714285714285,0.07142857142857142,48,6,0.0,1,1,4959,34754.0,3,Married,0,0
455,78,51012.0,209.0,10.0,20.9,0.4,0.1,86,6,0.0,0,0,4804,51012.0,5,Married,0,0
456,38,7500.0,36.0,7.0,5.142857142857143,0.2857142857142857,0.2857142857142857,96,8,0.0,1,1,4874,3750.0,2,Married,0,0
460,52,79930.0,1753.0,17.0,103.11764705882354,0.17647058823529413,0.058823529411764705,72,2,0.0,0,0,5057,79930.0,5,Married,0,0
466,80,65275.0,746.0,21.0,35.523809523809526,0.19047619047619047,0.047619047619047616,9,2,0.0,0,0,4819,65275.0,3,Married,0,0
477,38,83512.0,2157.0,22.0,98.04545454545455,0.18181818181818182,0.045454545454545456,31,1,0.8,0,0,4379,83512.0,3,Married,0,1
486,36,84219.0,1198.0,18.0,66.55555555555556,0.16666666666666666,0.05555555555555555,27,1,0.0,0,0,4514,84219.0,3,Married,0,0
492,51,48432.0,424.0,19.0,22.31578947368421,0.3684210526315789,0.2631578947368421,3,8,0.0,1,1,4986,24216.0,5,Single,0,0
498,54,30015.0,57.0,7.0,8.142857142857142,0.14285714285714285,0.2857142857142857,28,5,0.0,1,1,4514,15007.5,3,Single,0,0
500,47,96876.0,1941.0,24.0,80.875,0.2916666666666667,0.041666666666666664,79,2,0.6,0,0,4694,96876.0,3,Married,0,1
503,39,20559.0,53.0,7.0,7.571428571428571,0.2857142857142857,0.2857142857142857,88,8,0.0,1,1,4841,10279.5,4,Married,0,0
520,50,34421.0,30.0,4.0,7.5,0.25,0.25,81,7,0.0,1,1,4730,17210.5,3,Married,0,0
521,39,54006.0,581.0,18.0,32.27777777777778,0.4444444444444444,0.1111111111111111,42,7,0.0,1,1,5016,27003.0,3,Married,0,0
523,35,37155.0,74.0,7.0,10.571428571428571,0.2857142857142857,0.14285714285714285,51,5,0.0,1,1,4881,18577.5,3,Married,0,0
524,58,22634.0,96.0,6.0,16.0,0.3333333333333333,0.16666666666666666,47,8,0.0,0,0,4896,22634.0,1,Married,0,0
528,46,65819.0,1383.0,20.0,69.15,0.25,0.05,99,3,0.0,0,0,4944,65819.0,3,Married,0,0
531,70,57333.0,1662.0,33.0,50.36363636363637,0.24242424242424243,0.3333333333333333,55,6,0.0,1,1,5012,28666.5,5,Divorced,0,1
535,37,81361.0,778.0,27.0,28.814814814814813,0.1111111111111111,0.037037037037037035,18,1,0.0,0,0,4491,81361.0,3,Divorced,0,0
538,35,46107.0,125.0,7.0,17.857142857142858,0.14285714285714285,0.14285714285714285,78,3,0.0,1,1,4506,23053.5,3,Single,0,0
544,70,62820.0,976.0,14.0,69.71428571428571,0.21428571428571427,0.07142857142857142,51,1,0.0,0,0,4781,62820.0,3,Married,0,0
550,72,62335.0,708.0,21.0,33.714285714285715,0.14285714285714285,0.09523809523809523,87,2,0.0,1,1,4769,31167.5,3,Divorced,0,0
564,43,56937.0,906.0,30.0,30.2,0.26666666666666666,0.23333333333333334,81,6,0.2,1,1,5061,28468.5,5,Married,0,1
569,33,90273.0,1991.0,19.0,104.78947368421052,0.2631578947368421,0.05263157894736842,32,2,0.6,0,0,4564,90273.0,3,Single,0,1
574,60,42523.0,125.0,7.0,17.857142857142858,0.14285714285714285,0.14285714285714285,96,2,0.0,0,0,4434,42523.0,3,Married,0,0
577,48,26907.0,22.0,6.0,3.6666666666666665,0.16666666666666666,0.3333333333333333,10,7,0.0,2,1,4680,8969.0,2,Married,0,0
590,54,78579.0,1812.0,16.0,113.25,0.3125,0.0625,35,3,0.0,0,0,4921,78579.0,4,Divorced,0,1
591,67,66033.0,677.0,20.0,33.85,0.4,0.1,76,7,0.0,1,1,4892,33016.5,3,Widow,0,0
606,57,25930.0,15.0,4.0,3.75,0.25,0.25,87,7,0.0,2,1,4629,8643.333333333334,3,Single,0,0
607,69,41769.0,521.0,22.0,23.681818181818183,0.36363636363636365,0.2727272727272727,31,8,0.0,1,1,4868,20884.5,2,Divorced,0,0
610,71,53593.0,480.0,23.0,20.869565217391305,0.30434782608695654,0.34782608695652173,60,8,0.0,2,1,5058,17864.333333333332,5,Married,0,0
615,64,30507.0,343.0,11.0,31.181818181818183,0.45454545454545453,0.09090909090909091,29,7,0.0,0,0,4842,30507.0,3,Married,0,0
618,47,69389.0,797.0,22.0,36.22727272727273,0.3181818181818182,0.045454545454545456,17,4,0.0,1,1,5006,34694.5,5,Married,0,0
624,40,18890.0,35.0,4.0,8.75,0.0,0.25,5,6,0.2,0,0,4963,18890.0,4,Single,0,1
626,73,32871.0,43.0,5.0,8.6,0.2,0.2,28,4,0.0,2,1,4844,10957.0,3,Married,0,0
635,58,57183.0,610.0,25.0,24.4,0.36,0.32,51,8,0.0,2,1,4834,19061.0,4,Married,0,0
640,73,57304.0,1026.0,25.0,41.04,0.28,0.08,61,5,0.0,1,1,4842,28652.0,3,Married,0,0
641,57,52074.0,119.0,7.0,17.0,0.2857142857142857,0.14285714285714285,77,4,0.2,1,1,4453,26037.0,3,Single,0,0
642,44,16005.0,103.0,8.0,12.875,0.25,0.375,69,8,0.0,1,1,5051,8002.5,1,Married,0,0
663,35,33996.0,71.0,6.0,11.833333333333334,0.16666666666666666,0.16666666666666666,46,4,0.0,0,0,4658,33996.0,5,Single,0,0
675,51,52034.0,332.0,16.0,20.75,0.25,0.3125,67,7,0.0,2,1,4775,17344.666666666668,4,Divorced,0,0
679,67,37633.0,38.0,6.0,6.333333333333333,0.16666666666666666,0.3333333333333333,49,9,0.0,2,1,5014,12544.333333333334,5,Married,0,0
692,70,36807.0,16.0,4.0,4.0,0.25,0.25,88,6,0.0,2,1,4923,12269.0,3,Married,0,0
697,55,74918.0,2047.0,21.0,97.47619047619048,0.23809523809523808,0.047619047619047616,78,3,0.2,0,0,4841,74918.0,3,Married,0,0
701,53,73691.0,1179.0,18.0,65.5,0.3333333333333333,0.1111111111111111,58,2,0.2,1,1,4602,36845.5,3,Married,0,0
702,49,47682.0,521.0,19.0,27.42105263157895,0.21052631578947367,0.21052631578947367,80,5,0.0,1,1,4866,23841.0,2,Widow,0,0
709,72,51537.0,1103.0,18.0,61.27777777777778,0.1111111111111111,0.16666666666666666,27,8,0.0,1,1,4934,25768.5,3,Divorced,0,0
713,47,50353.0,442.0,15.0,29.466666666666665,0.26666666666666666,0.06666666666666667,72,3,0.0,0,0,4388,50353.0,4,Married,0,0
716,75,67911.0,976.0,27.0,36.148148148148145,0.2222222222222222,0.1111111111111111,63,3,0.0,1,1,4405,33955.5,5,Married,0,0
736,41,28427.0,52.0,7.0,7.428571428571429,0.2857142857142857,0.2857142857142857,67,8,0.0,1,1,4832,14213.5,3,Married,0,0
737,75,80360.0,2231.0,15.0,148.73333333333332,0.26666666666666666,0.13333333333333333,56,2,0.6,0,0,4850,80360.0,5,Married,0,0
738,43,42395.0,182.0,12.0,15.166666666666666,0.25,0.3333333333333333,35,7,0.0,2,1,4453,14131.666666666666,2,Single,0,0
749,43,42162.0,145.0,9.0,16.11111111111111,0.3333333333333333,0.2222222222222222,31,6,0.2,1,1,4589,21081.0,3,Married,0,1
760,49,60554.0,811.0,23.0,35.26086956521739,0.34782608695652173,0.08695652173913043,8,6,0.0,1,1,4691,30277.0,5,Divorced,0,0
762,43,75774.0,823.0,21.0,39.19047619047619,0.3333333333333333,0.047619047619047616,27,4,0.0,1,1,4425,37887.0,2,Married,0,0
771,57,54178.0,194.0,10.0,19.4,0.2,0.1,79,2,0.0,1,1,4526,27089.0,3,Married,0,0
773,53,42835.0,595.0,23.0,25.869565217391305,0.2608695652173913,0.30434782608695654,64,6,0.0,2,1,4731,14278.333333333334,4,Divorced,0,0
793,51,20895.0,45.0,6.0,7.5,0.3333333333333333,0.16666666666666666,24,9,0.0,1,1,4998,10447.5,3,Married,0,0
796,59,60161.0,1071.0,26.0,41.19230769230769,0.4230769230769231,0.11538461538461539,17,8,0.0,1,1,4981,30080.5,2,Divorced,0,0
798,37,23442.0,27.0,5.0,5.4,0.2,0.2,71,7,0.0,1,1,4919,11721.0,3,Single,0,0
800,64,44512.0,32.0,6.0,5.333333333333333,0.16666666666666666,0.3333333333333333,57,4,0.0,2,1,4670,14837.333333333334,3,Married,0,0
803,56,40521.0,21.0,4.0,5.25,0.0,0.25,82,5,0.0,2,1,4817,13507.0,3,Married,0,0
807,55,44602.0,292.0,17.0,17.176470588235293,0.35294117647058826,0.35294117647058826,35,8,0.0,2,1,4501,14867.333333333334,4,Married,0,0
810,49,74190.0,641.0,19.0,33.73684210526316,0.21052631578947367,0.10526315789473684,49,2,0.0,1,1,4415,37095.0,3,Married,0,0
819,79,63285.0,1103.0,25.0,44.12,0.24,0.04,84,3,0.0,0,0,4603,63285.0,3,Widow,0,0
821,32,92859.0,2077.0,22.0,94.4090909090909,0.22727272727272727,0.045454545454545456,46,2,0.0,0,0,4985,92859.0,4,Single,0,0
830,37,74004.0,1658.0,15.0,110.53333333333333,0.26666666666666666,0.06666666666666667,5,3,0.4,0,0,4492,74004.0,5,Single,0,1
832,58,65814.0,747.0,23.0,32.47826086956522,0.34782608695652173,0.13043478260869565,90,5,0.0,1,1,4486,32907.0,5,Married,0,0
833,69,38452.0,72.0,9.0,8.0,0.3333333333333333,0.3333333333333333,62,7,0.0,2,1,4458,12817.333333333334,4,Married,0,0
837,47,54809.0,174.0,12.0,14.5,0.16666666666666666,0.3333333333333333,0,4,0.0,2,1,4658,18269.666666666668,3,Married,0,0
839,49,45503.0,170.0,9.0,18.88888888888889,0.3333333333333333,0.1111111111111111,54,5,0.0,1,1,4644,22751.5,5,Married,0,0
843,53,64722.0,805.0,25.0,32.2,0.32,0.16,47,6,0.0,1,1,4401,32361.0,3,Married,0,0
849,71,56129.0,660.0,22.0,30.0,0.2727272727272727,0.18181818181818182,65,4,0.0,1,1,4741,28064.5,4,Married,0,0
850,56,70566.0,757.0,22.0,34.40909090909091,0.2727272727272727,0.09090909090909091,4,3,0.0,1,1,4633,35283.0,3,Single,0,0
851,52,57136.0,642.0,26.0,24.692307692307693,0.19230769230769232,0.34615384615384615,48,6,0.0,2,1,4722,19045.333333333332,4,Married,0,0
868,58,44794.0,65.0,6.0,10.833333333333334,0.3333333333333333,0.16666666666666666,99,6,0.0,1,1,4388,22397.0,3,Married,0,0
873,75,62845.0,1178.0,28.0,42.07142857142857,0.10714285714285714,0.39285714285714285,3,8,0.2,2,1,5003,20948.333333333332,4,Married,0,1
879,48,49681.0,458.0,21.0,21.80952380952381,0.3333333333333333,0.2857142857142857,66,7,0.0,2,1,4604,16560.333333333332,4,Married,0,0
880,58,22634.0,96.0,6.0,16.0,0.3333333333333333,0.16666666666666666,47,8,0.0,0,0,4896,22634.0,1,Married,0,0
891,73,29298.0,11.0,4.0,2.75,0.25,0.25,60,5,0.0,2,1,4662,9766.0,4,Married,0,0
895,76,61467.0,594.0,20.0,29.7,0.25,0.15,69,5,0.0,2,1,4934,20489.0,5,Married,0,0
898,38,23477.0,147.0,10.0,14.7,0.3,0.3,39,8,0.0,1,1,4618,11738.5,3,Married,0,0
902,44,62994.0,312.0,13.0,24.0,0.46153846153846156,0.07692307692307693,74,6,0.0,1,1,4484,31497.0,3,Married,0,0
905,38,21846.0,84.0,11.0,7.636363636363637,0.36363636363636365,0.36363636363636365,38,8,0.0,1,1,4617,10923.0,3,Divorced,0,0
907,49,46149.0,362.0,18.0,20.11111111111111,0.2777777777777778,0.2777777777777778,36,5,0.0,1,1,4579,23074.5,3,Married,0,0
916,52,41644.0,31.0,6.0,5.166666666666667,0.16666666666666666,0.3333333333333333,67,3,0.0,2,1,4418,13881.333333333334,5,Single,0,0
922,45,31086.0,48.0,6.0,8.0,0.16666666666666666,0.3333333333333333,79,8,0.2,2,1,4788,10362.0,2,Married,0,0
933,46,37717.0,25.0,4.0,6.25,0.25,0.25,31,9,0.0,1,1,4950,18858.5,5,Married,0,0
938,43,40211.0,87.0,7.0,12.428571428571429,0.2857142857142857,0.2857142857142857,30,8,0.2,2,1,4701,13403.666666666666,3,Married,0,0
940,37,57100.0,311.0,14.0,22.214285714285715,0.21428571428571427,0.14285714285714285,9,3,0.0,1,1,4409,28550.0,3,Single,0,0
942,42,39660.0,299.0,14.0,21.357142857142858,0.5,0.21428571428571427,36,9,0.0,1,1,5057,19830.0,3,Single,0,1
944,62,56181.0,393.0,14.0,28.071428571428573,0.2857142857142857,0.07142857142857142,6,4,0.0,1,1,4904,28090.5,3,Married,0,0
945,59,36317.0,133.0,9.0,14.777777777777779,0.3333333333333333,0.2222222222222222,53,7,0.0,1,1,4770,18158.5,3,Married,0,0
946,66,26490.0,210.0,11.0,19.09090909090909,0.2727272727272727,0.18181818181818182,92,6,0.0,0,0,5012,26490.0,2,Married,0,0
948,53,10245.0,41.0,8.0,5.125,0.125,0.375,32,5,0.0,1,1,4777,5122.5,3,Single,0,0
954,64,22123.0,102.0,7.0,14.571428571428571,0.2857142857142857,0.14285714285714285,77,5,0.0,0,0,4461,22123.0,1,Widow,0,0
955,62,47175.0,240.0,17.0,14.117647058823529,0.23529411764705882,0.4117647058823529,81,8,0.2,2,1,4976,15725.0,4,Married,0,1
961,52,74716.0,860.0,17.0,50.588235294117645,0.4117647058823529,0.11764705882352941,92,4,0.0,1,1,4657,37358.0,3,Married,0,0
965,53,55635.0,590.0,21.0,28.095238095238095,0.3333333333333333,0.19047619047619047,34,6,0.0,1,1,4960,27817.5,3,Divorced,0,0
966,58,44529.0,691.0,25.0,27.64,0.24,0.24,98,5,0.2,1,1,4726,22264.5,3,Married,0,0
967,48,46049.0,515.0,26.0,19.807692307692307,0.19230769230769232,0.38461538461538464,11,7,0.0,2,1,4710,15349.666666666666,3,Married,0,1
968,56,41335.0,187.0,12.0,15.583333333333334,0.3333333333333333,0.25,24,7,0.0,1,1,4552,20667.5,4,Divorced,0,0
975,68,54252.0,264.0,15.0,17.6,0.26666666666666666,0.3333333333333333,25,6,0.0,2,1,4764,18084.0,3,Single,0,0
977,67,47320.0,414.0,20.0,20.7,0.25,0.3,10,6,0.0,1,1,4699,23660.0,3,Married,0,0
979,49,33249.0,112.0,8.0,14.0,0.25,0.25,11,6,0.0,1,1,4861,16624.5,3,Single,0,0
983,40,40059.0,414.0,12.0,34.5,0.5,0.08333333333333333,82,8,0.2,1,1,4641,20029.5,3,Married,0,0
988,59,81168.0,1193.0,18.0,66.27777777777777,0.3333333333333333,0.05555555555555555,84,3,0.2,0,0,4420,81168.0,3,Married,0,0
999,33,86037.0,730.0,25.0,29.2,0.24,0.04,95,3,0.4,0,0,4910,86037.0,3,Single,0,1
1000,63,74881.0,964.0,27.0,35.7037037037037,0.3333333333333333,0.14814814814814814,48,5,0.0,2,1,4845,24960.333333333332,4,Married,0,0
1008,43,44953.0,1021.0,24.0,42.541666666666664,0.2916666666666667,0.041666666666666664,31,6,0.2,0,0,4922,44953.0,5,Married,0,0
1010,47,46931.0,78.0,7.0,11.142857142857142,0.14285714285714285,0.2857142857142857,94,3,0.0,3,1,4433,11732.75,3,Married,0,0
1012,72,61823.0,884.0,24.0,36.833333333333336,0.3333333333333333,0.16666666666666666,26,7,0.0,1,1,4863,30911.5,3,Single,0,0
1016,65,34554.0,55.0,7.0,7.857142857142857,0.2857142857142857,0.2857142857142857,43,6,0.0,1,1,4458,17277.0,5,Single,0,0
1020,51,79593.0,1366.0,19.0,71.89473684210526,0.2631578947368421,0.05263157894736842,70,2,0.2,0,0,4415,79593.0,3,Married,0,0
1029,54,64413.0,279.0,12.0,23.25,0.4166666666666667,0.08333333333333333,27,5,0.0,1,1,4699,32206.5,5,Married,0,0
1030,59,40637.0,38.0,6.0,6.333333333333333,0.16666666666666666,0.3333333333333333,72,7,0.0,2,1,4714,13545.666666666666,5,Single,0,0
1031,35,85710.0,1062.0,26.0,40.84615384615385,0.23076923076923078,0.038461538461538464,5,2,0.2,0,0,4787,85710.0,2,Married,0,0
1041,51,48432.0,424.0,19.0,22.31578947368421,0.3684210526315789,0.2631578947368421,3,8,0.0,1,1,4986,24216.0,5,Single,0,1
1044,71,58398.0,596.0,20.0,29.8,0.25,0.15,44,4,0.0,0,0,4778,58398.0,3,Married,0,0
1045,59,52117.0,279.0,13.0,21.46153846153846,0.38461538461538464,0.15384615384615385,55,7,0.0,1,1,5049,26058.5,3,Married,0,0
1048,52,35641.0,178.0,10.0,17.8,0.3,0.2,11,7,0.0,1,1,4717,17820.5,4,Married,0,1
1050,72,28332.0,65.0,8.0,8.125,0.25,0.125,58,2,0.0,0,0,4427,28332.0,3,Married,0,0
1052,55,56796.0,1001.0,27.0,37.074074074074076,0.2962962962962963,0.1111111111111111,24,7,0.0,1,1,4865,28398.0,3,Married,0,0
1055,48,53204.0,45.0,5.0,9.0,0.2,0.2,40,4,0.0,2,1,4468,17734.666666666668,4,Married,0,0
1064,53,42403.0,42.0,5.0,8.4,0.2,0.2,18,8,0.0,1,1,4567,21201.5,5,Married,0,0
1065,61,80695.0,1918.0,19.0,100.94736842105263,0.2631578947368421,0.05263157894736842,85,2,0.0,0,0,4549,80695.0,3,Single,0,0
1071,48,70179.0,1034.0,26.0,39.76923076923077,0.2692307692307692,0.11538461538461539,10,5,0.0,1,1,4710,35089.5,5,Divorced,0,0
1072,59,40760.0,93.0,8.0,11.625,0.25,0.25,64,6,0.0,1,1,4670,20380.0,5,Single,0,0
1077,50,56715.0,1020.0,15.0,68.0,0.4666666666666667,0.06666666666666667,52,4,0.0,0,0,4938,56715.0,3,Married,0,0
1079,53,71969.0,1086.0,19.0,57.1578947368421,0.15789473684210525,0.15789473684210525,59,8,0.2,1,1,4988,35984.5,5,Married,0,0
1081,67,75283.0,1019.0,25.0,40.76,0.24,0.44,26,4,0.0,3,1,4826,18820.75,5,Married,0,0
1087,49,22669.0,173.0,10.0,17.3,0.4,0.3,30,9,0.0,1,1,4770,11334.5,4,Married,0,1
1092,44,61014.0,1147.0,20.0,57.35,0.45,0.2,17,7,0.0,1,1,5054,30507.0,3,Married,0,0
1100,64,41275.0,61.0,11.0,5.545454545454546,0.2727272727272727,0.36363636363636365,33,5,0.0,3,1,4464,10318.75,4,Married,0,0
1103,48,81929.0,2053.0,20.0,102.65,0.2,0.1,60,6,0.4,1,1,5005,40964.5,4,Married,0,1
1109,42,27590.0,12.0,4.0,3.0,0.25,0.25,38,7,0.0,1,1,4799,13795.0,4,Married,0,0
1118,68,50965.0,685.0,22.0,31.136363636363637,0.45454545454545453,0.13636363636363635,87,8,0.2,1,1,4861,25482.5,4,Married,0,0
1127,51,85844.0,1958.0,20.0,97.9,0.3,0.05,62,2,0.2,0,0,4398,85844.0,5,Married,0,0
1131,57,52569.0,95.0,7.0,13.571428571428571,0.2857142857142857,0.14285714285714285,54,3,0.0,1,1,4452,26284.5,5,Single,0,0
1135,64,17144.0,47.0,12.0,3.9166666666666665,0.25,0.4166666666666667,96,7,0.0,2,1,4501,5714.666666666667,4,Married,0,0
1137,60,81246.0,1379.0,17.0,81.11764705882354,0.23529411764705882,0.058823529411764705,87,1,0.4,0,0,4549,81246.0,3,Single,0,0
1139,40,73356.0,1512.0,22.0,68.72727272727273,0.22727272727272727,0.045454545454545456,56,2,0.6,0,0,4510,73356.0,5,Married,0,1
1142,71,55707.0,428.0,16.0,26.75,0.1875,0.125,91,3,0.0,1,1,4556,27853.5,5,Married,0,0
1143,52,22063.0,55.0,7.0,7.857142857142857,0.2857142857142857,0.2857142857142857,43,7,0.0,1,1,4692,11031.5,3,Married,0,0
1146,75,49912.0,874.0,26.0,33.61538461538461,0.38461538461538464,0.15384615384615385,5,8,0.2,1,1,5027,24956.0,4,Married,0,1
1150,125,83532.0,1853.0,15.0,123.53333333333333,0.26666666666666666,0.06666666666666667,36,1,0.2,0,0,4643,83532.0,5,Married,0,0
1158,58,48877.0,144.0,8.0,18.0,0.375,0.125,27,7,0.0,1,1,4542,24438.5,3,Divorced,0,0
1160,54,13260.0,49.0,10.0,4.9,0.3,0.4,48,8,0.0,2,1,4677,4420.0,3,Married,0,0
1162,37,42000.0,653.0,20.0,32.65,0.25,0.1,23,5,0.0,0,0,4902,42000.0,5,Single,0,1
1165,66,50729.0,496.0,24.0,20.666666666666668,0.25,0.375,62,6,0.0,2,1,4790,16909.666666666668,5,Single,0,0
1168,46,72159.0,1401.0,21.0,66.71428571428571,0.19047619047619047,0.047619047619047616,62,2,0.0,0,0,4975,72159.0,5,Married,0,0
1170,49,27573.0,244.0,14.0,17.428571428571427,0.35714285714285715,0.2857142857142857,45,8,0.0,1,1,4828,13786.5,3,Married,0,0
1172,41,92491.0,2034.0,25.0,81.36,0.28,0.04,71,3,0.6,0,0,4791,92491.0,5,Married,0,1
1173,77,77632.0,2252.0,13.0,173.23076923076923,0.3076923076923077,0.07692307692307693,73,2,0.4,0,0,4843,77632.0,4,Married,0,1
1175,41,36262.0,426.0,12.0,35.5,0.25,0.08333333333333333,24,6,0.2,0,0,4649,36262.0,4,Married,0,1
1176,51,26228.0,25.0,4.0,6.25,0.25,0.25,50,8,0.0,1,1,4647,13114.0,3,Married,0,0
1177,58,49618.0,129.0,11.0,11.727272727272727,0.2727272727272727,0.36363636363636365,77,7,0.0,2,1,4886,16539.333333333332,4,Married,0,0
1183,75,36408.0,22.0,4.0,5.5,0.25,0.25,11,6,0.0,2,1,4648,12136.0,4,Married,0,0
1184,56,69674.0,845.0,25.0,33.8,0.4,0.12,46,5,0.0,2,1,4770,23224.666666666668,5,Divorced,0,0
1204,54,67536.0,1829.0,30.0,60.96666666666667,0.36666666666666664,0.1,45,8,0.2,1,1,4770,33768.0,5,Married,0,0
1212,51,52845.0,936.0,25.0,37.44,0.32,0.12,7,6,0.2,1,1,4687,26422.5,3,Married,0,0
1215,46,70440.0,1572.0,23.0,68.34782608695652,0.21739130434782608,0.043478260869565216,49,3,0.2,0,0,4631,70440.0,3,Married,0,0
1225,61,80124.0,1495.0,19.0,78.6842105263158,0.15789473684210525,0.05263157894736842,47,1,0.2,0,0,4370,80124.0,3,Married,0,0
1232,42,70038.0,1244.0,17.0,73.17647058823529,0.23529411764705882,0.058823529411764705,54,2,0.0,0,0,4614,70038.0,5,Married,0,0
1241,40,14796.0,51.0,6.0,8.5,0.16666666666666666,0.3333333333333333,1,9,0.0,1,1,5017,7398.0,2,Married,0,1
1245,58,63810.0,1371.0,23.0,59.608695652173914,0.17391304347826086,0.17391304347826086,45,8,0.2,1,1,4962,31905.0,3,Single,0,0
1250,48,37697.0,84.0,7.0,12.0,0.2857142857142857,0.14285714285714285,82,6,0.0,1,1,4509,18848.5,3,Single,0,0
1272,59,55250.0,903.0,26.0,34.73076923076923,0.2692307692307692,0.15384615384615385,49,5,0.0,1,1,4983,27625.0,4,Single,0,0
1277,64,78468.0,1004.0,28.0,35.857142857142854,0.35714285714285715,0.03571428571428571,29,4,0.2,0,0,4448,78468.0,3,Married,0,0
1291,46,27683.0,351.0,16.0,21.9375,0.375,0.25,90,8,0.0,1,1,5061,13841.5,5,Married,0,0
1295,61,51381.5,725.0,19.0,38.1578947368421,0.3157894736842105,0.05263157894736842,96,4,0.0,1,1,4689,25690.75,3,Married,0,0
1307,46,41986.0,63.0,10.0,6.3,0.3,0.3,15,4,0.0,1,1,4507,20993.0,3,Divorced,0,0
1321,50,26067.0,56.0,9.0,6.222222222222222,0.3333333333333333,0.3333333333333333,49,8,0.0,1,1,4604,13033.5,3,Married,0,0
1324,36,38872.0,91.0,8.0,11.375,0.375,0.25,93,8,0.0,1,1,4762,19436.0,3,Married,0,0
1328,42,57937.0,683.0,20.0,34.15,0.2,0.15,56,3,0.0,1,1,4500,28968.5,2,Married,0,0
1331,47,35790.0,72.0,7.0,10.285714285714286,0.2857142857142857,0.2857142857142857,54,7,0.0,1,1,4910,17895.0,3,Single,0,0
1340,38,92910.0,1795.0,27.0,66.48148148148148,0.2222222222222222,0.037037037037037035,42,1,0.6,0,0,4433,92910.0,3,Married,0,0
1343,56,58554.0,586.0,22.0,26.636363636363637,0.36363636363636365,0.2727272727272727,55,7,0.0,2,1,5008,19518.0,3,Married,0,0
1349,54,50447.0,148.0,8.0,18.5,0.375,0.125,4,6,0.0,2,1,4436,16815.666666666668,3,Married,0,0
1351,68,58656.0,1220.0,32.0,38.125,0.21875,0.125,25,6,0.2,1,1,5014,29328.0,4,Married,0,0
1357,54,74854.0,1562.0,19.0,82.21052631578948,0.10526315789473684,0.3684210526315789,90,5,0.0,3,1,4814,18713.5,3,Married,0,0
1361,50,82584.0,1435.0,16.0,89.6875,0.1875,0.0625,26,1,0.4,0,0,4757,82584.0,4,Married,0,1
1362,52,31907.0,449.0,14.0,32.07142857142857,0.42857142857142855,0.07142857142857142,75,7,0.0,0,0,4849,31907.0,3,Single,0,0
1371,48,79941.0,984.0,16.0,61.5,0.125,0.0625,72,1,0.0,0,0,4368,79941.0,3,Single,0,0
1377,70,44551.0,285.0,12.0,23.75,0.3333333333333333,0.16666666666666666,24,7,0.0,1,1,4669,22275.5,4,Widow,0,0
1378,52,50334.0,694.0,23.0,30.17391304347826,0.30434782608695654,0.2608695652173913,24,6,0.0,1,1,4707,25167.0,2,Married,0,0
1379,32,42670.0,241.0,11.0,21.90909090909091,0.36363636363636365,0.09090909090909091,12,4,0.0,0,0,4795,42670.0,4,Married,0,0
1381,42,38513.0,324.0,17.0,19.058823529411764,0.35294117647058826,0.29411764705882354,20,8,0.0,1,1,4519,19256.5,5,Single,0,1
1384,32,17256.0,62.0,7.0,8.857142857142858,0.2857142857142857,0.2857142857142857,10,8,0.2,1,1,4585,8628.0,1,Married,0,0
1386,57,32474.0,11.0,4.0,2.75,0.25,0.25,0,7,0.0,2,1,4416,10824.666666666666,3,Married,0,0
1388,49,33249.0,112.0,8.0,14.0,0.25,0.25,11,6,0.0,1,1,4861,16624.5,3,Single,0,0
1399,66,72905.0,1515.0,20.0,75.75,0.15,0.05,52,1,0.2,0,0,4526,72905.0,3,Married,0,0
1402,70,66991.0,1253.0,21.0,59.666666666666664,0.19047619047619047,0.14285714285714285,1,3,0.0,0,0,5023,66991.0,4,Married,0,0
1403,49,34984.0,38.0,6.0,6.333333333333333,0.16666666666666666,0.3333333333333333,40,7,0.0,2,1,5028,11661.333333333334,2,Married,0,0
1404,56,34916.0,231.0,13.0,17.76923076923077,0.38461538461538464,0.3076923076923077,89,9,0.0,2,1,4777,11638.666666666666,3,Married,0,0
1406,49,53201.0,415.0,22.0,18.863636363636363,0.2727272727272727,0.36363636363636365,49,7,0.0,2,1,4869,17733.666666666668,3,Single,0,0
1407,38,20425.0,57.0,7.0,8.142857142857142,0.2857142857142857,0.2857142857142857,5,7,0.0,1,1,4975,10212.5,1,Married,0,0
1409,73,40689.0,444.0,20.0,22.2,0.35,0.35,69,8,0.0,1,1,4835,20344.5,3,Married,0,0
1411,72,82623.0,940.0,16.0,58.75,0.125,0.0625,58,1,0.0,0,0,4598,82623.0,3,Divorced,0,0
1419,74,34026.0,76.0,9.0,8.444444444444445,0.2222222222222222,0.3333333333333333,11,5,0.0,2,1,4695,11342.0,3,Married,0,0
1440,46,52513.0,1149.0,25.0,45.96,0.36,0.08,84,7,0.0,0,0,5030,52513.0,2,Married,0,0
1446,68,86424.0,1226.0,28.0,43.785714285714285,0.21428571428571427,0.03571428571428571,12,1,0.0,0,0,4452,86424.0,4,Single,0,0
1448,61,33562.0,51.0,9.0,5.666666666666667,0.2222222222222222,0.3333333333333333,33,4,0.0,3,1,4371,8390.5,4,Married,0,0
1453,81,57513.0,1060.0,27.0,39.25925925925926,0.3333333333333333,0.07407407407407407,59,6,0.0,0,0,4725,57513.0,5,Widow,0,0
1456,45,60474.0,1180.0,31.0,38.064516129032256,0.3225806451612903,0.22580645161290322,25,7,0.0,1,1,4821,30237.0,3,Single,0,0
1458,42,21059.0,44.0,9.0,4.888888888888889,0.3333333333333333,0.3333333333333333,40,6,0.0,1,1,4540,10529.5,4,Married,0,0
1459,58,69063.0,928.0,14.0,66.28571428571429,0.35714285714285715,0.07142857142857142,16,3,0.0,1,1,4966,34531.5,5,Married,0,0
1461,59,36921.0,38.0,7.0,5.428571428571429,0.2857142857142857,0.2857142857142857,74,7,0.0,2,1,4703,12307.0,5,Divorced,0,0
1463,66,45160.0,21.0,4.0,5.25,0.25,0.25,9,7,0.0,2,1,4459,15053.333333333334,3,Single,0,0
1473,64,47823.0,72.0,7.0,10.285714285714286,0.2857142857142857,0.2857142857142857,0,8,0.0,1,1,4708,23911.5,2,Single,0,0
1490,62,55759.0,854.0,26.0,32.84615384615385,0.38461538461538464,0.19230769230769232,84,8,0.0,1,1,4945,27879.5,3,Married,0,0
1491,59,71488.0,559.0,16.0,34.9375,0.1875,0.125,87,1,0.0,0,0,4863,71488.0,2,Married,0,0
1497,72,47958.0,407.0,16.0,25.4375,0.375,0.125,8,5,0.0,1,1,4893,23979.0,3,Single,0,0
1501,42,160803.0,1717.0,44.0,39.02272727272727,0.0,0.3409090909090909,21,0,0.0,0,0,5061,160803.0,5,Married,0,0
1502,41,28427.0,52.0,7.0,7.428571428571429,0.2857142857142857,0.2857142857142857,67,8,0.0,1,1,4832,14213.5,3,Married,0,0
1503,48,162397.0,107.0,1.0,107.0,0.0,0.0,31,1,0.0,2,1,4758,54132.333333333336,5,Married,0,0
1506,49,42160.0,140.0,11.0,12.727272727272727,0.18181818181818182,0.36363636363636365,26,6,0.0,2,1,4733,14053.333333333334,3,Single,0,1
1509,66,84460.0,523.0,22.0,23.772727272727273,0.4090909090909091,0.0,80,5,0.8,0,0,4908,84460.0,5,Married,0,1
1513,45,60839.0,1250.0,29.0,43.10344827586207,0.06896551724137931,0.4482758620689655,72,8,0.0,2,1,5037,20279.666666666668,2,Married,0,0
1515,49,34176.0,28.0,5.0,5.6,0.2,0.2,9,3,0.0,1,1,4525,17088.0,4,Married,0,0
1517,55,30822.0,51.0,5.0,10.2,0.2,0.2,92,7,0.0,1,1,4747,15411.0,3,Single,0,0
1518,59,62694.0,749.0,24.0,31.208333333333332,0.375,0.20833333333333334,29,7,0.0,2,1,4744,20898.0,4,Married,0,0
1519,52,38578.0,73.0,9.0,8.11111111111111,0.3333333333333333,0.3333333333333333,2,8,0.0,2,1,4739,12859.333333333334,5,Single,0,1
1523,51,59041.0,96.0,8.0,12.0,0.25,0.25,25,5,0.0,2,1,4420,19680.333333333332,3,Married,0,0
1524,41,81698.0,1104.0,16.0,69.0,0.5,0.0625,1,5,0.2,0,0,4852,81698.0,2,Single,0,1
1542,49,56243.0,396.0,20.0,19.8,0.2,0.3,26,5,0.0,3,1,4548,14060.75,3,Single,0,0
1544,57,81380.0,1893.0,17.0,111.3529411764706,0.23529411764705882,0.058823529411764705,51,2,0.0,0,0,4921,81380.0,4,Divorced,0,0
1545,38,38508.0,443.0,20.0,22.15,0.35,0.3,95,8,0.0,1,1,4698,19254.0,3,Married,0,0
1553,78,82657.0,2283.0,23.0,99.26086956521739,0.30434782608695654,0.043478260869565216,71,4,0.4,0,0,4642,82657.0,3,Married,0,0
1570,73,69702.0,1039.0,26.0,39.96153846153846,0.2692307692307692,0.07692307692307693,8,4,0.0,1,1,4862,34851.0,5,Married,0,0
1577,78,78569.0,1736.0,15.0,115.73333333333333,0.26666666666666666,0.06666666666666667,14,1,0.2,0,0,4497,78569.0,3,Married,0,1
1581,44,37406.0,17.0,4.0,4.25,0.25,0.25,18,8,0.0,1,1,4629,18703.0,3,Married,0,1
1584,47,41443.0,482.0,20.0,24.1,0.4,0.3,79,8,0.0,1,1,4456,20721.5,3,Married,0,0
1592,54,90765.0,1724.0,15.0,114.93333333333334,0.26666666666666666,0.0,25,1,0.4,0,0,4523,90765.0,3,Married,0,0
1600,59,56962.0,411.0,21.0,19.571428571428573,0.2857142857142857,0.3333333333333333,60,7,0.0,3,1,4628,14240.5,4,Married,0,0
1604,64,47353.0,225.0,13.0,17.307692307692307,0.15384615384615385,0.23076923076923078,93,5,0.0,1,1,4595,23676.5,4,Married,0,0
1606,53,38590.0,22.0,4.0,5.5,0.25,0.25,65,8,0.0,1,1,4777,19295.0,3,Married,0,0
1612,43,51381.5,47.0,8.0,5.875,0.375,0.25,82,6,0.0,1,1,4761,25690.75,5,Single,0,0
1618,59,56046.0,692.0,21.0,32.95238095238095,0.47619047619047616,0.09523809523809523,9,8,0.2,0,0,4910,56046.0,3,Married,0,1
1619,68,90369.0,1588.0,17.0,93.41176470588235,0.23529411764705882,0.058823529411764705,2,1,0.0,0,0,4429,90369.0,3,Married,0,1
1626,51,35860.0,49.0,6.0,8.166666666666666,0.16666666666666666,0.3333333333333333,37,5,0.2,2,1,4408,11953.333333333334,5,Divorced,0,1
1627,67,77297.0,789.0,22.0,35.86363636363637,0.22727272727272727,0.045454545454545456,84,4,0.2,0,0,4886,77297.0,2,Divorced,0,0
1628,53,71796.0,960.0,17.0,56.470588235294116,0.5294117647058824,0.058823529411764705,54,4,0.0,0,0,4615,71796.0,3,Married,0,0
1630,45,61825.0,424.0,15.0,28.266666666666666,0.26666666666666666,0.06666666666666667,56,4,0.0,1,1,4693,30912.5,3,Single,0,0
1631,59,65220.0,1282.0,23.0,55.73913043478261,0.34782608695652173,0.17391304347826086,3,6,0.0,0,0,5031,65220.0,5,Married,0,1
1640,70,64587.0,108.0,8.0,13.5,0.125,0.25,49,3,0.0,2,1,4374,21529.0,3,Divorced,0,0
1646,52,25224.0,46.0,7.0,6.571428571428571,0.14285714285714285,0.2857142857142857,36,3,0.0,1,1,4472,12612.0,1,Married,0,0
1650,64,81843.0,1643.0,27.0,60.851851851851855,0.18518518518518517,0.037037037037037035,13,3,0.0,0,0,4800,81843.0,4,Married,0,0
1655,45,34350.0,48.0,5.0,9.6,0.2,0.2,81,7,0.0,1,1,4620,17175.0,3,Married,0,0
1663,46,34043.0,49.0,5.0,9.8,0.4,0.2,97,9,0.0,1,1,4614,17021.5,5,Married,0,0
1665,60,64140.0,1750.0,18.0,97.22222222222223,0.1111111111111111,0.2777777777777778,71,5,0.6,2,1,4646,21380.0,5,Divorced,0,1
1672,50,65640.0,461.0,15.0,30.733333333333334,0.3333333333333333,0.06666666666666667,74,2,0.0,1,1,4487,32820.0,5,Married,0,0
1676,49,43057.0,266.0,15.0,17.733333333333334,0.26666666666666666,0.26666666666666666,30,5,0.0,1,1,4609,21528.5,3,Married,0,0
1685,57,62981.0,1482.0,23.0,64.43478260869566,0.17391304347826086,0.043478260869565216,21,3,0.2,0,0,4836,62981.0,5,Married,0,0
1710,46,30168.0,279.0,18.0,15.5,0.3333333333333333,0.3888888888888889,51,9,0.0,1,1,4846,15084.0,3,Single,0,0
1715,46,25851.0,48.0,7.0,6.857142857142857,0.2857142857142857,0.2857142857142857,45,7,0.0,1,1,4870,12925.5,3,Married,0,0
1717,36,39747.0,273.0,13.0,21.0,0.38461538461538464,0.23076923076923078,43,8,0.0,1,1,4444,19873.5,3,Single,0,0
1726,54,22585.0,81.0,5.0,16.2,0.2,0.2,23,9,0.2,0,0,4835,22585.0,3,Single,0,1
1729,63,66426.0,1377.0,20.0,68.85,0.15,0.1,14,6,0.0,1,1,4637,33213.0,5,Married,0,0
1734,56,40706.0,81.0,11.0,7.363636363636363,0.2727272727272727,0.36363636363636365,37,7,0.0,3,1,4895,10176.5,5,Married,0,0
1740,80,55956.0,999.0,16.0,62.4375,0.4375,0.125,22,4,0.2,0,0,4450,55956.0,3,Married,0,0
1743,50,69719.0,801.0,11.0,72.81818181818181,0.18181818181818182,0.09090909090909091,99,1,0.0,0,0,4401,69719.0,3,Single,0,0
1744,59,23529.0,54.0,5.0,10.8,0.2,0.2,67,6,0.0,1,1,4905,11764.5,1,Single,0,0
1745,62,85696.0,1313.0,20.0,65.65,0.2,0.05,88,1,0.0,0,0,4789,85696.0,5,Divorced,0,1
1755,36,45204.0,114.0,7.0,16.285714285714285,0.14285714285714285,0.14285714285714285,93,3,0.0,1,1,4446,22602.0,2,Married,0,0
1763,36,87679.0,2524.0,29.0,87.03448275862068,0.2413793103448276,0.034482758620689655,62,4,0.6,0,0,4704,87679.0,3,Married,0,1
1764,49,33955.0,270.0,15.0,18.0,0.3333333333333333,0.26666666666666666,92,8,0.0,1,1,4691,16977.5,3,Single,0,0
1772,49,79174.0,2043.0,19.0,107.52631578947368,0.2631578947368421,0.05263157894736842,2,2,0.4,0,0,4901,79174.0,5,Married,0,1
1773,46,12393.0,57.0,6.0,9.5,0.3333333333333333,0.16666666666666666,38,9,0.0,0,0,4939,12393.0,2,Married,0,0
1777,44,25965.0,74.0,6.0,12.333333333333334,0.3333333333333333,0.16666666666666666,29,8,0.0,0,0,5027,25965.0,1,Married,0,0
1802,53,64795.0,680.0,21.0,32.38095238095238,0.14285714285714285,0.14285714285714285,23,2,0.0,1,1,4895,32397.5,3,Married,0,0
1818,53,29732.0,38.0,5.0,7.6,0.4,0.2,23,9,0.0,1,1,4463,14866.0,5,Married,0,0
1826,54,84835.0,1190.0,15.0,79.33333333333333,0.26666666666666666,0.06666666666666667,0,1,0.0,0,0,4380,84835.0,3,Divorced,0,1
1829,63,54959.0,1232.0,21.0,58.666666666666664,0.42857142857142855,0.14285714285714285,55,7,0.2,1,1,4893,27479.5,5,Divorced,0,1
1833,50,39190.0,133.0,9.0,14.777777777777779,0.2222222222222222,0.2222222222222222,91,5,0.0,1,1,4431,19595.0,5,Single,0,0
1834,46,35544.0,67.0,6.0,11.166666666666666,0.3333333333333333,0.16666666666666666,77,7,0.0,1,1,4480,17772.0,4,Single,0,0
1839,50,43322.0,141.0,8.0,17.625,0.375,0.125,25,7,0.0,0,0,4436,43322.0,3,Single,0,0
1857,72,47139.0,83.0,7.0,11.857142857142858,0.2857142857142857,0.2857142857142857,2,7,0.0,2,1,4482,15713.0,3,Single,0,1
1859,52,75251.0,1890.0,19.0,99.47368421052632,0.3684210526315789,0.05263157894736842,34,5,0.0,0,0,5038,75251.0,4,Married,0,1
1867,67,64849.0,1336.0,19.0,70.3157894736842,0.47368421052631576,0.05263157894736842,42,5,0.0,0,0,4960,64849.0,3,Single,0,1
1876,34,18929.0,85.0,6.0,14.166666666666666,0.16666666666666666,0.16666666666666666,15,6,0.0,0,0,4865,18929.0,3,Married,0,0
1878,39,23148.0,37.0,6.0,6.166666666666667,0.3333333333333333,0.16666666666666666,83,7,0.0,0,0,4498,23148.0,2,Married,0,0
1880,65,53537.0,93.0,8.0,11.625,0.25,0.25,17,5,0.0,2,1,4517,17845.666666666668,5,Married,0,0
1890,53,42033.0,25.0,4.0,6.25,0.25,0.25,95,7,0.0,2,1,5015,14011.0,2,Married,0,0
1891,44,78789.0,1754.0,16.0,109.625,0.25,0.0625,12,2,0.0,0,0,5057,78789.0,4,Divorced,0,1
1907,74,63120.0,1477.0,26.0,56.80769230769231,0.3076923076923077,0.19230769230769232,53,7,0.0,1,1,5006,31560.0,4,Divorced,0,1
1911,37,67430.0,1364.0,29.0,47.03448275862069,0.3793103448275862,0.034482758620689655,6,6,0.0,0,0,5029,67430.0,3,Married,0,0
1915,73,78939.0,1507.0,20.0,75.35,0.4,0.05,57,3,0.0,0,0,4566,78939.0,5,Married,0,0
1916,70,45736.0,437.0,19.0,23.0,0.3684210526315789,0.2631578947368421,92,7,0.0,1,1,4707,22868.0,4,Married,0,0
1920,52,40321.0,102.0,8.0,12.75,0.375,0.25,59,7,0.0,2,1,4702,13440.333333333334,3,Married,0,0
1921,57,59062.0,71.0,7.0,10.142857142857142,0.2857142857142857,0.2857142857142857,74,4,0.0,3,1,4636,14765.5,5,Married,0,0
1927,51,69401.0,690.0,17.0,40.588235294117645,0.23529411764705882,0.23529411764705882,41,2,0.0,1,1,4465,34700.5,2,Married,0,0
1928,51,31814.0,83.0,7.0,11.857142857142858,0.2857142857142857,0.2857142857142857,73,9,0.2,1,1,4872,15907.0,3,Married,0,0
1940,38,25252.0,18.0,4.0,4.5,0.25,0.25,26,8,0.0,1,1,4719,12626.0,3,Married,0,0
1945,62,71434.0,1400.0,21.0,66.66666666666667,0.3333333333333333,0.14285714285714285,4,4,0.4,1,1,4651,35717.0,3,Married,0,0
1951,43,34445.0,839.0,27.0,31.074074074074073,0.4074074074074074,0.2222222222222222,92,9,0.0,0,0,4885,34445.0,1,Married,0,0
1958,51,55012.0,660.0,25.0,26.4,0.32,0.24,85,5,0.0,1,1,4467,27506.0,5,Married,0,0
1964,73,86610.0,1603.0,18.0,89.05555555555556,0.2777777777777778,0.05555555555555555,66,2,0.0,0,0,4664,86610.0,3,Married,0,0
1966,59,84618.0,1672.0,26.0,64.3076923076923,0.23076923076923078,0.038461538461538464,96,2,0.2,0,0,4586,84618.0,5,Married,0,0
1968,53,45684.0,28.0,4.0,7.0,0.25,0.25,37,7,0.0,1,1,4576,22842.0,3,Widow,0,0
1970,56,34053.0,103.0,7.0,14.714285714285714,0.42857142857142855,0.14285714285714285,14,8,0.0,1,1,5024,17026.5,4,Married,0,0
1987,37,21063.0,59.0,7.0,8.428571428571429,0.2857142857142857,0.2857142857142857,34,6,0.0,1,1,4644,10531.5,1,Single,0,0
1990,50,63159.0,1797.0,17.0,105.70588235294117,0.17647058823529413,0.058823529411764705,74,3,0.2,0,0,4968,63159.0,5,Single,0,0
1991,57,44931.0,96.0,7.0,13.714285714285714,0.2857142857142857,0.14285714285714285,0,5,0.0,1,1,4529,22465.5,3,Married,0,0
1992,60,60597.0,893.0,16.0,55.8125,0.125,0.25,2,7,0.2,1,1,4546,30298.5,3,Married,0,1
1993,75,58607.0,972.0,17.0,57.1764705882353,0.11764705882352941,0.17647058823529413,63,8,0.2,1,1,4920,29303.5,5,Married,0,0
1994,41,51381.5,19.0,4.0,4.75,0.25,0.25,11,7,0.0,1,1,4593,25690.75,3,Married,0,0
1998,48,37697.0,84.0,7.0,12.0,0.2857142857142857,0.14285714285714285,82,6,0.0,1,1,4509,18848.5,3,Single,0,0
2002,66,71964.0,1870.0,17.0,110.0,0.29411764705882354,0.058823529411764705,81,3,0.0,0,0,4772,71964.0,3,Divorced,0,0
2004,55,72679.0,1168.0,17.0,68.70588235294117,0.23529411764705882,0.058823529411764705,65,1,0.0,1,1,4651,36339.5,3,Single,0,0
2005,34,35765.0,75.0,8.0,9.375,0.25,0.25,86,6,0.0,1,1,4567,17882.5,3,Married,0,0
2008,46,77583.0,1149.0,19.0,60.473684210526315,0.21052631578947367,0.05263157894736842,93,2,0.2,0,0,4506,77583.0,3,Married,0,0
2021,49,61456.0,1388.0,33.0,42.06060606060606,0.18181818181818182,0.12121212121212122,47,4,0.0,1,1,4826,30728.0,3,Married,0,0
2036,51,57906.0,401.0,17.0,23.58823529411765,0.23529411764705882,0.17647058823529413,29,4,0.0,1,1,4750,28953.0,5,Married,0,0
2055,51,35860.0,49.0,6.0,8.166666666666666,0.16666666666666666,0.3333333333333333,37,5,0.2,2,1,4408,11953.333333333334,5,Divorced,0,0
2061,69,50737.0,99.0,7.0,14.142857142857142,0.2857142857142857,0.14285714285714285,61,6,0.2,1,1,4781,25368.5,3,Married,0,0
2066,75,38823.0,114.0,7.0,16.285714285714285,0.2857142857142857,0.14285714285714285,56,6,0.0,1,1,5035,19411.5,3,Married,0,0
2072,55,53374.0,1064.0,21.0,50.666666666666664,0.19047619047619047,0.2857142857142857,34,9,0.2,1,1,5049,26687.0,5,Married,0,1
2075,55,72460.0,1047.0,16.0,65.4375,0.1875,0.0625,56,1,0.0,0,0,4594,72460.0,3,Married,0,0
2079,77,81044.0,1208.0,22.0,54.90909090909091,0.22727272727272727,0.045454545454545456,0,1,0.0,0,0,4551,81044.0,2,Married,0,0
2088,52,84906.0,1631.0,24.0,67.95833333333333,0.20833333333333334,0.041666666666666664,98,2,0.6,0,0,4635,84906.0,3,Married,0,0
2098,55,33581.0,17.0,4.0,4.25,0.25,0.25,38,8,0.0,2,1,4904,11193.666666666666,5,Married,0,0
2106,50,20130.0,34.0,5.0,6.8,0.2,0.2,99,8,0.0,0,0,4471,20130.0,2,Married,0,0
2109,34,96843.0,1544.0,28.0,55.142857142857146,0.21428571428571427,0.03571428571428571,60,2,0.2,0,0,4799,96843.0,3,Single,0,1
2114,78,82800.0,1315.0,26.0,50.57692307692308,0.2692307692307692,0.038461538461538464,23,3,0.4,0,0,4949,82800.0,5,Single,0,1
2115,67,50116.0,66.0,7.0,9.428571428571429,0.14285714285714285,0.2857142857142857,68,5,0.2,2,1,4376,16705.333333333332,3,Married,0,0
2118,60,62905.0,622.0,20.0,31.1,0.35,0.15,68,4,0.0,1,1,4659,31452.5,2,Married,0,0
2125,65,63033.0,1102.0,16.0,68.875,0.1875,0.0625,82,2,0.0,0,0,4593,63033.0,3,Divorced,0,0
2130,42,45203.0,147.0,8.0,18.375,0.375,0.125,4,6,0.0,2,1,4465,15067.666666666666,3,Married,0,1
2131,65,62859.0,1307.0,23.0,56.82608695652174,0.391304347826087,0.17391304347826086,37,6,0.0,1,1,4913,31429.5,5,Divorced,0,0
2134,72,53700.0,694.0,22.0,31.545454545454547,0.22727272727272727,0.18181818181818182,94,5,0.0,1,1,5048,26850.0,3,Single,0,0
2139,49,7500.0,31.0,8.0,3.875,0.25,0.375,19,5,0.0,1,1,4637,3750.0,4,Married,0,0
2147,55,76653.0,2279.0,23.0,99.08695652173913,0.17391304347826086,0.043478260869565216,91,2,0.4,0,0,4684,76653.0,3,Married,0,0
2150,66,80995.0,1482.0,22.0,67.36363636363636,0.36363636363636365,0.045454545454545456,83,4,0.0,1,1,4781,40497.5,5,Widow,0,0
2154,53,30372.0,44.0,8.0,5.5,0.25,0.375,33,7,0.0,2,1,4918,10124.0,3,Widow,0,0
2156,69,22554.0,41.0,10.0,4.1,0.2,0.4,38,5,0.0,2,1,4970,7518.0,5,Married,0,0
2157,52,26290.0,77.0,10.0,7.7,0.2,0.4,49,6,0.0,2,1,4900,8763.333333333334,3,Married,0,0
2162,48,56939.0,561.0,18.0,31.166666666666668,0.16666666666666666,0.1111111111111111,19,3,0.0,1,1,4651,28469.5,3,Married,0,0
2166,64,46779.0,23.0,4.0,5.75,0.0,0.25,55,4,0.0,2,1,4719,15593.0,2,Widow,0,0
2173,72,40049.0,32.0,5.0,6.4,0.2,0.2,23,6,0.0,1,1,4623,20024.5,3,Widow,0,0
2174,70,46344.0,27.0,6.0,4.5,0.16666666666666666,0.3333333333333333,38,5,0.0,2,1,4480,15448.0,3,Single,0,0
2176,52,80134.0,1690.0,16.0,105.625,0.3125,0.125,40,6,0.6,1,1,4772,40067.0,3,Married,0,1
2181,54,70617.0,1280.0,14.0,91.42857142857143,0.21428571428571427,0.07142857142857142,45,2,0.0,0,0,4738,70617.0,3,Married,0,0
2186,47,82326.0,2257.0,22.0,102.5909090909091,0.22727272727272727,0.045454545454545456,30,2,0.6,0,0,4478,82326.0,2,Married,0,1
2202,46,41154.0,69.0,6.0,11.5,0.16666666666666666,0.16666666666666666,98,5,0.0,1,1,4813,20577.0,3,Married,0,0
2217,49,37284.0,23.0,4.0,5.75,0.0,0.25,46,6,0.0,2,1,4824,12428.0,2,Married,0,0
2223,59,64176.0,1826.0,33.0,55.333333333333336,0.24242424242424243,0.24242424242424243,52,6,0.0,1,1,5062,32088.0,2,Divorced,0,0
2225,47,82582.0,1617.0,21.0,77.0,0.19047619047619047,0.047619047619047616,54,1,0.4,0,0,4389,82582.0,3,Divorced,0,1
2227,66,26490.0,210.0,11.0,19.09090909090909,0.2727272727272727,0.18181818181818182,92,6,0.0,0,0,5012,26490.0,2,Married,0,0
2230,54,23626.0,43.0,10.0,4.3,0.3,0.3,84,5,0.0,1,1,4403,11813.0,5,Married,0,0
2245,55,43641.0,139.0,10.0,13.9,0.2,0.3,50,6,0.0,2,1,4800,14547.0,4,Married,0,0
2246,59,46891.0,183.0,8.0,22.875,0.25,0.125,91,4,0.0,1,1,4668,23445.5,2,Married,0,0
2253,34,18929.0,85.0,6.0,14.166666666666666,0.16666666666666666,0.16666666666666666,15,6,0.0,0,0,4865,18929.0,3,Married,0,0
2254,41,69520.0,1455.0,21.0,69.28571428571429,0.42857142857142855,0.047619047619047616,95,5,0.0,0,0,4724,69520.0,3,Married,0,0
2256,51,27159.0,21.0,6.0,3.5,0.16666666666666666,0.3333333333333333,33,6,0.0,2,1,4459,9053.0,4,Married,0,0
2258,38,32880.0,42.0,5.0,8.4,0.2,0.2,76,8,0.0,1,1,4939,16440.0,3,Married,0,0
2261,55,26304.0,16.0,4.0,4.0,0.25,0.25,5,7,0.0,1,1,4738,13152.0,3,Married,0,0
2262,59,45143.0,311.0,15.0,20.733333333333334,0.4,0.2,74,7,0.0,1,1,4674,22571.5,4,Married,0,0
2276,69,57959.0,868.0,27.0,32.148148148148145,0.14814814814814814,0.18518518518518517,71,3,0.0,1,1,4790,28979.5,3,Single,0,0
2278,39,33812.0,133.0,8.0,16.625,0.25,0.25,86,6,0.0,1,1,4970,16906.0,2,Single,0,0
2281,54,33697.0,28.0,4.0,7.0,0.25,0.25,34,7,0.2,1,1,4654,16848.5,3,Single,0,0
2285,70,36634.0,335.0,15.0,22.333333333333332,0.3333333333333333,0.2,0,7,0.0,1,1,4764,18317.0,4,Married,0,0
2286,62,50785.0,114.0,8.0,14.25,0.25,0.25,27,6,0.0,2,1,4659,16928.333333333332,3,Single,0,0
2292,39,22327.0,24.0,5.0,4.8,0.2,0.2,94,5,0.0,1,1,4698,11163.5,3,Single,0,0
2295,70,62670.0,825.0,22.0,37.5,0.22727272727272727,0.045454545454545456,57,3,0.0,1,1,4514,31335.0,5,Married,0,0
2296,49,37368.0,30.0,4.0,7.5,0.25,0.25,4,6,0.2,1,1,4562,18684.0,4,Married,0,0
2304,61,66313.0,770.0,23.0,33.47826086956522,0.2608695652173913,0.08695652173913043,86,4,0.0,1,1,4653,33156.5,5,Married,0,0
2308,70,46734.0,330.0,14.0,23.571428571428573,0.42857142857142855,0.14285714285714285,40,7,0.0,1,1,4955,23367.0,3,Married,0,0
2315,64,58401.0,96.0,6.0,16.0,0.16666666666666666,0.16666666666666666,55,4,0.0,1,1,4437,29200.5,3,Divorced,0,0
2320,46,47025.0,635.0,23.0,27.608695652173914,0.4782608695652174,0.21739130434782608,98,9,0.0,1,1,4657,23512.5,2,Married,0,0
2324,52,77044.0,1065.0,31.0,34.354838709677416,0.22580645161290322,0.06451612903225806,12,4,0.2,1,1,4612,38522.0,3,Married,0,0
2326,34,18929.0,85.0,6.0,14.166666666666666,0.16666666666666666,0.16666666666666666,15,6,0.0,0,0,4865,18929.0,3,Married,0,0
2337,53,29819.0,39.0,9.0,4.333333333333333,0.3333333333333333,0.3333333333333333,77,6,0.0,1,1,4615,14909.5,3,Divorced,0,0
2345,42,70038.0,1244.0,17.0,73.17647058823529,0.23529411764705882,0.058823529411764705,54,2,0.0,0,0,4614,70038.0,5,Married,0,0
2350,52,59666.0,1027.0,20.0,51.35,0.15,0.35,87,8,0.2,2,1,4831,19888.666666666668,3,Married,0,0
2371,52,33622.0,81.0,9.0,9.0,0.2222222222222222,0.3333333333333333,22,7,0.0,2,1,4809,11207.333333333334,3,Married,0,0
2375,52,30261.0,22.0,4.0,5.5,0.0,0.25,75,8,0.0,3,1,5009,7565.25,3,Married,0,0
2379,71,69267.0,1635.0,14.0,116.78571428571429,0.21428571428571427,0.14285714285714285,31,7,0.0,0,0,5012,69267.0,3,Single,0,1
2387,72,43776.0,275.0,17.0,16.176470588235293,0.29411764705882354,0.35294117647058826,9,8,0.0,2,1,4878,14592.0,4,Married,0,1
2392,52,40321.0,102.0,8.0,12.75,0.375,0.25,59,7,0.0,2,1,4702,13440.333333333334,3,Married,0,0
2404,48,53359.0,257.0,14.0,18.357142857142858,0.35714285714285715,0.2857142857142857,4,7,0.0,2,1,4765,17786.333333333332,3,Married,0,0
2406,75,54591.0,519.0,19.0,27.31578947368421,0.3157894736842105,0.15789473684210525,63,5,0.0,1,1,4695,27295.5,3,Married,0,0
2407,42,69109.0,1555.0,20.0,77.75,0.3,0.05,10,4,0.2,0,0,4964,69109.0,3,Married,0,1
2408,48,58597.0,733.0,32.0,22.90625,0.21875,0.375,20,7,0.0,2,1,4953,19532.333333333332,3,Married,0,0
2410,55,81657.0,1097.0,16.0,68.5625,0.1875,0.0625,69,1,0.0,0,0,4525,81657.0,3,Single,0,0
2415,62,62568.0,953.0,16.0,59.5625,0.3125,0.1875,99,4,0.2,1,1,4450,31284.0,3,Married,0,0
2416,55,66582.0,1288.0,20.0,64.4,0.1,0.05,83,1,0.0,0,0,4485,66582.0,5,Single,0,0
2426,60,78825.0,895.0,29.0,30.862068965517242,0.1724137931034483,0.034482758620689655,35,3,0.0,0,0,5020,78825.0,5,Divorced,0,1
2428,54,28164.0,78.0,9.0,8.666666666666666,0.2222222222222222,0.3333333333333333,23,7,0.0,1,1,4788,14082.0,3,Married,0,0
2429,70,72071.0,1338.0,20.0,66.9,0.25,0.15,4,2,0.0,1,1,4867,36035.5,3,Divorced,0,0
2431,34,18222.0,67.0,6.0,11.166666666666666,0.3333333333333333,0.16666666666666666,70,8,0.0,0,0,4912,18222.0,3,Married,0,0
2437,35,51381.5,1611.0,24.0,67.125,0.25,0.041666666666666664,69,3,0.4,0,0,4758,51381.5,3,Married,0,0
2445,50,28440.0,63.0,6.0,10.5,0.3333333333333333,0.16666666666666666,87,8,0.0,1,1,4724,14220.0,5,Married,0,0
2447,45,30545.0,69.0,7.0,9.857142857142858,0.2857142857142857,0.2857142857142857,71,7,0.0,1,1,4987,15272.5,3,Married,0,0
2452,53,34600.0,318.0,17.0,18.705882352941178,0.29411764705882354,0.29411764705882354,8,8,0.0,2,1,4911,11533.333333333334,3,Married,0,1
2453,64,62807.0,819.0,23.0,35.608695652173914,0.21739130434782608,0.13043478260869565,83,5,0.0,1,1,5034,31403.5,3,Married,0,0
2456,49,40233.0,149.0,13.0,11.461538461538462,0.15384615384615385,0.38461538461538464,84,6,0.0,1,1,4625,20116.5,5,Married,0,0
2457,49,30801.0,45.0,6.0,7.5,0.16666666666666666,0.3333333333333333,23,7,0.0,1,1,4978,15400.5,1,Married,0,0
2461,69,51124.0,43.0,6.0,7.166666666666667,0.16666666666666666,0.3333333333333333,79,3,0.0,2,1,4560,17041.333333333332,4,Single,0,0
2471,59,61482.0,299.0,12.0,24.916666666666668,0.25,0.08333333333333333,39,2,0.0,0,0,4369,61482.0,3,Married,0,0
2478,51,25410.0,38.0,6.0,6.333333333333333,0.16666666666666666,0.16666666666666666,48,4,0.0,1,1,4669,12705.0,3,Married,0,0
2488,68,31395.0,64.0,10.0,6.4,0.2,0.4,80,6,0.0,2,1,4830,10465.0,2,Divorced,0,0
2493,58,61286.0,608.0,18.0,33.77777777777778,0.3888888888888889,0.1111111111111111,34,5,0.0,1,1,4698,30643.0,3,Married,0,0
2495,50,83891.0,816.0,22.0,37.09090909090909,0.18181818181818182,0.045454545454545456,24,1,0.0,1,1,4376,41945.5,4,Married,0,0
2499,66,75342.0,563.0,18.0,31.27777777777778,0.2777777777777778,0.05555555555555555,38,4,0.0,1,1,4786,37671.0,2,Single,0,0
2516,55,46831.0,78.0,7.0,11.142857142857142,0.14285714285714285,0.2857142857142857,84,4,0.0,2,1,4753,15610.333333333334,2,Married,0,0
2518,38,20491.0,30.0,4.0,7.5,0.0,0.25,16,7,0.0,0,0,4887,20491.0,2,Married,0,0
2521,53,35178.0,59.0,5.0,11.8,0.2,0.2,10,7,0.2,1,1,4902,17589.0,4,Married,0,1
2525,50,38410.0,534.0,18.0,29.666666666666668,0.2777777777777778,0.1111111111111111,65,6,0.0,0,0,5020,38410.0,5,Married,0,1
2532,37,73454.0,1651.0,13.0,127.0,0.15384615384615385,0.07692307692307693,95,5,0.2,0,0,4487,73454.0,4,Single,0,0
2534,71,37716.0,188.0,10.0,18.8,0.4,0.2,4,7,0.0,1,1,4436,18858.0,3,Married,0,0
2535,46,88097.0,844.0,20.0,42.2,0.3,0.05,24,9,0.6,1,1,5047,44048.5,4,Married,0,1
2541,48,24027.0,48.0,7.0,6.857142857142857,0.2857142857142857,0.2857142857142857,7,8,0.0,1,1,4752,12013.5,3,Married,0,0
2544,73,57530.0,92.0,7.0,13.142857142857142,0.14285714285714285,0.14285714285714285,68,1,0.0,1,1,4627,28765.0,4,Divorced,0,0
2546,47,31878.0,70.0,6.0,11.666666666666666,0.16666666666666666,0.16666666666666666,7,3,0.0,1,1,4374,15939.0,2,Single,0,0
2549,41,21840.0,27.0,5.0,5.4,0.2,0.2,80,9,0.0,1,1,4710,10920.0,5,Married,0,0
2552,69,55521.0,446.0,24.0,18.583333333333332,0.25,0.375,11,7,0.2,3,1,4617,13880.25,5,Single,0,1
2557,54,29548.0,29.0,5.0,5.8,0.2,0.2,52,4,0.2,1,1,4671,14774.0,4,Single,0,0
2561,58,63810.0,1371.0,23.0,59.608695652173914,0.17391304347826086,0.17391304347826086,45,8,0.2,1,1,4962,31905.0,3,Single,0,0
2563,63,28249.0,43.0,6.0,7.166666666666667,0.3333333333333333,0.16666666666666666,80,6,0.0,0,0,4381,28249.0,1,Married,0,0
2564,71,61278.0,165.0,10.0,16.5,0.3,0.2,87,6,0.0,1,1,4543,30639.0,3,Married,0,0
2565,69,70638.0,1334.0,20.0,66.7,0.2,0.05,69,3,0.2,0,0,4760,70638.0,4,Divorced,0,0
2569,37,17323.0,46.0,5.0,9.2,0.2,0.2,38,8,0.0,0,0,4994,17323.0,3,Married,0,0
2570,56,56534.0,815.0,25.0,32.6,0.4,0.16,35,8,0.4,1,1,4708,28267.0,3,Married,0,1
2574,47,61996.0,1230.0,21.0,58.57142857142857,0.2857142857142857,0.14285714285714285,27,5,0.6,1,1,4881,30998.0,5,Married,0,1
2579,67,71113.0,835.0,26.0,32.11538461538461,0.23076923076923078,0.15384615384615385,95,4,0.0,1,1,4561,35556.5,3,Married,0,0
2587,52,29791.0,20.0,7.0,2.857142857142857,0.2857142857142857,0.2857142857142857,21,5,0.0,1,1,4412,14895.5,5,Married,0,0
2589,52,26759.0,59.0,8.0,7.375,0.25,0.25,65,6,0.0,1,1,4509,13379.5,3,Divorced,0,0
2591,65,76320.0,932.0,15.0,62.13333333333333,0.4,0.13333333333333333,49,2,0.0,1,1,4374,38160.0,3,Widow,0,0
2607,71,40464.0,630.0,24.0,26.25,0.3333333333333333,0.25,78,8,0.0,1,1,4901,20232.0,3,Single,0,0
2611,65,82576.0,1910.0,19.0,100.52631578947368,0.10526315789473684,0.05263157894736842,66,1,0.2,0,0,5064,82576.0,4,Married,0,0
2612,37,75794.0,1682.0,25.0,67.28,0.28,0.04,33,3,0.2,0,0,4554,75794.0,3,Married,0,0
2613,64,54197.0,237.0,12.0,19.75,0.08333333333333333,0.16666666666666666,16,1,0.0,1,1,4454,27098.5,4,Married,0,0
2620,50,34596.0,23.0,4.0,5.75,0.25,0.25,48,8,0.0,1,1,4809,17298.0,5,Married,0,1
2625,70,42607.0,350.0,14.0,25.0,0.21428571428571427,0.14285714285714285,30,3,0.0,1,1,4591,21303.5,2,Single,0,0
2631,42,71853.0,1149.0,17.0,67.58823529411765,0.11764705882352941,0.058823529411764705,29,1,0.0,0,0,4784,71853.0,3,Married,0,0
2632,70,50501.0,500.0,20.0,25.0,0.25,0.35,10,6,0.2,2,1,4743,16833.666666666668,3,Married,0,1
2634,45,16653.0,69.0,9.0,7.666666666666667,0.2222222222222222,0.3333333333333333,10,6,0.0,1,1,4439,8326.5,4,Single,0,1
2639,58,43602.0,68.0,9.0,7.555555555555555,0.3333333333333333,0.3333333333333333,45,6,0.0,2,1,4537,14534.0,3,Single,0,0
2656,53,40851.0,59.0,5.0,11.8,0.2,0.2,63,7,0.0,2,1,4860,13617.0,3,Divorced,0,0
2661,60,18701.0,44.0,10.0,4.4,0.2,0.4,95,5,0.0,2,1,4757,6233.666666666667,3,Single,0,0
2666,52,76234.0,907.0,23.0,39.43478260869565,0.34782608695652173,0.043478260869565216,21,3,0.2,1,1,4510,38117.0,4,Married,0,0
2669,31,74293.0,1127.0,16.0,70.4375,0.3125,0.0625,66,2,0.0,0,0,4423,74293.0,3,Single,0,0
2674,66,75154.0,1143.0,16.0,71.4375,0.375,0.0625,79,3,0.0,1,1,5030,37577.0,4,Single,0,1
2677,68,46097.0,241.0,15.0,16.066666666666666,0.2,0.3333333333333333,11,4,0.0,1,1,4822,23048.5,3,Married,0,0
2678,34,34412.0,209.0,11.0,19.0,0.45454545454545453,0.2727272727272727,62,9,0.0,1,1,4868,17206.0,3,Single,0,0
2681,40,65370.0,461.0,19.0,24.263157894736842,0.10526315789473684,0.05263157894736842,1,1,0.0,0,0,4699,65370.0,2,Married,0,0
2683,55,52413.0,910.0,26.0,35.0,0.23076923076923078,0.15384615384615385,56,6,0.0,2,1,4879,17471.0,3,Married,0,0
2686,55,22390.0,26.0,4.0,6.5,0.25,0.25,49,7,0.0,0,0,4618,22390.0,1,Married,0,0
2694,57,42664.0,24.0,5.0,4.8,0.2,0.2,44,6,0.0,1,1,4470,21332.0,3,Married,0,0
2698,48,47025.0,415.0,17.0,24.41176470588235,0.35294117647058826,0.17647058823529413,52,6,0.0,1,1,4601,23512.5,3,Single,0,0
2711,48,30560.0,31.0,5.0,6.2,0.2,0.2,6,7,0.0,1,1,4734,15280.0,4,Married,0,0
2712,68,71866.0,715.0,20.0,35.75,0.3,0.05,85,3,0.0,1,1,4553,35933.0,3,Married,0,0
2715,58,29435.0,180.0,11.0,16.363636363636363,0.2727272727272727,0.36363636363636365,11,9,0.0,2,1,5059,9811.666666666666,4,Divorced,0,1
2724,43,36143.0,19.0,4.0,4.75,0.0,0.25,33,3,0.0,1,1,4458,18071.5,4,Single,0,0
2727,51,57100.0,409.0,13.0,31.46153846153846,0.23076923076923078,0.07692307692307693,19,3,0.0,0,0,4574,57100.0,3,Married,0,0
2730,69,80317.0,1231.0,18.0,68.38888888888889,0.16666666666666666,0.05555555555555555,64,1,0.0,0,0,4680,80317.0,3,Single,0,0
2736,46,73807.0,849.0,23.0,36.91304347826087,0.21739130434782608,0.08695652173913043,88,2,0.0,1,1,4910,36903.5,3,Married,0,0
2740,66,33438.0,90.0,11.0,8.181818181818182,0.18181818181818182,0.36363636363636365,81,5,0.0,2,1,4647,11146.0,5,Widow,0,0
2747,36,67546.0,2126.0,20.0,106.3,0.2,0.05,90,3,0.0,0,0,5034,67546.0,5,Married,0,0
2781,43,72066.0,1792.0,17.0,105.41176470588235,0.23529411764705882,0.058823529411764705,55,2,0.4,0,0,4373,72066.0,3,Single,0,1
2782,63,54456.0,404.0,17.0,23.764705882352942,0.35294117647058826,0.17647058823529413,23,6,0.0,1,1,4720,27228.0,5,Married,0,0
2793,48,70179.0,1034.0,26.0,39.76923076923077,0.2692307692307692,0.11538461538461539,10,5,0.0,1,1,4710,35089.5,5,Divorced,0,0
2795,66,30523.0,13.0,4.0,3.25,0.25,0.25,0,7,0.0,3,1,4730,7630.75,4,Single,0,0
2797,47,72117.0,1073.0,26.0,41.26923076923077,0.34615384615384615,0.038461538461538464,34,5,0.0,1,1,4680,36058.5,3,Married,0,0
2798,47,102160.0,1240.0,26.0,47.69230769230769,0.2692307692307692,0.0,54,4,0.6,0,0,4971,102160.0,5,Married,0,1
2802,32,87000.0,961.0,18.0,53.388888888888886,0.2222222222222222,0.05555555555555555,61,2,0.0,0,0,4928,87000.0,2,Married,0,0
2804,49,46098.0,120.0,11.0,10.909090909090908,0.2727272727272727,0.36363636363636365,86,8,0.0,2,1,5047,15366.0,4,Single,0,1
2807,55,56796.0,1001.0,27.0,37.074074074074076,0.2962962962962963,0.1111111111111111,24,7,0.0,1,1,4865,28398.0,3,Married,0,0
2811,61,48918.0,62.0,7.0,8.857142857142858,0.14285714285714285,0.2857142857142857,21,4,0.0,2,1,4445,16306.0,5,Single,0,0
2814,48,30560.0,31.0,5.0,6.2,0.2,0.2,6,7,0.0,1,1,4734,15280.0,4,Married,0,0
2815,49,33183.0,120.0,9.0,13.333333333333334,0.4444444444444444,0.2222222222222222,46,7,0.0,1,1,4492,16591.5,3,Married,0,0
2826,57,22574.0,37.0,7.0,5.285714285714286,0.2857142857142857,0.2857142857142857,28,7,0.0,3,1,4611,5643.5,3,Married,0,0
2829,69,65210.0,731.0,22.0,33.22727272727273,0.4090909090909091,0.09090909090909091,25,6,0.4,1,1,4478,32605.0,3,Married,0,0
2831,48,78416.0,1179.0,26.0,45.34615384615385,0.2692307692307692,0.07692307692307693,99,3,0.0,1,1,4369,39208.0,3,Married,0,0
2836,52,43269.0,19.0,4.0,4.75,0.25,0.25,61,8,0.0,1,1,4653,21634.5,5,Married,0,0
2849,45,60474.0,1180.0,31.0,38.064516129032256,0.3225806451612903,0.22580645161290322,25,7,0.0,1,1,4821,30237.0,3,Single,0,0
2853,44,51766.0,275.0,12.0,22.916666666666668,0.3333333333333333,0.16666666666666666,74,5,0.0,1,1,4477,25883.0,3,Single,0,0
2861,41,24072.0,23.0,4.0,5.75,0.25,0.25,79,8,0.0,1,1,4806,12036.0,3,Single,0,0
2863,54,51381.5,1052.0,21.0,50.095238095238095,0.09523809523809523,0.2857142857142857,67,7,0.4,3,1,4677,12845.375,3,Single,0,0
2868,75,26518.0,57.0,8.0,7.125,0.25,0.375,33,8,0.0,2,1,4814,8839.333333333334,5,Single,0,1
2870,51,49094.0,502.0,20.0,25.1,0.3,0.25,6,6,0.0,1,1,5013,24547.0,3,Married,0,0
2874,36,35388.0,32.0,5.0,6.4,0.2,0.2,20,7,0.0,1,1,4846,17694.0,2,Divorced,0,0
2875,46,67023.0,906.0,24.0,37.75,0.125,0.041666666666666664,93,2,0.0,0,0,4484,67023.0,3,Married,1,0
2877,50,46014.0,541.0,26.0,20.807692307692307,0.2692307692307692,0.38461538461538464,21,7,0.0,2,1,4891,15338.0,4,Married,0,0
2878,77,67472.0,414.0,15.0,27.6,0.26666666666666666,0.13333333333333333,93,3,0.0,1,1,4641,33736.0,5,Married,0,0
2882,49,67893.0,995.0,16.0,62.1875,0.1875,0.125,31,8,0.0,1,1,5003,33946.5,2,Divorced,0,0
2886,53,74290.0,1217.0,32.0,38.03125,0.3125,0.125,70,6,0.4,1,1,4688,37145.0,4,Divorced,0,0
2891,61,68118.0,928.0,23.0,40.34782608695652,0.34782608695652173,0.08695652173913043,51,6,0.0,1,1,4621,34059.0,3,Divorced,0,0
2894,39,72903.0,2013.0,21.0,95.85714285714286,0.3333333333333333,0.047619047619047616,74,4,0.6,0,0,4610,72903.0,3,Single,0,1
2895,61,49980.0,195.0,11.0,17.727272727272727,0.2727272727272727,0.18181818181818182,79,5,0.0,1,1,4616,24990.0,3,Single,0,0
2902,66,51381.5,45.0,5.0,9.0,0.2,0.2,87,5,0.0,2,1,5031,17127.166666666668,3,Married,0,0
2909,50,78128.0,1264.0,20.0,63.2,0.4,0.1,89,3,0.4,1,1,4497,39064.0,5,Married,0,0
2918,43,28510.0,91.0,9.0,10.11111111111111,0.2222222222222222,0.3333333333333333,72,5,0.0,2,1,4809,9503.333333333334,3,Divorced,0,0
2920,49,52614.0,990.0,16.0,61.875,0.125,0.125,63,8,0.0,1,1,4942,26307.0,5,Single,0,0
2926,72,55951.0,1374.0,23.0,59.73913043478261,0.13043478260869565,0.13043478260869565,62,8,0.4,1,1,5042,27975.5,4,Married,0,0
2928,49,52614.0,990.0,16.0,61.875,0.125,0.125,63,8,0.0,1,1,4942,26307.0,5,Single,0,0
2929,48,20180.0,137.0,8.0,17.125,0.25,0.125,27,7,0.0,0,0,4861,20180.0,3,Single,0,0
2930,46,68092.0,1281.0,20.0,64.05,0.1,0.1,7,5,0.0,0,0,4562,68092.0,4,Single,0,0
2931,46,71847.0,1192.0,22.0,54.18181818181818,0.2727272727272727,0.0,95,3,0.2,0,0,5013,71847.0,3,Divorced,0,0
2936,42,23661.0,23.0,5.0,4.6,0.2,0.2,46,7,0.0,1,1,4574,11830.5,4,Married,0,0
2937,50,68352.0,871.0,25.0,34.84,0.32,0.12,47,6,0.0,1,1,4672,34176.0,5,Single,0,0
2939,54,79419.0,1631.0,15.0,108.73333333333333,0.26666666666666666,0.06666666666666667,96,2,0.0,0,0,4374,79419.0,4,Married,0,0
2942,60,45906.0,486.0,15.0,32.4,0.3333333333333333,0.13333333333333333,20,5,0.2,1,1,4785,22953.0,3,Single,0,0
2945,69,46015.0,46.0,5.0,9.2,0.2,0.2,25,7,0.4,2,1,4444,15338.333333333334,5,Married,0,0
2948,70,62637.0,185.0,10.0,18.5,0.2,0.1,76,2,0.0,1,1,4487,31318.5,4,Divorced,0,0
2952,47,36273.0,76.0,8.0,9.5,0.375,0.25,80,6,0.0,1,1,4441,18136.5,4,Single,0,0
2958,46,28442.0,57.0,10.0,5.7,0.2,0.3,53,4,0.0,2,1,4492,9480.666666666666,3,Married,0,0
2961,42,42081.0,382.0,15.0,25.466666666666665,0.4,0.13333333333333333,86,6,0.2,1,1,4855,21040.5,3,Married,0,0
2963,45,75507.0,1440.0,21.0,68.57142857142857,0.38095238095238093,0.047619047619047616,56,3,0.0,0,0,4425,75507.0,3,Married,0,0
2964,43,26872.0,72.0,5.0,14.4,0.2,0.2,0,6,0.0,0,0,4623,26872.0,3,Married,0,0
2968,81,48948.0,902.0,24.0,37.583333333333336,0.2916666666666667,0.08333333333333333,53,6,0.2,0,0,4880,48948.0,5,Divorced,0,1
2975,48,85606.0,1956.0,24.0,81.5,0.25,0.08333333333333333,89,3,0.2,1,1,4961,42803.0,3,Married,0,0
2980,72,8820.0,35.0,10.0,3.5,0.3,0.4,52,8,0.0,2,1,4831,2940.0,4,Single,0,0
2986,48,30772.0,20.0,4.0,5.0,0.25,0.25,89,6,0.0,2,1,4476,10257.333333333334,3,Married,0,0
2995,67,66636.0,1084.0,17.0,63.76470588235294,0.17647058823529413,0.058823529411764705,64,1,0.0,0,0,4683,66636.0,4,Married,0,0
3005,32,83528.0,1650.0,23.0,71.73913043478261,0.17391304347826086,0.043478260869565216,7,1,0.4,0,0,4426,83528.0,3,Single,0,1
3006,48,30992.0,43.0,5.0,8.6,0.2,0.2,83,7,0.0,1,1,4800,15496.0,3,Divorced,0,0
3007,58,37758.0,40.0,6.0,6.666666666666667,0.16666666666666666,0.3333333333333333,49,8,0.0,2,1,5000,12586.0,3,Married,0,0
3009,62,71670.0,1766.0,15.0,117.73333333333333,0.3333333333333333,0.06666666666666667,8,6,0.6,0,0,4722,71670.0,5,Widow,0,1
3010,35,88420.0,2069.0,20.0,103.45,0.2,0.05,87,1,0.6,0,0,4425,88420.0,4,Married,0,0
3011,59,69139.0,227.0,11.0,20.636363636363637,0.36363636363636365,0.09090909090909091,23,4,0.0,1,1,4520,34569.5,3,Married,0,0
3025,66,49967.0,306.0,15.0,20.4,0.4,0.2,4,7,0.0,1,1,4723,24983.5,3,Single,0,0
3032,40,24570.0,193.0,11.0,17.545454545454547,0.36363636363636365,0.2727272727272727,97,9,0.0,1,1,4854,12285.0,3,Married,0,0
3033,61,38620.0,318.0,11.0,28.90909090909091,0.18181818181818182,0.09090909090909091,56,3,0.0,0,0,4781,38620.0,4,Married,0,0
3037,41,50150.0,410.0,16.0,25.625,0.3125,0.125,32,5,0.0,0,0,4741,50150.0,5,Married,0,0
3050,58,54198.0,235.0,16.0,14.6875,0.1875,0.375,13,4,0.0,2,1,4561,18066.0,3,Married,0,0
3056,46,63693.0,1150.0,29.0,39.6551724137931,0.3793103448275862,0.10344827586206896,63,6,0.0,1,1,4625,31846.5,3,Divorced,0,0
3066,49,61905.0,231.0,12.0,19.25,0.3333333333333333,0.16666666666666666,2,5,0.0,1,1,4512,30952.5,5,Married,0,0
3068,34,18351.0,43.0,6.0,7.166666666666667,0.3333333333333333,0.16666666666666666,1,7,0.0,0,0,4610,18351.0,3,Married,0,0
3074,40,70643.0,1828.0,18.0,101.55555555555556,0.2777777777777778,0.05555555555555555,66,6,0.0,0,0,4989,70643.0,5,Married,0,1
3075,52,59973.0,382.0,15.0,25.466666666666665,0.2,0.06666666666666667,47,1,0.0,0,0,4658,59973.0,5,Married,0,0
3076,49,66653.0,612.0,22.0,27.818181818181817,0.18181818181818182,0.18181818181818182,18,3,0.0,2,1,5027,22217.666666666668,3,Married,0,0
3081,46,41014.0,20.0,4.0,5.0,0.25,0.25,65,7,0.0,1,1,4800,20507.0,5,Married,0,0
3083,50,45837.0,373.0,18.0,20.72222222222222,0.3333333333333333,0.2777777777777778,88,7,0.0,2,1,4705,15279.0,3,Married,0,0
3091,43,75774.0,823.0,21.0,39.19047619047619,0.3333333333333333,0.047619047619047616,27,4,0.0,1,1,4425,37887.0,2,Married,0,0
3099,54,44267.0,310.0,16.0,19.375,0.3125,0.3125,48,9,0.0,2,1,4856,14755.666666666666,3,Divorced,0,0
3102,43,19414.0,32.0,5.0,6.4,0.2,0.2,32,8,0.0,1,1,4623,9707.0,2,Married,0,0
3104,63,82332.0,2006.0,21.0,95.52380952380952,0.23809523809523808,0.047619047619047616,89,2,0.2,0,0,5017,82332.0,3,Single,0,1
3107,48,71322.0,350.0,13.0,26.923076923076923,0.3076923076923077,0.07692307692307693,31,2,0.0,1,1,4425,35661.0,3,Married,0,0
3112,47,22701.0,24.0,5.0,4.8,0.2,0.2,2,5,0.0,1,1,4664,11350.5,4,Married,0,0
3117,69,51381.5,450.0,15.0,30.0,0.4,0.2,95,7,0.0,1,1,4621,25690.75,3,Single,0,0
3120,43,38547.0,22.0,4.0,5.5,0.25,0.25,49,8,0.0,1,1,4672,19273.5,3,Married,1,0
3129,41,30096.0,45.0,6.0,7.5,0.3333333333333333,0.16666666666666666,30,6,0.0,1,1,4405,15048.0,3,Married,0,0
3130,60,18701.0,44.0,10.0,4.4,0.2,0.4,95,5,0.0,2,1,4757,6233.666666666667,3,Single,0,0
3136,62,59432.0,663.0,22.0,30.136363636363637,0.22727272727272727,0.13636363636363635,88,5,0.0,1,1,4809,29716.0,4,Divorced,0,0
3138,68,91249.0,1676.0,22.0,76.18181818181819,0.3181818181818182,0.0,84,4,0.8,0,0,4984,91249.0,3,Single,0,1
3139,42,74116.0,2052.0,19.0,108.0,0.21052631578947367,0.05263157894736842,53,2,0.2,0,0,4548,74116.0,2,Single,0,0
3152,67,26091.0,89.0,9.0,9.88888888888889,0.2222222222222222,0.3333333333333333,84,5,0.0,2,1,4491,8697.0,3,Married,0,0
3153,67,40737.0,17.0,4.0,4.25,0.25,0.25,24,8,0.0,3,1,4570,10184.25,5,Single,0,0
3158,51,32300.0,39.0,5.0,7.8,0.2,0.2,1,8,0.0,1,1,4909,16150.0,3,Married,0,0
3170,67,68148.0,1042.0,15.0,69.46666666666667,0.26666666666666666,0.06666666666666667,86,2,0.0,0,0,4669,68148.0,4,Married,0,0
3174,65,87771.0,1957.0,20.0,97.85,0.25,0.05,61,6,0.8,1,1,4770,43885.5,3,Married,0,1
3179,44,81741.0,1572.0,19.0,82.73684210526316,0.3157894736842105,0.0,75,2,0.0,0,0,4745,81741.0,3,Single,0,0
3182,51,46854.0,263.0,15.0,17.533333333333335,0.3333333333333333,0.4,81,8,0.2,2,1,4457,15618.0,5,Single,0,1
3194,50,71466.0,1230.0,19.0,64.73684210526316,0.21052631578947367,0.05263157894736842,86,1,0.0,0,0,4452,71466.0,5,Single,0,0
3197,44,77353.0,670.0,20.0,33.5,0.3,0.1,38,4,0.0,1,1,4562,38676.5,3,Married,0,0
3202,37,51563.0,1250.0,19.0,65.78947368421052,0.21052631578947367,0.05263157894736842,60,8,0.4,0,0,5003,51563.0,5,Married,0,0
3220,41,39922.0,156.0,9.0,17.333333333333332,0.3333333333333333,0.2222222222222222,30,8,0.0,1,1,4867,19961.0,3,Married,0,0
3225,40,42207.0,265.0,14.0,18.928571428571427,0.2857142857142857,0.2857142857142857,71,6,0.2,1,1,4821,21103.5,4,Married,0,1
3231,51,37971.0,30.0,5.0,6.0,0.2,0.2,97,8,0.0,1,1,4583,18985.5,3,Married,0,0
3233,59,62745.0,1117.0,29.0,38.51724137931034,0.2413793103448276,0.10344827586206896,89,5,0.0,1,1,4830,31372.5,5,Married,0,0
3254,53,70886.0,960.0,14.0,68.57142857142857,0.35714285714285715,0.07142857142857142,65,2,0.0,1,1,4625,35443.0,3,Married,0,0
3262,66,68281.0,1655.0,25.0,66.2,0.08,0.04,31,5,0.0,0,0,5058,68281.0,3,Single,0,1
3265,65,35701.0,46.0,5.0,9.2,0.2,0.2,36,6,0.0,0,0,4834,35701.0,3,Married,0,0
3266,60,42523.0,125.0,7.0,17.857142857142858,0.14285714285714285,0.14285714285714285,96,2,0.0,0,0,4434,42523.0,3,Married,0,0
3267,61,57288.0,608.0,20.0,30.4,0.4,0.15,27,6,0.2,1,1,4371,28644.0,4,Married,0,0
3270,46,17117.0,128.0,11.0,11.636363636363637,0.2727272727272727,0.36363636363636365,96,9,0.0,1,1,4895,8558.5,2,Married,0,0
3276,48,36301.0,78.0,7.0,11.142857142857142,0.42857142857142855,0.14285714285714285,53,7,0.0,1,1,4614,18150.5,2,Married,0,0
3277,69,49431.0,365.0,15.0,24.333333333333332,0.4666666666666667,0.13333333333333333,9,8,0.0,1,1,5062,24715.5,3,Divorced,0,0
3281,64,49154.0,411.0,19.0,21.63157894736842,0.21052631578947367,0.3157894736842105,69,6,0.0,2,1,4605,16384.666666666668,5,Married,0,0
3283,52,70932.0,909.0,22.0,41.31818181818182,0.2727272727272727,0.09090909090909091,57,3,0.0,1,1,4528,35466.0,2,Married,0,0
3286,57,26642.0,42.0,7.0,6.0,0.2857142857142857,0.2857142857142857,71,6,0.0,1,1,4487,13321.0,5,Divorced,0,0
3298,68,52973.0,1152.0,31.0,37.16129032258065,0.2903225806451613,0.22580645161290322,92,8,0.0,1,1,4965,26486.5,4,Married,0,0
3308,72,35704.0,94.0,9.0,10.444444444444445,0.2222222222222222,0.3333333333333333,54,4,0.0,2,1,4544,11901.333333333334,3,Married,0,0
3310,51,35688.0,211.0,16.0,13.1875,0.25,0.4375,94,8,0.0,3,1,5043,8922.0,2,Married,0,0
3312,36,34176.0,89.0,11.0,8.090909090909092,0.2727272727272727,0.36363636363636365,12,6,0.0,1,1,4415,17088.0,3,Single,0,0
3321,57,56575.0,542.0,20.0,27.1,0.35,0.15,42,5,0.0,2,1,4787,18858.333333333332,5,Married,0,0
3332,39,29760.0,165.0,12.0,13.75,0.25,0.3333333333333333,87,8,0.0,1,1,5036,14880.0,3,Single,0,0
3334,73,94642.0,2211.0,21.0,105.28571428571429,0.23809523809523808,0.0,35,1,0.4,0,0,4504,94642.0,3,Married,0,0
3336,76,66375.0,948.0,14.0,67.71428571428571,0.14285714285714285,0.21428571428571427,96,7,0.2,1,1,4587,33187.5,5,Married,0,0
3340,47,42014.0,436.0,20.0,21.8,0.35,0.3,56,8,0.0,1,1,5048,21007.0,3,Married,0,1
3363,50,20130.0,34.0,5.0,6.8,0.2,0.2,99,8,0.0,0,0,4471,20130.0,2,Married,0,0
3376,54,55282.0,235.0,11.0,21.363636363636363,0.2727272727272727,0.09090909090909091,9,4,0.0,1,1,4565,27641.0,4,Divorced,0,0
3381,71,54348.0,90.0,8.0,11.25,0.25,0.25,51,6,0.0,2,1,4388,18116.0,4,Married,0,0
3386,32,34935.0,137.0,8.0,17.125,0.25,0.125,71,7,0.0,0,0,4740,34935.0,3,Married,0,0
3388,57,70844.0,294.0,17.0,17.294117647058822,0.35294117647058826,0.29411764705882354,16,7,0.0,2,1,4609,23614.666666666668,3,Divorced,0,0
3389,54,69016.0,1533.0,34.0,45.088235294117645,0.23529411764705882,0.11764705882352941,61,5,0.0,1,1,4951,34508.0,3,Married,0,0
3403,66,78952.0,2092.0,21.0,99.61904761904762,0.09523809523809523,0.09523809523809523,11,6,0.0,1,1,5010,39476.0,5,Married,0,0
3406,60,45989.0,322.0,16.0,20.125,0.1875,0.25,97,3,0.0,1,1,4982,22994.5,3,Single,0,0
3409,40,36108.0,339.0,15.0,22.6,0.4666666666666667,0.2,68,9,0.2,1,1,4624,18054.0,3,Single,0,0
3412,73,67381.0,957.0,17.0,56.294117647058826,0.11764705882352941,0.23529411764705882,67,7,0.2,1,1,4897,33690.5,4,Married,0,0
3421,56,63841.0,908.0,22.0,41.27272727272727,0.4090909090909091,0.045454545454545456,64,6,0.0,1,1,4801,31920.5,4,Divorced,0,0
3422,49,76068.0,1376.0,10.0,137.6,0.2,0.1,67,6,0.4,1,1,4944,38034.0,3,Married,0,0
3426,49,70300.0,1596.0,26.0,61.38461538461539,0.19230769230769232,0.11538461538461539,89,8,0.0,1,1,4716,35150.0,3,Divorced,0,0
3427,69,59821.0,734.0,26.0,28.23076923076923,0.4230769230769231,0.23076923076923078,11,8,0.0,1,1,4810,29910.5,5,Married,0,0
3428,33,68682.0,1598.0,24.0,66.58333333333333,0.16666666666666666,0.041666666666666664,56,2,0.0,0,0,4633,68682.0,5,Married,0,0
3433,69,72635.0,981.0,21.0,46.714285714285715,0.2857142857142857,0.047619047619047616,54,3,0.2,0,0,4758,72635.0,2,Married,0,0
3434,73,80872.0,1336.0,19.0,70.3157894736842,0.21052631578947367,0.05263157894736842,60,1,0.0,0,0,4415,80872.0,3,Single,0,0
3436,55,14045.0,20.0,5.0,4.0,0.2,0.2,24,7,0.0,1,1,4521,7022.5,3,Married,0,0
3439,52,56721.0,296.0,15.0,19.733333333333334,0.26666666666666666,0.3333333333333333,64,6,0.0,2,1,4973,18907.0,3,Married,0,0
3445,68,60714.0,957.0,23.0,41.608695652173914,0.30434782608695654,0.08695652173913043,56,5,0.0,0,0,4895,60714.0,3,Single,0,1
3463,49,69283.0,904.0,27.0,33.48148148148148,0.25925925925925924,0.14814814814814814,41,5,0.0,1,1,4382,34641.5,5,Married,0,0
3469,47,34487.0,103.0,9.0,11.444444444444445,0.3333333333333333,0.3333333333333333,94,9,0.0,2,1,5028,11495.666666666666,5,Divorced,0,0
3478,53,60585.0,736.0,30.0,24.533333333333335,0.23333333333333334,0.3333333333333333,17,5,0.0,2,1,4737,20195.0,5,Married,0,1
3479,74,16813.0,50.0,6.0,8.333333333333334,0.3333333333333333,0.16666666666666666,49,7,0.2,0,0,4712,16813.0,3,Single,0,0
3483,66,48192.0,1526.0,25.0,61.04,0.08,0.12,76,8,0.6,0,0,4816,48192.0,3,Married,0,1
3491,49,55914.0,1260.0,29.0,43.44827586206897,0.3793103448275862,0.13793103448275862,32,7,0.0,1,1,4793,27957.0,3,Married,0,0
3498,48,55424.0,877.0,25.0,35.08,0.28,0.16,6,6,0.2,1,1,4948,27712.0,5,Married,0,1
3503,74,82460.0,974.0,15.0,64.93333333333334,0.3333333333333333,0.06666666666666667,78,1,0.0,0,0,4576,82460.0,3,Divorced,0,0
3507,54,76467.0,1575.0,14.0,112.5,0.14285714285714285,0.14285714285714285,44,6,0.0,1,1,5048,38233.5,3,Single,0,1
3515,72,62307.0,160.0,9.0,17.77777777777778,0.4444444444444444,0.1111111111111111,94,5,0.0,1,1,4499,31153.5,3,Single,0,0
3517,72,40887.0,161.0,10.0,16.1,0.3,0.3,32,9,0.0,2,1,4786,13629.0,3,Single,0,1
3518,41,25271.0,50.0,5.0,10.0,0.2,0.2,45,9,0.0,1,1,4938,12635.5,3,Married,0,0
3520,34,91172.0,1092.0,14.0,78.0,0.2857142857142857,0.0,94,3,0.8,0,0,4826,91172.0,4,Single,0,1
3523,62,75072.0,1073.0,19.0,56.473684210526315,0.2631578947368421,0.10526315789473684,83,3,0.0,1,1,4889,37536.0,3,Married,0,0
3524,53,39763.0,167.0,10.0,16.7,0.5,0.2,9,9,0.0,1,1,4696,19881.5,4,Single,0,1
3525,54,38200.0,17.0,4.0,4.25,0.25,0.25,19,7,0.0,2,1,4936,12733.333333333334,3,Married,0,0
3526,56,38443.0,38.0,6.0,6.333333333333333,0.16666666666666666,0.3333333333333333,58,7,0.0,2,1,4520,12814.333333333334,5,Married,0,0
3535,59,66294.0,967.0,13.0,74.38461538461539,0.3076923076923077,0.07692307692307693,68,2,0.0,0,0,4471,66294.0,3,Single,0,0
3536,64,19740.0,55.0,7.0,7.857142857142857,0.14285714285714285,0.2857142857142857,65,5,0.0,1,1,4829,9870.0,3,Married,0,0
3537,43,31089.0,79.0,10.0,7.9,0.3,0.3,57,8,0.0,1,1,5048,15544.5,3,Married,0,0
3547,55,41021.0,64.0,7.0,9.142857142857142,0.2857142857142857,0.2857142857142857,12,6,0.0,1,1,4913,20510.5,4,Married,0,1
3551,70,60033.0,198.0,10.0,19.8,0.2,0.2,28,2,0.0,1,1,4459,30016.5,4,Married,0,0
3559,36,16248.0,57.0,9.0,6.333333333333333,0.2222222222222222,0.3333333333333333,77,6,0.0,1,1,4417,8124.0,2,Married,0,0
3560,72,83844.0,1574.0,20.0,78.7,0.2,0.05,57,1,0.2,0,0,4780,83844.0,3,Married,0,0
3565,69,38452.0,72.0,9.0,8.0,0.3333333333333333,0.3333333333333333,62,7,0.0,2,1,4458,12817.333333333334,4,Married,0,0
3570,55,42731.0,244.0,13.0,18.76923076923077,0.3076923076923077,0.23076923076923078,64,5,0.0,1,1,4618,21365.5,5,Married,0,0
3571,63,63342.0,1101.0,19.0,57.94736842105263,0.42105263157894735,0.15789473684210525,48,6,0.2,1,1,4988,31671.0,5,Married,0,1
3578,75,49160.0,236.0,12.0,19.666666666666668,0.25,0.16666666666666666,29,6,0.0,1,1,4619,24580.0,3,Divorced,0,0
3584,69,49667.0,1396.0,22.0,63.45454545454545,0.22727272727272727,0.09090909090909091,35,8,0.2,0,0,5045,49667.0,5,Single,0,1
3594,51,54108.0,747.0,32.0,23.34375,0.25,0.40625,74,8,0.0,2,1,4968,18036.0,4,Married,0,0
3595,61,77226.0,1138.0,28.0,40.642857142857146,0.21428571428571427,0.07142857142857142,29,3,0.0,1,1,4488,38613.0,3,Married,0,0
3598,52,62710.0,606.0,22.0,27.545454545454547,0.18181818181818182,0.18181818181818182,53,4,0.0,1,1,4769,31355.0,3,Married,0,0
3599,54,63684.0,1464.0,23.0,63.65217391304348,0.34782608695652173,0.13043478260869565,61,5,0.0,1,1,4947,31842.0,3,Married,0,0
3602,66,51412.0,195.0,11.0,17.727272727272727,0.2727272727272727,0.18181818181818182,42,4,0.0,1,1,4547,25706.0,4,Married,0,0
3619,64,87305.0,1152.0,17.0,67.76470588235294,0.29411764705882354,0.058823529411764705,19,2,0.2,0,0,5011,87305.0,2,Divorced,0,1
3623,48,21675.0,45.0,10.0,4.5,0.4,0.3,55,7,0.0,1,1,4385,10837.5,3,Married,0,0
3628,37,15038.0,80.0,7.0,11.428571428571429,0.2857142857142857,0.2857142857142857,93,9,0.0,1,1,4883,7519.0,1,Single,0,0
3629,46,38557.0,145.0,9.0,16.11111111111111,0.3333333333333333,0.2222222222222222,17,7,0.0,1,1,4924,19278.5,3,Single,0,0
3635,62,52597.0,578.0,20.0,28.9,0.3,0.15,69,5,0.0,1,1,4420,26298.5,5,Single,0,0
3641,48,13624.0,36.0,7.0,5.142857142857143,0.2857142857142857,0.2857142857142857,93,6,0.0,1,1,4892,6812.0,3,Married,0,0
3643,50,63206.0,928.0,14.0,66.28571428571429,0.2857142857142857,0.07142857142857142,65,2,0.2,0,0,4468,63206.0,4,Married,0,0
3645,52,27213.0,70.0,9.0,7.777777777777778,0.2222222222222222,0.3333333333333333,19,8,0.0,1,1,5035,13606.5,5,Single,0,1
3657,38,39146.0,165.0,11.0,15.0,0.36363636363636365,0.2727272727272727,1,8,0.0,1,1,4867,19573.0,3,Single,0,0
3661,29,80617.0,1435.0,19.0,75.52631578947368,0.21052631578947367,0.05263157894736842,42,2,0.0,0,0,4992,80617.0,2,Single,0,0
3665,47,25315.0,54.0,9.0,6.0,0.3333333333333333,0.3333333333333333,46,8,0.0,1,1,4601,12657.5,2,Married,0,0
3667,55,80952.0,1757.0,25.0,70.28,0.32,0.04,20,8,0.6,0,0,4853,80952.0,3,Married,0,1
3673,53,55239.0,779.0,26.0,29.96153846153846,0.2692307692307692,0.11538461538461539,59,5,0.0,1,1,4717,27619.5,3,Single,0,0
3678,51,60208.0,656.0,29.0,22.620689655172413,0.27586206896551724,0.3793103448275862,13,7,0.2,2,1,4997,20069.333333333332,3,Widow,0,1
3690,38,80141.0,2091.0,22.0,95.04545454545455,0.3181818181818182,0.045454545454545456,20,6,0.2,0,0,4901,80141.0,4,Married,0,1
3696,59,30630.0,52.0,7.0,7.428571428571429,0.2857142857142857,0.2857142857142857,67,7,0.0,2,1,4520,10210.0,3,Divorced,0,0
3697,70,39898.0,134.0,9.0,14.88888888888889,0.3333333333333333,0.2222222222222222,20,7,0.0,1,1,4869,19949.0,3,Married,0,0
3698,41,78687.0,2130.0,19.0,112.10526315789474,0.21052631578947367,0.05263157894736842,13,2,0.2,0,0,5056,78687.0,3,Married,0,1
3706,46,28647.0,94.0,7.0,13.428571428571429,0.2857142857142857,0.14285714285714285,54,7,0.2,1,1,4679,14323.5,3,Single,0,1
3710,40,39684.0,81.0,7.0,11.571428571428571,0.2857142857142857,0.2857142857142857,41,7,0.0,1,1,4992,19842.0,5,Single,1,1
3711,80,80184.0,1902.0,20.0,95.1,0.3,0.05,19,3,0.4,0,0,4487,80184.0,4,Married,0,0
3712,65,52332.0,259.0,12.0,21.583333333333332,0.25,0.08333333333333333,63,4,0.2,0,0,4672,52332.0,3,Divorced,0,0
3717,65,61180.0,704.0,18.0,39.111111111111114,0.2777777777777778,0.1111111111111111,70,3,0.2,1,1,4434,30590.0,3,Married,0,0
3722,52,44503.0,48.0,7.0,6.857142857142857,0.2857142857142857,0.2857142857142857,83,6,0.0,2,1,4441,14834.333333333334,3,Single,0,0
3725,63,84865.0,1688.0,16.0,105.5,0.125,0.0625,1,4,0.8,0,0,4783,84865.0,5,Single,0,1
3726,38,34320.0,17.0,4.0,4.25,0.25,0.25,66,8,0.0,1,1,4500,17160.0,5,Married,0,0
3732,69,52750.0,860.0,27.0,31.85185185185185,0.18518518518518517,0.2222222222222222,72,4,0.0,1,1,4877,26375.0,4,Married,0,0
3745,36,23331.0,103.0,8.0,12.875,0.375,0.25,92,8,0.0,1,1,5030,11665.5,2,Married,0,0
3749,51,73926.0,1580.0,24.0,65.83333333333333,0.25,0.041666666666666664,54,3,0.0,0,0,4851,73926.0,3,Married,0,0
3759,66,65196.0,1155.0,26.0,44.42307692307692,0.2692307692307692,0.07692307692307693,34,5,0.2,2,1,4706,21732.0,3,Married,0,0
3762,38,69867.0,925.0,17.0,54.411764705882355,0.17647058823529413,0.058823529411764705,30,1,0.2,0,0,4820,69867.0,5,Single,0,1
3766,65,33051.0,835.0,21.0,39.76190476190476,0.42857142857142855,0.14285714285714285,15,9,0.0,0,0,5049,33051.0,4,Widow,0,1
3767,56,61314.0,1008.0,24.0,42.0,0.20833333333333334,0.08333333333333333,1,3,0.0,1,1,4797,30657.0,3,Married,0,0
3769,52,51381.5,42.0,5.0,8.4,0.2,0.2,17,7,0.0,1,1,4486,25690.75,5,Married,0,0
3783,65,52854.0,116.0,9.0,12.88888888888889,0.2222222222222222,0.2222222222222222,43,5,0.0,2,1,4464,17618.0,5,Married,0,0
3790,68,34633.0,15.0,4.0,3.75,0.25,0.25,31,6,0.0,3,1,4524,8658.25,3,Married,0,0
3798,56,41120.0,81.0,9.0,9.0,0.2222222222222222,0.3333333333333333,80,6,0.0,2,1,4602,13706.666666666666,3,Married,0,0
3799,69,67225.0,868.0,23.0,37.73913043478261,0.30434782608695654,0.13043478260869565,4,5,0.0,1,1,4582,33612.5,3,Married,0,0
3807,69,59925.0,766.0,23.0,33.30434782608695,0.391304347826087,0.13043478260869565,83,6,0.0,1,1,4943,29962.5,3,Married,0,0
3828,73,71107.0,1327.0,28.0,47.392857142857146,0.25,0.07142857142857142,61,4,0.0,1,1,4864,35553.5,3,Married,0,0
3829,45,24594.0,29.0,5.0,5.8,0.2,0.2,94,5,0.0,1,1,4568,12297.0,1,Married,0,0
3830,71,59354.0,459.0,16.0,28.6875,0.25,0.0625,59,3,0.0,2,1,4433,19784.666666666668,4,Married,0,0
3834,62,69627.0,861.0,23.0,37.43478260869565,0.34782608695652173,0.08695652173913043,35,5,0.0,1,1,4836,34813.5,3,Single,0,0
3839,66,15056.0,88.0,12.0,7.333333333333333,0.16666666666666666,0.4166666666666667,76,5,0.0,2,1,4789,5018.666666666667,1,Single,0,0
3846,50,42557.0,270.0,15.0,18.0,0.4,0.26666666666666666,98,8,0.0,1,1,5036,21278.5,3,Married,0,0
3850,61,14918.0,43.0,5.0,8.6,0.2,0.2,52,6,0.0,1,1,4936,7459.0,1,Married,0,0
3852,63,74881.0,964.0,27.0,35.7037037037037,0.3333333333333333,0.14814814814814814,48,5,0.0,2,1,4845,24960.333333333332,4,Married,0,0
3855,61,22419.0,162.0,8.0,20.25,0.375,0.125,74,8,0.0,0,0,4804,22419.0,3,Married,0,0
3856,64,63381.0,1005.0,26.0,38.65384615384615,0.15384615384615385,0.15384615384615385,78,2,0.0,1,1,4999,31690.5,3,Married,0,0
3859,77,73059.0,1095.0,26.0,42.11538461538461,0.34615384615384615,0.038461538461538464,36,4,0.0,1,1,4669,36529.5,5,Married,0,0
3865,47,20981.0,73.0,7.0,10.428571428571429,0.42857142857142855,0.14285714285714285,14,8,0.0,0,0,4792,20981.0,2,Married,0,1
3867,77,73059.0,1095.0,26.0,42.11538461538461,0.34615384615384615,0.038461538461538464,36,4,0.0,1,1,4669,36529.5,5,Married,0,0
3870,46,63855.0,1006.0,24.0,41.916666666666664,0.2916666666666667,0.041666666666666664,28,4,0.0,0,0,4872,63855.0,2,Married,0,0
3878,44,31859.0,48.0,5.0,9.6,0.2,0.2,3,7,0.0,1,1,4489,15929.5,2,Single,0,0
3885,41,33569.0,63.0,5.0,12.6,0.2,0.2,10,8,0.2,1,1,4623,16784.5,5,Married,0,1
3887,54,27242.0,106.0,7.0,15.142857142857142,0.2857142857142857,0.2857142857142857,2,9,0.0,1,1,4962,13621.0,3,Single,0,1
3896,40,27255.0,37.0,5.0,7.4,0.2,0.2,3,7,0.0,1,1,4601,13627.5,3,Married,0,0
3900,52,65685.0,769.0,21.0,36.61904761904762,0.42857142857142855,0.047619047619047616,54,5,0.0,1,1,4459,32842.5,3,Married,0,0
3910,49,83829.0,1862.0,17.0,109.52941176470588,0.23529411764705882,0.0,78,1,0.6,0,0,4631,83829.0,3,Divorced,0,1
3916,53,49269.0,890.0,25.0,35.6,0.28,0.12,92,7,0.0,1,1,5050,24634.5,5,Married,0,0
3919,48,72309.0,1931.0,20.0,96.55,0.25,0.05,64,3,0.2,0,0,4842,72309.0,4,Single,0,1
3921,72,28457.0,205.0,10.0,20.5,0.4,0.1,96,8,0.0,0,0,4976,28457.0,2,Widow,0,0
3924,59,57912.0,916.0,28.0,32.714285714285715,0.2857142857142857,0.17857142857142858,34,5,0.2,1,1,4471,28956.0,5,Divorced,0,0
3933,44,44010.0,662.0,24.0,27.583333333333332,0.4166666666666667,0.25,46,9,0.0,1,1,4991,22005.0,3,Married,0,0
3934,58,61286.0,608.0,18.0,33.77777777777778,0.3888888888888889,0.1111111111111111,34,5,0.0,1,1,4698,30643.0,3,Married,0,0
3945,77,68117.0,930.0,25.0,37.2,0.44,0.08,80,6,0.2,1,1,4843,34058.5,5,Widow,0,1
3955,59,4861.0,6.0,0.0,0.0,0.0,0.0,20,14,0.0,0,0,4374,4861.0,3,Divorced,0,0
3967,53,78931.0,943.0,24.0,39.291666666666664,0.08333333333333333,0.041666666666666664,19,1,0.0,0,0,4614,78931.0,5,Married,0,0
3968,54,65706.0,1199.0,27.0,44.407407407407405,0.4074074074074074,0.037037037037037035,77,7,0.6,0,0,4733,65706.0,2,Divorced,0,1
3969,50,43018.0,133.0,7.0,19.0,0.2857142857142857,0.14285714285714285,46,5,0.0,1,1,4607,21509.0,4,Married,0,0
3972,48,50200.0,401.0,19.0,21.105263157894736,0.3684210526315789,0.3157894736842105,70,8,0.0,2,1,4819,16733.333333333332,3,Married,0,0
3979,41,90687.0,1779.0,17.0,104.6470588235294,0.35294117647058826,0.058823529411764705,98,2,0.2,0,0,4770,90687.0,5,Divorced,0,1
4001,78,64014.0,444.0,22.0,20.181818181818183,0.36363636363636365,0.3181818181818182,56,7,0.2,3,1,4386,16003.5,5,Married,0,0
4002,64,77037.0,1123.0,27.0,41.592592592592595,0.25925925925925924,0.037037037037037035,3,3,0.0,1,1,4626,38518.5,5,Married,0,0
4012,52,62220.0,1226.0,23.0,53.30434782608695,0.30434782608695654,0.21739130434782608,55,6,0.0,1,1,5054,31110.0,5,Married,0,1
4023,54,22979.0,115.0,10.0,11.5,0.3,0.3,29,8,0.0,1,1,5028,11489.5,3,Married,0,1
4037,48,31859.0,20.0,4.0,5.0,0.25,0.25,77,7,0.0,1,1,4747,15929.5,3,Divorced,0,0
4042,53,43300.0,180.0,11.0,16.363636363636363,0.36363636363636365,0.2727272727272727,87,8,0.0,1,1,4991,21650.0,3,Divorced,0,1
4047,70,65324.0,544.0,20.0,27.2,0.3,0.15,0,4,0.0,1,1,4536,32662.0,5,Married,0,0
4050,58,49605.0,127.0,8.0,15.875,0.25,0.125,65,3,0.0,0,0,4375,49605.0,4,Married,0,0
4055,32,18746.0,64.0,8.0,8.0,0.375,0.25,41,6,0.0,1,1,4398,9373.0,1,Single,0,0
4058,69,61284.0,811.0,22.0,36.86363636363637,0.5,0.045454545454545456,76,6,0.2,0,0,4627,61284.0,5,Single,0,0
4065,48,49544.0,404.0,16.0,25.25,0.3125,0.125,0,7,0.0,1,1,4869,24772.0,5,Married,0,0
4066,46,21282.0,46.0,7.0,6.571428571428571,0.2857142857142857,0.2857142857142857,76,6,0.0,1,1,4416,10641.0,2,Divorced,0,0
4070,55,94871.0,1078.0,18.0,59.888888888888886,0.4444444444444444,0.05555555555555555,99,7,0.4,2,1,5033,31623.666666666668,5,Married,0,1
4073,70,63564.0,1215.0,28.0,43.392857142857146,0.35714285714285715,0.03571428571428571,0,6,0.2,0,0,4518,63564.0,2,Married,0,1
4084,49,60934.0,873.0,23.0,37.95652173913044,0.2608695652173913,0.08695652173913043,41,4,0.0,1,1,4530,30467.0,3,Married,0,0
4086,65,18690.0,60.0,5.0,12.0,0.2,0.2,77,8,0.0,0,0,4915,18690.0,3,Married,0,0
4088,62,31497.0,155.0,10.0,15.5,0.3,0.2,22,8,0.0,1,1,4937,15748.5,5,Married,0,0
4093,49,53253.0,436.0,19.0,22.94736842105263,0.21052631578947367,0.3684210526315789,61,5,0.0,2,1,4870,17751.0,4,Married,0,0
4094,63,60544.0,289.0,15.0,19.266666666666666,0.3333333333333333,0.26666666666666666,92,6,0.0,2,1,5040,20181.333333333332,3,Married,0,0
4095,53,37150.0,467.0,21.0,22.238095238095237,0.19047619047619047,0.38095238095238093,80,7,0.0,1,1,5023,18575.0,3,Married,0,0
4096,56,41335.0,187.0,12.0,15.583333333333334,0.3333333333333333,0.25,24,7,0.0,1,1,4552,20667.5,4,Divorced,0,0
4098,51,24639.0,44.0,9.0,4.888888888888889,0.2222222222222222,0.3333333333333333,3,6,0.0,2,1,4519,8213.0,3,Married,0,0
4099,52,30675.0,62.0,5.0,12.4,0.2,0.2,14,8,0.0,1,1,4961,15337.5,3,Married,0,0
4102,49,37284.0,23.0,4.0,5.75,0.0,0.25,46,6,0.0,2,1,4824,12428.0,2,Married,0,0
4107,76,46681.0,425.0,16.0,26.5625,0.25,0.125,52,5,0.0,2,1,4631,15560.333333333334,5,Married,0,0
4114,60,79143.0,1693.0,29.0,58.37931034482759,0.20689655172413793,0.034482758620689655,2,3,0.0,0,0,5054,79143.0,4,Married,0,0
4119,61,38620.0,318.0,11.0,28.90909090909091,0.18181818181818182,0.09090909090909091,56,3,0.0,0,0,4781,38620.0,4,Married,0,0
4120,49,49514.0,369.0,13.0,28.384615384615383,0.46153846153846156,0.15384615384615385,61,7,0.0,1,1,4561,24757.0,2,Single,0,0
4122,49,79205.0,895.0,16.0,55.9375,0.375,0.0625,73,4,0.2,0,0,5036,79205.0,3,Married,0,1
4127,57,77766.0,1529.0,34.0,44.970588235294116,0.3235294117647059,0.058823529411764705,97,6,0.2,1,1,4859,38883.0,5,Married,0,1
4128,62,56067.0,725.0,20.0,36.25,0.35,0.1,51,5,0.0,1,1,4711,28033.5,5,Married,0,0
4136,32,7500.0,119.0,11.0,10.818181818181818,0.2727272727272727,0.36363636363636365,63,9,0.0,1,1,4940,3750.0,1,Single,0,0
4137,76,70666.0,1076.0,16.0,67.25,0.4375,0.0625,29,4,0.0,0,0,4572,70666.0,3,Married,0,0
4138,62,76624.0,899.0,23.0,39.08695652173913,0.21739130434782608,0.043478260869565216,68,1,0.2,1,1,4403,38312.0,3,Single,0,0
4141,59,71613.0,776.0,21.0,36.95238095238095,0.38095238095238093,0.047619047619047616,26,4,0.0,0,0,4679,71613.0,3,Married,0,0
4148,52,38988.0,348.0,19.0,18.31578947368421,0.2631578947368421,0.3684210526315789,90,8,0.0,3,1,5045,9747.0,3,Married,0,0
4149,76,76140.0,1348.0,21.0,64.19047619047619,0.23809523809523808,0.047619047619047616,57,2,0.0,0,0,4414,76140.0,5,Married,0,0
4168,58,37070.0,433.0,23.0,18.82608695652174,0.21739130434782608,0.391304347826087,30,7,0.0,2,1,4833,12356.666666666666,3,Single,0,1
4174,68,55249.0,130.0,8.0,16.25,0.25,0.125,81,3,0.0,1,1,4440,27624.5,4,Married,0,0
4179,65,24221.0,55.0,6.0,9.166666666666666,0.16666666666666666,0.16666666666666666,94,4,0.0,0,0,4680,24221.0,3,Married,0,0
4184,74,52157.0,265.0,12.0,22.083333333333332,0.25,0.16666666666666666,48,4,0.0,1,1,4389,26078.5,5,Married,0,0
4186,74,34026.0,76.0,9.0,8.444444444444445,0.2222222222222222,0.3333333333333333,11,5,0.0,2,1,4695,11342.0,3,Married,0,0
4188,67,36864.0,354.0,14.0,25.285714285714285,0.35714285714285715,0.21428571428571427,53,8,0.0,1,1,5052,18432.0,3,Single,0,1
4198,59,29672.0,25.0,4.0,6.25,0.0,0.25,6,6,0.0,2,1,4841,9890.666666666666,3,Married,0,0
4200,54,44159.0,275.0,15.0,18.333333333333332,0.26666666666666666,0.26666666666666666,85,5,0.0,1,1,4379,22079.5,4,Married,0,0
4201,62,57967.0,468.0,19.0,24.63157894736842,0.21052631578947367,0.2631578947368421,39,5,0.0,1,1,4850,28983.5,3,Single,0,0
4207,43,87171.0,1298.0,25.0,51.92,0.24,0.04,27,2,0.4,0,0,4791,87171.0,5,Married,0,0
4211,38,20425.0,57.0,7.0,8.142857142857142,0.2857142857142857,0.2857142857142857,5,7,0.0,1,1,4975,10212.5,1,Married,0,0
4216,43,91065.0,1474.0,26.0,56.69230769230769,0.2692307692307692,0.038461538461538464,33,3,0.4,0,0,4859,91065.0,3,Single,0,1
4220,54,59892.0,87.0,7.0,12.428571428571429,0.2857142857142857,0.14285714285714285,26,3,0.0,1,1,4606,29946.0,5,Married,0,0
4227,56,32889.0,55.0,9.0,6.111111111111111,0.2222222222222222,0.3333333333333333,78,5,0.0,2,1,4663,10963.0,4,Married,0,0
4240,46,17345.0,58.0,7.0,8.285714285714286,0.2857142857142857,0.2857142857142857,79,8,0.0,1,1,4970,8672.5,3,Married,0,0
4246,42,6560.0,373.0,2.0,186.5,0.5,0.0,2,17,0.0,0,0,4566,6560.0,4,Single,0,0
4248,64,98777.0,2008.0,19.0,105.6842105263158,0.21052631578947367,0.0,23,1,0.2,0,0,4499,98777.0,4,Single,0,0
4252,59,44375.0,301.0,12.0,25.083333333333332,0.3333333333333333,0.08333333333333333,73,5,0.0,1,1,4465,22187.5,3,Married,0,0
4259,38,19485.0,10.0,4.0,2.5,0.25,0.25,80,7,0.0,2,1,4645,6495.0,4,Single,0,0
4261,78,82800.0,1315.0,26.0,50.57692307692308,0.2692307692307692,0.038461538461538464,23,3,0.4,0,0,4949,82800.0,5,Single,0,1
4268,65,53154.0,158.0,9.0,17.555555555555557,0.3333333333333333,0.1111111111111111,50,4,0.0,1,1,4387,26577.0,3,Married,0,0
4271,35,38683.0,341.0,17.0,20.058823529411764,0.23529411764705882,0.35294117647058826,80,7,0.0,1,1,5000,19341.5,2,Married,0,0
4278,41,87188.0,1923.0,19.0,101.21052631578948,0.5263157894736842,0.05263157894736842,73,3,0.0,0,0,4758,87188.0,5,Single,0,1
4279,61,39548.0,54.0,7.0,7.714285714285714,0.14285714285714285,0.2857142857142857,87,3,0.0,2,1,4457,13182.666666666666,2,Single,0,0
4286,54,57642.0,679.0,22.0,30.863636363636363,0.3181818181818182,0.13636363636363635,24,4,0.2,1,1,4538,28821.0,5,Single,0,0
4290,52,30467.0,24.0,4.0,6.0,0.25,0.25,8,7,0.0,1,1,4469,15233.5,3,Married,0,0
4297,55,23228.0,40.0,7.0,5.714285714285714,0.2857142857142857,0.2857142857142857,71,8,0.0,1,1,4521,11614.0,3,Married,0,0
4298,51,20427.0,10.0,4.0,2.5,0.25,0.25,63,8,0.0,1,1,4464,10213.5,5,Married,0,0
4299,64,70971.0,1825.0,34.0,53.6764705882353,0.3235294117647059,0.20588235294117646,28,7,0.0,1,1,5013,35485.5,3,Married,0,1
4301,53,35178.0,59.0,5.0,11.8,0.2,0.2,10,7,0.2,1,1,4902,17589.0,4,Married,0,1
4303,67,6835.0,137.0,1.0,137.0,0.0,0.0,76,20,0.0,1,1,4935,3417.5,5,Married,0,0
4310,80,80589.0,1428.0,21.0,68.0,0.23809523809523808,0.047619047619047616,25,1,0.2,0,0,4525,80589.0,3,Married,0,1
4320,45,60152.0,943.0,23.0,41.0,0.2608695652173913,0.043478260869565216,6,3,0.0,1,1,4825,30076.0,3,Single,0,0
4322,66,77863.0,1291.0,20.0,64.55,0.2,0.05,20,2,0.0,0,0,4581,77863.0,5,Married,0,0
4324,35,42387.0,684.0,21.0,32.57142857142857,0.38095238095238093,0.23809523809523808,42,8,0.0,1,1,4975,21193.5,3,Married,0,0
4328,38,21955.0,55.0,8.0,6.875,0.25,0.25,81,6,0.0,1,1,4662,10977.5,2,Married,0,0
4329,40,18988.0,16.0,6.0,2.6666666666666665,0.16666666666666666,0.3333333333333333,43,7,0.0,1,1,4404,9494.0,5,Married,0,0
4331,46,85738.0,1371.0,21.0,65.28571428571429,0.14285714285714285,0.047619047619047616,41,1,0.4,0,0,4524,85738.0,4,Married,0,0
4333,70,32144.0,54.0,10.0,5.4,0.2,0.4,76,7,0.2,2,1,4465,10714.666666666666,3,Married,0,0
4338,41,39062.0,44.0,5.0,8.8,0.2,0.2,28,4,0.2,1,1,4463,19531.0,3,Single,0,0
4339,54,67353.0,913.0,28.0,32.607142857142854,0.17857142857142858,0.17857142857142858,37,2,0.0,1,1,4547,33676.5,5,Married,0,0
4345,60,51381.5,21.0,4.0,5.25,0.25,0.25,49,7,0.0,2,1,4535,17127.166666666668,2,Single,0,0
4351,69,37244.0,55.0,5.0,11.0,0.2,0.2,90,7,0.2,2,1,4795,12414.666666666666,3,Divorced,0,0
4356,53,71819.0,1574.0,14.0,112.42857142857143,0.21428571428571427,0.21428571428571427,70,6,0.4,1,1,4672,35909.5,3,Married,0,0
4368,44,47850.0,134.0,8.0,16.75,0.375,0.125,72,6,0.0,1,1,4575,23925.0,3,Married,0,0
4369,67,65487.0,1169.0,17.0,68.76470588235294,0.17647058823529413,0.17647058823529413,48,2,0.0,0,0,4537,65487.0,4,Single,0,0
4370,58,43482.0,88.0,9.0,9.777777777777779,0.2222222222222222,0.3333333333333333,83,6,0.0,3,1,4595,10870.5,3,Married,0,0
4376,64,32218.0,93.0,7.0,13.285714285714286,0.2857142857142857,0.14285714285714285,27,7,0.2,0,0,4501,32218.0,2,Single,0,1
4377,53,52914.0,575.0,15.0,38.333333333333336,0.4666666666666667,0.13333333333333333,32,7,0.2,1,1,4905,26457.0,3,Married,0,0
4381,53,46463.0,235.0,17.0,13.823529411764707,0.17647058823529413,0.4117647058823529,56,6,0.0,2,1,4682,15487.666666666666,5,Married,0,0
4385,43,36038.0,47.0,8.0,5.875,0.375,0.25,82,6,0.0,1,1,4761,18019.0,5,Single,0,0
4390,70,75315.0,841.0,23.0,36.56521739130435,0.21739130434782608,0.08695652173913043,14,2,0.0,1,1,4442,37657.5,3,Married,0,0
4391,56,63841.0,908.0,22.0,41.27272727272727,0.4090909090909091,0.045454545454545456,64,6,0.0,1,1,4801,31920.5,4,Divorced,0,0
4394,59,81051.0,1501.0,23.0,65.26086956521739,0.21739130434782608,0.043478260869565216,43,2,0.4,0,0,4404,81051.0,5,Married,0,0
4399,55,68695.0,1091.0,16.0,68.1875,0.25,0.0625,3,2,0.0,0,0,4371,68695.0,3,Married,0,0
4405,68,63915.0,789.0,23.0,34.30434782608695,0.2608695652173913,0.08695652173913043,2,5,0.0,2,1,4701,21305.0,4,Married,0,0
4406,54,67419.0,1471.0,25.0,58.84,0.36,0.16,29,5,0.0,1,1,4896,33709.5,3,Married,0,0
4415,63,16860.0,38.0,8.0,4.75,0.125,0.375,19,7,0.0,2,1,5022,5620.0,3,Married,0,0
4418,41,89616.0,1644.0,25.0,65.76,0.28,0.04,36,2,0.0,0,0,4856,89616.0,4,Single,0,1
4426,49,55801.0,527.0,21.0,25.095238095238095,0.3333333333333333,0.2857142857142857,35,7,0.2,2,1,4647,18600.333333333332,3,Single,0,0
4427,29,83257.0,1365.0,28.0,48.75,0.17857142857142858,0.03571428571428571,56,6,0.4,0,0,5016,83257.0,2,Single,1,1
4432,48,31615.0,51.0,7.0,7.285714285714286,0.2857142857142857,0.2857142857142857,82,7,0.0,1,1,4837,15807.5,3,Divorced,0,0
4436,48,20180.0,137.0,8.0,17.125,0.25,0.125,27,7,0.0,0,0,4861,20180.0,3,Single,0,0
4437,62,65316.0,260.0,12.0,21.666666666666668,0.25,0.16666666666666666,65,4,0.0,2,1,4798,21772.0,3,Married,0,0
4440,60,64100.0,546.0,18.0,30.333333333333332,0.4444444444444444,0.05555555555555555,93,7,0.2,1,1,4659,32050.0,4,Married,0,0
4442,63,46524.0,177.0,9.0,19.666666666666668,0.1111111111111111,0.2222222222222222,70,3,0.0,1,1,4817,23262.0,3,Single,0,0
4444,52,30023.0,61.0,6.0,10.166666666666666,0.3333333333333333,0.16666666666666666,28,8,0.0,1,1,4464,15011.5,3,Married,0,0
4452,67,50388.0,372.0,17.0,21.88235294117647,0.35294117647058826,0.23529411764705882,3,7,0.4,1,1,4399,25194.0,3,Single,0,1
4459,35,30279.0,37.0,5.0,7.4,0.2,0.2,13,8,0.0,1,1,4913,15139.5,3,Single,0,0
4470,62,58646.0,140.0,8.0,17.5,0.25,0.125,3,4,0.0,1,1,4751,29323.0,4,Married,0,0
4472,54,35682.0,57.0,6.0,9.5,0.16666666666666666,0.16666666666666666,34,2,0.0,1,1,4369,17841.0,5,Divorced,0,0
4475,75,69098.0,2440.0,25.0,97.6,0.28,0.04,82,5,0.0,0,0,4865,69098.0,5,Married,0,0
4477,66,69096.0,653.0,18.0,36.27777777777778,0.2777777777777778,0.05555555555555555,4,4,0.0,1,1,4642,34548.0,3,Married,0,0
4478,45,63777.0,653.0,26.0,25.115384615384617,0.4230769230769231,0.3076923076923077,87,8,0.0,2,1,4829,21259.0,3,Married,0,0
4480,51,60432.0,401.0,19.0,21.105263157894736,0.3684210526315789,0.2631578947368421,61,6,0.0,1,1,4479,30216.0,4,Married,0,0
4483,31,72354.0,1228.0,19.0,64.63157894736842,0.10526315789473684,0.05263157894736842,67,1,0.0,0,0,4805,72354.0,3,Single,0,0
4487,55,39858.0,95.0,7.0,13.571428571428571,0.2857142857142857,0.14285714285714285,67,6,0.0,1,1,4888,19929.0,4,Single,0,1
4491,75,62845.0,1178.0,28.0,42.07142857142857,0.10714285714285714,0.39285714285714285,3,8,0.2,2,1,5003,20948.333333333332,4,Married,0,0
4500,33,68682.0,1598.0,24.0,66.58333333333333,0.16666666666666666,0.041666666666666664,56,2,0.0,0,0,4633,68682.0,5,Married,0,0
4501,59,69882.0,1478.0,20.0,73.9,0.15,0.05,94,1,0.0,0,0,4598,69882.0,4,Single,0,0
4507,72,72228.0,1250.0,22.0,56.81818181818182,0.2727272727272727,0.045454545454545456,87,3,0.0,0,0,4946,72228.0,3,Single,0,0
4508,72,75127.0,833.0,19.0,43.8421052631579,0.10526315789473684,0.05263157894736842,92,1,0.0,0,0,4405,75127.0,3,Single,0,0
4518,45,85693.0,1169.0,27.0,43.2962962962963,0.3333333333333333,0.07407407407407407,59,5,0.0,1,1,4802,42846.5,3,Married,0,0
4530,76,78427.0,1930.0,23.0,83.91304347826087,0.13043478260869565,0.13043478260869565,36,3,0.2,0,0,4980,78427.0,4,Widow,0,1
4541,69,38946.0,257.0,12.0,21.416666666666668,0.25,0.16666666666666666,84,5,0.0,1,1,4615,19473.0,3,Married,0,0
4543,44,82497.0,1919.0,19.0,101.0,0.10526315789473684,0.05263157894736842,32,4,0.2,0,0,4973,82497.0,3,Married,0,0
4547,64,13672.0,25.0,6.0,4.166666666666667,0.16666666666666666,0.3333333333333333,86,8,0.0,2,1,4805,4557.333333333333,3,Married,0,0
4548,43,41967.0,54.0,5.0,10.8,0.2,0.2,66,4,0.0,2,1,4585,13989.0,3,Single,0,0
4550,58,33564.0,71.0,6.0,11.833333333333334,0.16666666666666666,0.16666666666666666,51,5,0.0,1,1,4372,16782.0,4,Married,0,0
4552,33,51373.0,393.0,12.0,32.75,0.25,0.08333333333333333,37,4,0.0,0,0,4739,51373.0,3,Married,0,0
4554,59,47009.0,448.0,17.0,26.352941176470587,0.17647058823529413,0.23529411764705882,89,4,0.0,1,1,4638,23504.5,3,Married,0,0
4557,54,22070.0,67.0,8.0,8.375,0.25,0.25,11,6,0.0,1,1,4635,11035.0,3,Married,0,0
4580,55,75759.0,2486.0,26.0,95.61538461538461,0.34615384615384615,0.038461538461538464,46,5,0.6,0,0,4614,75759.0,3,Married,0,1
4587,80,45006.0,266.0,12.0,22.166666666666668,0.25,0.08333333333333333,90,3,0.0,0,0,4713,45006.0,4,Widow,0,0
4597,54,82072.0,2018.0,19.0,106.21052631578948,0.15789473684210525,0.05263157894736842,67,1,0.0,0,0,4729,82072.0,5,Married,0,0
4599,48,49681.0,458.0,21.0,21.80952380952381,0.3333333333333333,0.2857142857142857,66,7,0.0,2,1,4604,16560.333333333332,4,Married,0,0
4603,64,65695.0,656.0,21.0,31.238095238095237,0.23809523809523808,0.09523809523809523,50,4,0.0,1,1,4516,32847.5,5,Married,0,0
4607,65,71367.0,777.0,17.0,45.705882352941174,0.23529411764705882,0.058823529411764705,24,2,0.0,0,0,4677,71367.0,3,Married,0,0
4608,37,81361.0,778.0,27.0,28.814814814814813,0.1111111111111111,0.037037037037037035,18,1,0.0,0,0,4491,81361.0,3,Divorced,0,1
4609,58,57705.0,486.0,18.0,27.0,0.4444444444444444,0.16666666666666666,14,6,0.0,1,1,4536,28852.5,5,Married,0,0
4611,54,105471.0,1724.0,30.0,57.46666666666667,0.3,0.0,36,3,0.4,0,0,4891,105471.0,3,Married,0,1
4619,79,113734.0,277.0,27.0,10.25925925925926,1.0,0.0,9,1,0.0,0,0,4399,113734.0,5,Single,0,0
4637,70,74637.0,1650.0,25.0,66.0,0.24,0.04,73,3,0.2,0,0,4774,74637.0,5,Single,0,0
4640,57,70647.0,1079.0,26.0,41.5,0.15384615384615385,0.07692307692307693,65,2,0.0,1,1,5013,35323.5,3,Divorced,0,0
4643,51,27803.0,176.0,9.0,19.555555555555557,0.3333333333333333,0.2222222222222222,40,8,0.0,1,1,5039,13901.5,3,Married,0,0
4646,73,78497.0,978.0,25.0,39.12,0.2,0.04,44,2,0.2,0,0,4577,78497.0,2,Married,0,0
4653,46,42011.0,189.0,12.0,15.75,0.25,0.3333333333333333,46,8,0.0,1,1,4827,21005.5,3,Married,0,0
4654,32,75114.0,1253.0,19.0,65.94736842105263,0.15789473684210525,0.05263157894736842,40,2,0.0,0,0,4601,75114.0,3,Married,0,0
4656,34,51250.0,710.0,24.0,29.583333333333332,0.4166666666666667,0.20833333333333334,28,9,0.2,1,1,4823,25625.0,2,Single,0,0
4669,43,24480.0,102.0,10.0,10.2,0.3,0.3,46,7,0.0,1,1,4870,12240.0,1,Married,0,0
4673,61,81300.0,1241.0,21.0,59.095238095238095,0.47619047619047616,0.14285714285714285,17,5,0.2,1,1,4974,40650.0,5,Married,0,1
4676,73,73705.0,1695.0,25.0,67.8,0.36,0.08,86,5,0.0,2,1,4483,24568.333333333332,4,Widow,0,0
4679,47,78710.0,1092.0,28.0,39.0,0.25,0.10714285714285714,42,4,0.0,1,1,4404,39355.0,4,Married,0,0
4682,66,51876.0,310.0,13.0,23.846153846153847,0.15384615384615385,0.07692307692307693,88,1,0.0,0,0,4624,51876.0,3,Married,0,0
4686,62,82571.0,1686.0,24.0,70.25,0.25,0.0,28,2,0.2,0,0,4455,82571.0,5,Widow,0,0
4687,66,80739.0,1633.0,24.0,68.04166666666667,0.125,0.041666666666666664,92,1,0.0,0,0,4769,80739.0,4,Married,0,0
4690,71,50725.0,586.0,21.0,27.904761904761905,0.38095238095238093,0.19047619047619047,45,8,0.0,1,1,4868,25362.5,3,Married,0,0
4692,48,7500.0,71.0,12.0,5.916666666666667,0.3333333333333333,0.4166666666666667,19,9,0.2,1,1,5064,3750.0,3,Married,0,1
4697,75,35416.0,390.0,16.0,24.375,0.4375,0.1875,62,8,0.0,0,0,4748,35416.0,4,Divorced,0,0
4698,41,50150.0,410.0,16.0,25.625,0.3125,0.125,32,5,0.0,0,0,4741,50150.0,5,Married,0,0
4702,60,61839.0,1895.0,17.0,111.47058823529412,0.23529411764705882,0.058823529411764705,20,8,0.0,0,0,5053,61839.0,3,Single,0,0
4706,58,34704.0,40.0,5.0,8.0,0.2,0.2,65,5,0.0,1,1,4795,17352.0,3,Single,0,0
4712,33,20193.0,82.0,7.0,11.714285714285714,0.14285714285714285,0.14285714285714285,18,4,0.0,0,0,4945,20193.0,2,Married,0,0
4713,45,31605.0,125.0,9.0,13.88888888888889,0.2222222222222222,0.2222222222222222,15,7,0.0,1,1,4951,15802.5,5,Married,0,0
4725,74,50616.0,67.0,7.0,9.571428571428571,0.14285714285714285,0.14285714285714285,71,2,0.0,1,1,4444,25308.0,5,Married,0,0
4741,50,65463.0,562.0,19.0,29.57894736842105,0.3157894736842105,0.10526315789473684,17,5,0.2,1,1,4517,32731.5,2,Married,0,0
4743,55,56242.0,971.0,28.0,34.67857142857143,0.2857142857142857,0.17857142857142858,72,6,0.0,1,1,4850,28121.0,5,Married,0,0
4749,56,58554.0,586.0,22.0,26.636363636363637,0.36363636363636365,0.2727272727272727,55,7,0.0,2,1,5008,19518.0,3,Married,0,0
4754,58,33585.0,122.0,7.0,17.428571428571427,0.2857142857142857,0.14285714285714285,91,4,0.0,1,1,4644,16792.5,4,Married,0,0
4756,72,63998.0,1168.0,25.0,46.72,0.28,0.04,42,4,0.0,0,0,4558,63998.0,2,Divorced,0,1
4764,72,40442.0,169.0,12.0,14.083333333333334,0.25,0.3333333333333333,52,7,0.0,2,1,5046,13480.666666666666,4,Married,0,1
4767,59,70924.0,1363.0,20.0,68.15,0.3,0.05,41,3,0.2,0,0,4450,70924.0,2,Married,0,0
4769,47,57954.0,493.0,23.0,21.434782608695652,0.34782608695652173,0.30434782608695654,52,7,0.2,2,1,4378,19318.0,4,Married,0,0
4785,54,77622.0,714.0,22.0,32.45454545454545,0.2727272727272727,0.09090909090909091,3,3,0.0,2,1,4443,25874.0,5,Married,0,0
4786,47,75330.0,1109.0,29.0,38.241379310344826,0.3448275862068966,0.13793103448275862,94,6,0.0,2,1,5000,25110.0,3,Married,0,0
4789,71,80812.0,1677.0,18.0,93.16666666666667,0.2222222222222222,0.05555555555555555,95,2,0.6,0,0,4652,80812.0,3,Married,0,0
4790,66,79803.0,868.0,13.0,66.76923076923077,0.3076923076923077,0.07692307692307693,54,1,0.0,1,1,4394,39901.5,3,Divorced,0,0
4791,44,44964.0,41.0,5.0,8.2,0.2,0.2,35,8,0.0,2,1,4927,14988.0,3,Married,0,0
4796,72,49638.0,39.0,5.0,7.8,0.2,0.2,71,2,0.0,1,1,4438,24819.0,3,Divorced,0,0
4808,68,15759.0,17.0,4.0,4.25,0.25,0.25,12,7,0.0,0,0,4664,15759.0,3,Married,0,0
4817,68,22304.0,18.0,4.0,4.5,0.25,0.25,91,8,0.0,0,0,5061,22304.0,3,Divorced,0,0
4827,68,54998.0,455.0,20.0,22.75,0.2,0.25,3,4,0.0,1,1,4843,27499.0,5,Single,0,1
4828,70,79865.0,792.0,21.0,37.714285714285715,0.23809523809523808,0.047619047619047616,12,1,0.0,1,1,4378,39932.5,3,Divorced,0,0
4832,45,27244.0,101.0,8.0,12.625,0.25,0.25,84,7,0.0,1,1,4481,13622.0,3,Married,0,0
4837,59,71322.0,1305.0,28.0,46.607142857142854,0.2857142857142857,0.07142857142857142,57,4,0.0,1,1,4865,35661.0,5,Married,0,0
4838,46,22775.0,15.0,4.0,3.75,0.25,0.25,40,8,0.0,1,1,4742,11387.5,3,Married,0,0
4843,72,75127.0,833.0,19.0,43.8421052631579,0.10526315789473684,0.05263157894736842,92,1,0.0,0,0,4405,75127.0,3,Single,0,0
4855,50,30351.0,46.0,6.0,7.666666666666667,0.5,0.16666666666666666,19,9,0.0,1,1,4755,15175.5,5,Married,0,1
4856,67,82347.0,1853.0,25.0,74.12,0.28,0.04,38,3,0.4,0,0,4967,82347.0,2,Married,0,0
4860,54,24206.0,25.0,5.0,5.0,0.2,0.2,66,6,0.0,1,1,4845,12103.0,3,Single,0,0
4864,47,34380.0,175.0,12.0,14.583333333333334,0.3333333333333333,0.3333333333333333,68,8,0.0,1,1,4790,17190.0,3,Married,0,0
4865,50,53367.0,400.0,21.0,19.047619047619047,0.23809523809523808,0.3333333333333333,2,7,0.0,2,1,4669,17789.0,4,Divorced,0,1
4867,56,38236.0,88.0,11.0,8.0,0.2727272727272727,0.36363636363636365,2,7,0.0,2,1,4649,12745.333333333334,5,Single,0,0
4877,51,38576.0,41.0,5.0,8.2,0.2,0.2,2,7,0.0,1,1,4484,19288.0,4,Married,0,0
4887,48,55412.0,63.0,6.0,10.5,0.3333333333333333,0.16666666666666666,65,5,0.0,2,1,4586,18470.666666666668,5,Divorced,0,0
4910,57,68743.0,2074.0,30.0,69.13333333333334,0.36666666666666664,0.03333333333333333,81,7,0.0,0,0,5035,68743.0,3,Divorced,0,0
4915,68,53230.0,732.0,23.0,31.82608695652174,0.21739130434782608,0.17391304347826086,86,5,0.0,1,1,5062,26615.0,2,Married,0,0
4927,53,16626.0,68.0,9.0,7.555555555555555,0.3333333333333333,0.3333333333333333,76,9,0.0,2,1,4532,5542.0,3,Married,0,0
4931,47,157146.0,1730.0,28.0,61.785714285714285,0.0,0.0,13,1,0.0,0,0,4793,157146.0,3,Married,0,0
4937,51,46094.0,44.0,5.0,8.8,0.2,0.2,62,7,0.0,2,1,4386,15364.666666666666,2,Married,0,0
4939,78,37760.0,317.0,13.0,24.384615384615383,0.3076923076923077,0.15384615384615385,20,7,0.0,0,0,5034,37760.0,3,Married,0,0
4943,71,70503.0,1727.0,16.0,107.9375,0.125,0.0625,73,6,0.4,0,0,5004,70503.0,3,Married,0,0
4944,65,71367.0,777.0,17.0,45.705882352941174,0.23529411764705882,0.058823529411764705,24,2,0.0,0,0,4677,71367.0,3,Married,0,0
4945,71,53653.0,1210.0,28.0,43.214285714285715,0.35714285714285715,0.07142857142857142,29,6,0.0,0,0,4966,53653.0,3,Widow,0,0
4947,58,89572.0,2059.0,24.0,85.79166666666667,0.2916666666666667,0.041666666666666664,44,4,0.4,0,0,5019,89572.0,2,Single,0,1
4954,68,48195.0,265.0,17.0,15.588235294117647,0.23529411764705882,0.35294117647058826,53,6,0.0,2,1,4526,16065.0,3,Married,0,0
4961,50,21255.0,61.0,11.0,5.545454545454546,0.18181818181818182,0.36363636363636365,56,4,0.0,1,1,4526,10627.5,4,Married,0,0
4964,66,74250.0,1158.0,18.0,64.33333333333333,0.1111111111111111,0.05555555555555555,90,1,0.0,0,0,4521,74250.0,5,Married,0,0
4967,64,38201.0,268.0,15.0,17.866666666666667,0.3333333333333333,0.26666666666666666,19,8,0.0,1,1,4824,19100.5,5,Married,0,0
4971,62,31497.0,155.0,10.0,15.5,0.3,0.2,22,8,0.0,1,1,4937,15748.5,5,Married,0,0
4973,54,20587.0,25.0,5.0,5.0,0.2,0.2,39,7,0.0,1,1,4416,10293.5,3,Single,0,0
4974,54,83273.0,1392.0,29.0,48.0,0.13793103448275862,0.3448275862068966,98,7,0.0,3,1,5009,20818.25,3,Single,0,0
4988,76,34469.0,62.0,9.0,6.888888888888889,0.1111111111111111,0.3333333333333333,58,4,0.0,2,1,4423,11489.666666666666,5,Married,0,0
4990,70,59111.0,869.0,21.0,41.38095238095238,0.5238095238095238,0.047619047619047616,90,7,0.0,0,0,4790,59111.0,3,Married,0,0
4992,49,17459.0,69.0,9.0,7.666666666666667,0.3333333333333333,0.3333333333333333,12,7,0.0,1,1,4650,8729.5,4,Married,0,1
4994,81,77598.0,1735.0,26.0,66.73076923076923,0.2692307692307692,0.038461538461538464,53,3,0.2,0,0,4638,77598.0,4,Single,0,0
4998,62,76081.0,1033.0,14.0,73.78571428571429,0.2857142857142857,0.07142857142857142,85,2,0.2,0,0,4404,76081.0,3,Married,0,0
5010,36,25008.0,34.0,6.0,5.666666666666667,0.16666666666666666,0.3333333333333333,72,8,0.0,1,1,4514,12504.0,3,Single,0,0
5011,61,68118.0,928.0,23.0,40.34782608695652,0.34782608695652173,0.08695652173913043,51,6,0.0,1,1,4621,34059.0,3,Divorced,0,0
5012,35,28691.0,34.0,5.0,6.8,0.2,0.2,56,8,0.0,1,1,4727,14345.5,3,Married,0,0
5015,48,34529.0,162.0,9.0,18.0,0.2222222222222222,0.2222222222222222,94,7,0.0,1,1,5020,17264.5,4,Married,0,0
5025,45,48526.0,135.0,8.0,16.875,0.25,0.125,32,3,0.0,1,1,4554,24263.0,3,Single,0,0
5029,78,18100.0,14.0,4.0,3.5,0.0,0.25,14,5,0.0,0,0,4694,18100.0,3,Married,0,0
5031,50,83145.0,1833.0,26.0,70.5,0.19230769230769232,0.038461538461538464,14,2,0.2,0,0,5012,83145.0,3,Married,0,1
5036,40,42710.0,406.0,14.0,29.0,0.2857142857142857,0.14285714285714285,38,6,0.0,1,1,4945,21355.0,5,Single,0,0
5043,73,26997.0,434.0,13.0,33.38461538461539,0.3076923076923077,0.15384615384615385,89,7,0.0,0,0,4968,26997.0,1,Married,0,0
5046,66,78331.0,1638.0,25.0,65.52,0.4,0.08,97,4,0.0,1,1,4524,39165.5,3,Divorced,0,0
5048,53,42767.0,131.0,7.0,18.714285714285715,0.42857142857142855,0.14285714285714285,53,8,0.0,2,1,4781,14255.666666666666,5,Single,0,0
5049,50,30351.0,46.0,6.0,7.666666666666667,0.5,0.16666666666666666,19,9,0.0,1,1,4755,15175.5,5,Married,0,0
5057,63,61794.0,611.0,20.0,30.55,0.2,0.1,74,2,0.0,1,1,4655,30897.0,4,Married,0,0
5062,61,54072.0,39.0,5.0,7.8,0.4,0.2,71,8,0.0,2,1,4704,18024.0,5,Married,0,0
5063,47,28769.0,191.0,12.0,15.916666666666666,0.3333333333333333,0.25,76,9,0.0,1,1,4925,14384.5,3,Single,0,0
5067,30,80134.0,1378.0,21.0,65.61904761904762,0.09523809523809523,0.047619047619047616,11,5,0.8,0,0,4502,80134.0,3,Married,0,0
5068,53,22804.0,26.0,5.0,5.2,0.4,0.2,75,9,0.0,1,1,4700,11402.0,3,Single,0,0
5074,38,28072.0,47.0,5.0,9.4,0.2,0.2,10,7,0.0,1,1,4723,14036.0,4,Married,0,0
5077,45,77298.0,969.0,24.0,40.375,0.25,0.041666666666666664,46,3,0.0,1,1,4606,38649.0,3,Married,0,0
5079,53,51381.5,97.0,10.0,9.7,0.2,0.4,82,8,0.0,2,1,4850,17127.166666666668,3,Married,0,0
5080,31,70515.0,1258.0,17.0,74.0,0.35294117647058826,0.058823529411764705,12,2,0.0,0,0,4618,70515.0,3,Single,0,1
5081,57,47821.0,47.0,5.0,9.4,0.2,0.2,54,8,0.0,2,1,4619,15940.333333333334,2,Married,0,0
5084,49,58330.0,1064.0,24.0,44.333333333333336,0.25,0.041666666666666664,87,4,0.0,1,1,4553,29165.0,3,Widow,0,0
5092,75,51569.0,467.0,19.0,24.57894736842105,0.3684210526315789,0.21052631578947367,39,8,0.2,1,1,4869,25784.5,5,Widow,0,1
5093,50,25509.0,101.0,9.0,11.222222222222221,0.3333333333333333,0.3333333333333333,15,9,0.0,1,1,5016,12754.5,5,Divorced,0,1
5107,51,35860.0,49.0,6.0,8.166666666666666,0.16666666666666666,0.3333333333333333,37,5,0.2,2,1,4408,11953.333333333334,5,Divorced,0,0
5113,53,86979.0,1702.0,16.0,106.375,0.3125,0.0625,67,2,0.2,0,0,4601,86979.0,5,Divorced,0,1
5114,59,74806.0,965.0,16.0,60.3125,0.3125,0.125,1,4,0.0,1,1,4924,37403.0,4,Married,0,0
5117,61,32632.0,576.0,18.0,32.0,0.2222222222222222,0.1111111111111111,32,5,0.0,0,0,5063,32632.0,2,Married,0,0
5120,42,66664.0,1289.0,19.0,67.84210526315789,0.2631578947368421,0.05263157894736842,78,3,0.0,0,0,5009,66664.0,2,Married,0,0
5121,47,56628.0,761.0,20.0,38.05,0.35,0.1,30,5,0.2,1,1,4467,28314.0,3,Single,0,0
5123,73,27450.0,143.0,7.0,20.428571428571427,0.2857142857142857,0.14285714285714285,57,7,0.0,0,0,4807,27450.0,4,Married,0,0
5125,64,79530.0,1348.0,26.0,51.84615384615385,0.15384615384615385,0.038461538461538464,64,2,0.0,0,0,4775,79530.0,3,Married,0,0
5136,51,65333.0,798.0,28.0,28.5,0.32142857142857145,0.25,58,6,0.4,1,1,4530,32666.5,3,Single,0,0
5138,74,28320.0,43.0,5.0,8.6,0.2,0.2,68,8,0.0,1,1,4898,14160.0,3,Married,0,0
5140,39,64355.0,1445.0,21.0,68.80952380952381,0.19047619047619047,0.09523809523809523,66,8,0.0,1,1,5041,32177.5,5,Married,0,0
5147,76,90842.0,1424.0,27.0,52.74074074074074,0.14814814814814814,0.037037037037037035,57,1,0.0,0,0,4702,90842.0,3,Single,0,0
5150,45,20194.0,47.0,7.0,6.714285714285714,0.2857142857142857,0.2857142857142857,64,6,0.0,1,1,4926,10097.0,1,Single,0,0
5153,57,77766.0,1529.0,34.0,44.970588235294116,0.3235294117647059,0.058823529411764705,97,6,0.2,1,1,4859,38883.0,5,Married,0,1
5154,52,37760.0,54.0,6.0,9.0,0.3333333333333333,0.16666666666666666,54,6,0.0,1,1,4689,18880.0,4,Divorced,0,0
5156,54,62466.0,889.0,26.0,34.19230769230769,0.23076923076923078,0.19230769230769232,13,4,0.0,1,1,4532,31233.0,2,Married,0,0
5172,48,65104.0,1053.0,17.0,61.94117647058823,0.17647058823529413,0.11764705882352941,4,7,0.0,1,1,4594,32552.0,4,Married,0,0
5176,36,29604.0,53.0,5.0,10.6,0.2,0.2,88,9,0.2,1,1,4570,14802.0,3,Married,0,0
5177,50,58494.0,396.0,16.0,24.75,0.375,0.125,56,6,0.0,1,1,4566,29247.0,4,Married,0,0
5180,56,50616.0,149.0,10.0,14.9,0.4,0.2,56,7,0.0,1,1,4439,25308.0,5,Divorced,0,0
5181,42,24367.0,24.0,4.0,6.0,0.25,0.25,58,9,0.0,1,1,4833,12183.5,1,Single,0,0
5184,29,34824.0,23.0,4.0,5.75,0.25,0.25,65,6,0.0,0,0,4462,34824.0,3,Single,0,0
5185,69,74268.0,892.0,13.0,68.61538461538461,0.3076923076923077,0.07692307692307693,83,2,0.0,0,0,4867,74268.0,3,Married,0,0
5186,69,58482.0,731.0,22.0,33.22727272727273,0.3181818181818182,0.09090909090909091,59,6,0.2,1,1,4476,29241.0,5,Married,0,0
5204,53,74538.0,1461.0,22.0,66.4090909090909,0.36363636363636365,0.045454545454545456,21,3,0.2,0,0,4732,74538.0,3,Married,0,1
5207,61,53378.0,793.0,29.0,27.344827586206897,0.3103448275862069,0.3448275862068966,41,8,0.0,2,1,5010,17792.666666666668,5,Married,0,1
5209,70,50002.0,638.0,19.0,33.578947368421055,0.42105263157894735,0.10526315789473684,21,7,0.0,1,1,4744,25001.0,3,Divorced,0,0
5221,67,52852.0,879.0,26.0,33.80769230769231,0.38461538461538464,0.15384615384615385,93,8,0.2,1,1,4942,26426.0,3,Married,0,0
5223,58,45903.0,66.0,8.0,8.25,0.25,0.25,80,4,0.0,1,1,4434,22951.5,4,Married,0,0
5229,55,54132.0,42.0,5.0,8.4,0.2,0.2,81,7,0.0,1,1,4500,27066.0,5,Married,0,0
5231,50,45894.0,51.0,5.0,10.2,0.2,0.2,15,5,0.0,2,1,4489,15298.0,2,Married,0,0
5232,59,69139.0,227.0,11.0,20.636363636363637,0.36363636363636365,0.09090909090909091,23,4,0.0,1,1,4520,34569.5,3,Married,0,0
5234,57,30753.0,81.0,7.0,11.571428571428571,0.14285714285714285,0.2857142857142857,85,5,0.0,2,1,4720,10251.0,2,Married,0,0
5236,45,77568.0,2194.0,21.0,104.47619047619048,0.47619047619047616,0.047619047619047616,30,5,0.6,1,1,5040,38784.0,3,Married,0,0
5237,74,48767.0,63.0,9.0,7.0,0.2222222222222222,0.3333333333333333,79,5,0.0,3,1,4546,12191.75,5,Single,0,0
5247,69,38725.0,45.0,7.0,6.428571428571429,0.14285714285714285,0.2857142857142857,52,4,0.0,2,1,4417,12908.333333333334,5,Married,0,0
5250,81,51381.5,1564.0,22.0,71.0909090909091,0.22727272727272727,0.045454545454545456,75,1,0.2,0,0,4609,51381.5,4,Widow,0,1
5252,55,23910.0,67.0,6.0,11.166666666666666,0.3333333333333333,0.16666666666666666,80,7,0.0,1,1,4978,11955.0,3,Divorced,0,0
5253,68,54603.0,227.0,16.0,14.1875,0.25,0.375,85,7,0.0,2,1,4722,18201.0,4,Married,0,0
5255,38,51381.5,637.0,27.0,23.59259259259259,1.0,0.0,19,1,0.0,1,1,4861,25690.75,3,Single,0,0
5263,47,31056.0,55.0,5.0,11.0,0.2,0.2,99,8,0.0,1,1,4890,15528.0,2,Married,0,0
5267,54,33986.0,44.0,5.0,8.8,0.2,0.2,43,7,0.0,1,1,4839,16993.0,3,Divorced,0,0
5268,64,29440.0,56.0,7.0,8.0,0.14285714285714285,0.2857142857142857,95,7,0.0,2,1,4689,9813.333333333334,3,Married,0,0
5272,59,53843.0,562.0,20.0,28.1,0.4,0.2,64,7,0.0,1,1,4734,26921.5,4,Married,0,0
5278,60,82224.0,902.0,21.0,42.95238095238095,0.2857142857142857,0.047619047619047616,83,3,0.2,0,0,4522,82224.0,3,Married,0,0
5283,48,42473.0,144.0,10.0,14.4,0.2,0.3,72,5,0.0,2,1,4499,14157.666666666666,5,Single,0,0
5286,37,41020.0,217.0,10.0,21.7,0.3,0.1,68,3,0.0,0,0,4611,41020.0,4,Single,0,0
5287,51,34961.0,79.0,10.0,7.9,0.3,0.3,77,7,0.0,1,1,4377,17480.5,3,Married,0,0
5289,49,41658.0,72.0,6.0,12.0,0.16666666666666666,0.3333333333333333,30,4,0.0,2,1,4964,13886.0,2,Single,0,0
5290,60,41551.0,279.0,16.0,17.4375,0.3125,0.3125,51,8,0.0,2,1,4686,13850.333333333334,5,Married,0,0
5294,35,18358.0,57.0,10.0,5.7,0.3,0.3,49,7,0.0,1,1,4588,9179.0,3,Single,0,0
5299,54,69084.0,1586.0,25.0,63.44,0.28,0.08,43,8,0.0,1,1,4589,34542.0,5,Married,0,0
5300,51,38961.0,70.0,6.0,11.666666666666666,0.3333333333333333,0.16666666666666666,60,7,0.0,1,1,4548,19480.5,4,Married,0,0
5302,38,78394.0,1428.0,16.0,89.25,0.25,0.0625,13,2,0.0,0,0,4866,78394.0,3,Married,0,1
5303,50,79632.0,1113.0,20.0,55.65,0.3,0.05,42,2,0.0,0,0,4449,79632.0,5,Married,0,0
5304,50,30899.0,33.0,6.0,5.5,0.16666666666666666,0.3333333333333333,35,6,0.0,1,1,4991,15449.5,5,Single,0,0
5313,53,38196.0,44.0,9.0,4.888888888888889,0.2222222222222222,0.3333333333333333,20,5,0.0,2,1,4439,12732.0,4,Married,0,0
5314,73,40689.0,444.0,20.0,22.2,0.35,0.35,69,8,0.0,1,1,4835,20344.5,3,Married,0,0
5316,48,21024.0,84.0,7.0,12.0,0.2857142857142857,0.14285714285714285,89,7,0.0,0,0,4727,21024.0,4,Married,0,0
5320,51,44051.0,171.0,12.0,14.25,0.25,0.3333333333333333,20,6,0.0,2,1,4883,14683.666666666666,4,Divorced,0,1
5324,43,58293.0,422.0,19.0,22.210526315789473,0.2631578947368421,0.2631578947368421,94,5,0.0,1,1,4528,29146.5,5,Married,0,0
5329,75,35946.0,11.0,4.0,2.75,0.0,0.25,24,5,0.0,2,1,4642,11982.0,5,Divorced,0,0
5331,47,74985.0,1869.0,17.0,109.94117647058823,0.17647058823529413,0.058823529411764705,8,2,0.0,0,0,5023,74985.0,3,Married,0,0
5332,64,82504.0,1066.0,17.0,62.705882352941174,0.17647058823529413,0.058823529411764705,2,1,0.0,0,0,4704,82504.0,2,Married,0,0
5336,53,157733.0,59.0,2.0,29.5,0.5,0.0,37,1,0.0,1,1,4757,78866.5,4,Married,0,0
5341,62,81975.0,1588.0,14.0,113.42857142857143,0.42857142857142855,0.07142857142857142,2,7,0.2,1,1,4907,40987.5,2,Divorced,0,0
5342,48,9548.0,29.0,6.0,4.833333333333333,0.16666666666666666,0.3333333333333333,31,8,0.0,1,1,5057,4774.0,1,Divorced,0,0
5346,51,23559.0,79.0,9.0,8.777777777777779,0.3333333333333333,0.3333333333333333,87,7,0.0,1,1,4728,11779.5,2,Married,0,0
5350,33,90638.0,2525.0,18.0,140.27777777777777,0.16666666666666666,0.05555555555555555,29,1,0.2,0,0,4503,90638.0,4,Single,0,1
5370,51,32644.0,413.0,18.0,22.944444444444443,0.3888888888888889,0.2222222222222222,38,8,0.2,1,1,4896,16322.0,5,Married,0,0
5371,35,21474.0,91.0,8.0,11.375,0.375,0.25,0,7,0.2,1,1,4449,10737.0,3,Single,0,1
5376,45,2447.0,1730.0,43.0,40.23255813953488,0.0,0.3488372093023256,42,1,0.0,1,1,4906,1223.5,3,Married,0,0
5386,71,94384.0,2302.0,18.0,127.88888888888889,0.2777777777777778,0.0,62,2,0.6,0,0,4849,94384.0,3,Married,0,1
5389,60,48920.0,347.0,16.0,21.6875,0.375,0.1875,93,7,0.2,2,1,4619,16306.666666666666,3,Married,0,0
5393,47,23763.0,42.0,5.0,8.4,0.2,0.2,64,7,0.0,1,1,5058,11881.5,3,Single,0,0
5394,45,16014.0,38.0,10.0,3.8,0.1,0.4,42,3,0.0,2,1,4836,5338.0,1,Single,0,0
5396,36,68487.0,1366.0,30.0,45.53333333333333,0.3,0.03333333333333333,48,4,0.0,0,0,4899,68487.0,3,Married,0,0
5407,70,53103.0,1085.0,28.0,38.75,0.35714285714285715,0.17857142857142858,70,7,0.2,1,1,4657,26551.5,3,Married,0,0
5423,41,28359.0,16.0,4.0,4.0,0.25,0.25,35,7,0.0,1,1,4612,14179.5,3,Married,0,0
5424,41,39922.0,156.0,9.0,17.333333333333332,0.3333333333333333,0.2222222222222222,30,8,0.0,1,1,4867,19961.0,3,Married,0,0
5429,76,45579.0,183.0,10.0,18.3,0.4,0.1,10,6,0.0,1,1,4680,22789.5,5,Married,0,0
5430,68,54450.0,684.0,31.0,22.06451612903226,0.2903225806451613,0.3870967741935484,0,8,0.0,2,1,5020,18150.0,3,Married,0,0
5441,59,54111.0,388.0,15.0,25.866666666666667,0.3333333333333333,0.13333333333333333,97,5,0.0,1,1,4675,27055.5,5,Widow,0,0
5453,68,90226.0,2352.0,24.0,98.0,0.16666666666666666,0.041666666666666664,26,2,0.2,0,0,5008,90226.0,4,Married,0,0
5454,45,45057.0,50.0,6.0,8.333333333333334,0.3333333333333333,0.16666666666666666,80,5,0.0,1,1,4577,22528.5,4,Married,0,0
5455,53,32011.0,122.0,10.0,12.2,0.2,0.3,89,7,0.0,1,1,4678,16005.5,5,Married,0,0
5462,50,67445.0,1174.0,32.0,36.6875,0.28125,0.15625,63,6,0.0,1,1,5053,33722.5,3,Married,0,0
5474,54,43020.0,223.0,12.0,18.583333333333332,0.3333333333333333,0.25,79,6,0.0,1,1,4578,21510.0,3,Single,0,0
5491,73,47352.0,319.0,16.0,19.9375,0.375,0.25,70,7,0.0,1,1,4811,23676.0,4,Married,0,0
5493,48,39356.0,23.0,4.0,5.75,0.25,0.25,21,6,0.2,2,1,4469,13118.666666666666,3,Married,0,0
5510,47,43263.0,441.0,16.0,27.5625,0.3125,0.1875,2,5,0.0,1,1,4952,21631.5,4,Married,0,0
5512,47,55842.0,518.0,17.0,30.470588235294116,0.4117647058823529,0.058823529411764705,19,5,0.0,1,1,4404,27921.0,4,Married,0,0
5513,58,37758.0,40.0,6.0,6.666666666666667,0.16666666666666666,0.3333333333333333,49,8,0.0,2,1,5000,12586.0,3,Married,0,0
5517,55,25293.0,37.0,5.0,7.4,0.2,0.2,51,8,0.0,1,1,4654,12646.5,3,Married,0,0
5519,68,64090.0,797.0,20.0,39.85,0.3,0.05,8,5,0.0,1,1,4693,32045.0,3,Married,0,1
5524,67,58138.0,1617.0,25.0,64.68,0.32,0.12,58,7,0.0,0,0,5030,58138.0,3,Single,0,1
5527,37,22434.0,58.0,7.0,8.285714285714286,0.2857142857142857,0.2857142857142857,25,8,0.0,1,1,4868,11217.0,3,Married,0,0
5529,78,64014.0,444.0,22.0,20.181818181818183,0.36363636363636365,0.3181818181818182,56,7,0.2,3,1,4386,16003.5,5,Married,0,0
5534,49,47808.0,224.0,10.0,22.4,0.3,0.2,30,7,0.2,1,1,4619,23904.0,4,Married,0,0
5536,65,87771.0,1957.0,20.0,97.85,0.25,0.05,61,6,0.8,1,1,4770,43885.5,3,Married,0,1
5538,49,83829.0,1862.0,17.0,109.52941176470588,0.23529411764705882,0.0,78,1,0.6,0,0,4631,83829.0,3,Divorced,0,1
5543,58,57811.0,802.0,25.0,32.08,0.28,0.2,49,5,0.2,1,1,4737,28905.5,3,Married,0,0
5544,54,67384.0,1490.0,22.0,67.72727272727273,0.3181818181818182,0.09090909090909091,32,5,0.2,1,1,4963,33692.0,3,Single,0,0
5545,52,78075.0,988.0,14.0,70.57142857142857,0.21428571428571427,0.07142857142857142,72,1,0.0,0,0,4452,78075.0,5,Married,0,0
5547,42,84169.0,1919.0,20.0,95.95,0.35,0.05,9,3,0.4,0,0,4693,84169.0,5,Married,0,1
5552,61,48721.0,293.0,17.0,17.235294117647058,0.23529411764705882,0.35294117647058826,50,6,0.0,2,1,4779,16240.333333333334,4,Divorced,0,0
5555,49,153924.0,6.0,0.0,0.0,0.0,0.0,81,0,0.0,0,0,4509,153924.0,3,Divorced,0,0
5558,70,90933.0,1685.0,15.0,112.33333333333333,0.26666666666666666,0.06666666666666667,90,1,0.2,0,0,4457,90933.0,5,Single,0,0
5562,50,60093.0,735.0,21.0,35.0,0.3333333333333333,0.09523809523809523,92,6,0.0,1,1,4735,30046.5,3,Married,0,0
5564,55,62882.0,1338.0,20.0,66.9,0.35,0.1,26,4,0.0,1,1,5056,31441.0,3,Married,0,0
5577,41,43776.0,23.0,4.0,5.75,0.25,0.25,77,6,0.0,1,1,4424,21888.0,3,Married,0,0
5585,52,21359.0,48.0,7.0,6.857142857142857,0.2857142857142857,0.2857142857142857,1,8,0.0,1,1,4802,10679.5,3,Single,0,1
5589,60,51983.0,793.0,24.0,33.041666666666664,0.375,0.125,95,7,0.0,1,1,5034,25991.5,3,Divorced,0,0
5596,68,58821.0,728.0,21.0,34.666666666666664,0.42857142857142855,0.047619047619047616,44,6,0.0,1,1,4627,29410.5,2,Married,0,0
5602,35,66973.0,1282.0,28.0,45.785714285714285,0.2857142857142857,0.03571428571428571,98,3,0.0,0,0,4775,66973.0,5,Married,0,0
5610,59,33456.0,36.0,6.0,6.0,0.16666666666666666,0.3333333333333333,58,7,0.0,2,1,4436,11152.0,3,Married,0,0
5621,55,48752.0,316.0,17.0,18.58823529411765,0.35294117647058826,0.29411764705882354,8,9,0.0,2,1,4931,16250.666666666666,3,Married,0,1
5623,44,31535.0,51.0,5.0,10.2,0.2,0.2,95,7,0.2,1,1,4643,15767.5,4,Married,0,0
5626,60,61798.0,463.0,16.0,28.9375,0.25,0.0625,13,4,0.0,0,0,4585,61798.0,5,Single,0,0
5628,42,61416.0,1665.0,24.0,69.375,0.4166666666666667,0.041666666666666664,25,6,0.2,0,0,4873,61416.0,3,Married,0,0
5631,33,49767.0,692.0,18.0,38.44444444444444,0.2777777777777778,0.05555555555555555,92,4,0.0,0,0,4790,49767.0,3,Single,0,0
5633,44,50183.0,231.0,17.0,13.588235294117647,0.17647058823529413,0.4117647058823529,47,5,0.0,2,1,4371,16727.666666666668,3,Married,0,0
5636,61,30983.0,167.0,8.0,20.875,0.5,0.125,50,8,0.0,0,0,4964,30983.0,3,Single,0,1
5642,45,62499.0,222.0,12.0,18.5,0.25,0.16666666666666666,0,4,0.0,1,1,4569,31249.5,4,Married,0,0
5644,67,42213.0,363.0,15.0,24.2,0.3333333333333333,0.13333333333333333,96,7,0.2,1,1,4627,21106.5,3,Married,0,0
5654,52,36026.0,61.0,7.0,8.714285714285714,0.2857142857142857,0.2857142857142857,34,6,0.0,3,1,4472,9006.5,3,Married,0,0
5667,60,60896.0,1701.0,26.0,65.42307692307692,0.34615384615384615,0.11538461538461539,90,6,0.0,1,1,4993,30448.0,5,Married,0,1
5675,64,50611.0,493.0,22.0,22.40909090909091,0.18181818181818182,0.2727272727272727,98,6,0.2,1,1,5000,25305.5,5,Divorced,0,0
5680,40,35684.0,30.0,5.0,6.0,0.2,0.2,66,6,0.0,1,1,4435,17842.0,2,Married,0,0
5682,71,64108.0,1099.0,30.0,36.63333333333333,0.2,0.13333333333333333,8,5,0.0,1,1,4830,32054.0,5,Single,0,0
5684,53,44635.0,68.0,7.0,9.714285714285714,0.2857142857142857,0.2857142857142857,25,7,0.0,2,1,4628,14878.333333333334,4,Divorced,0,0
5687,44,81702.0,1633.0,27.0,60.48148148148148,0.25925925925925924,0.037037037037037035,98,3,0.0,0,0,5011,81702.0,3,Divorced,0,0
5692,35,25443.0,32.0,5.0,6.4,0.2,0.2,82,8,0.0,1,1,4921,12721.5,1,Married,0,0
5710,54,40548.0,120.0,9.0,13.333333333333334,0.2222222222222222,0.2222222222222222,31,5,0.2,1,1,4994,20274.0,3,Married,0,0
5718,74,80763.0,1415.0,23.0,61.52173913043478,0.21739130434782608,0.043478260869565216,17,3,0.4,0,0,4685,80763.0,3,Married,0,1
5721,68,84117.0,1566.0,24.0,65.25,0.2916666666666667,0.041666666666666664,60,2,0.2,0,0,4416,84117.0,5,Married,0,0
5723,48,49187.0,116.0,8.0,14.5,0.125,0.125,63,2,0.0,1,1,4536,24593.5,5,Married,0,0
5726,41,31788.0,60.0,10.0,6.0,0.3,0.3,15,5,0.0,1,1,4468,15894.0,4,Single,1,0
5731,41,27100.0,37.0,5.0,7.4,0.2,0.2,64,7,0.0,1,1,4817,13550.0,4,Married,0,0
5734,50,61917.0,91.0,7.0,13.0,0.2857142857142857,0.14285714285714285,83,5,0.0,2,1,4588,20639.0,5,Married,0,0
5735,33,90638.0,2525.0,18.0,140.27777777777777,0.16666666666666666,0.05555555555555555,29,1,0.2,0,0,4503,90638.0,4,Single,0,0
5740,54,25959.0,56.0,7.0,8.0,0.14285714285714285,0.2857142857142857,1,6,0.0,2,1,4867,8653.0,2,Divorced,0,1
5748,59,59754.0,475.0,16.0,29.6875,0.3125,0.1875,96,5,0.0,1,1,4942,29877.0,3,Married,0,1
5751,51,31163.0,38.0,5.0,7.6,0.2,0.2,54,6,0.0,1,1,4503,15581.5,2,Divorced,0,0
5756,41,39453.0,55.0,7.0,7.857142857142857,0.2857142857142857,0.2857142857142857,64,6,0.0,1,1,4454,19726.5,3,Married,0,0
5758,42,65169.0,1189.0,28.0,42.464285714285715,0.35714285714285715,0.03571428571428571,23,6,0.8,0,0,4533,65169.0,3,Married,0,1
5763,52,49854.0,380.0,18.0,21.11111111111111,0.3333333333333333,0.2777777777777778,63,6,0.0,1,1,4598,24927.0,4,Married,0,0
5782,42,58582.0,763.0,22.0,34.68181818181818,0.4090909090909091,0.09090909090909091,15,5,0.2,1,1,4641,29291.0,2,Married,0,0
5788,52,46053.0,209.0,12.0,17.416666666666668,0.25,0.25,46,5,0.0,1,1,4864,23026.5,3,Married,0,0
5790,39,31158.0,72.0,7.0,10.285714285714286,0.2857142857142857,0.2857142857142857,62,8,0.0,1,1,4885,15579.0,3,Married,0,0
5794,50,46374.0,446.0,18.0,24.77777777777778,0.3888888888888889,0.16666666666666666,1,8,0.4,1,1,4471,23187.0,5,Married,0,1
5796,61,77437.0,1125.0,23.0,48.91304347826087,0.17391304347826086,0.043478260869565216,70,1,0.2,0,0,4582,77437.0,3,Married,0,0
5798,51,51381.5,985.0,15.0,65.66666666666667,0.13333333333333333,0.06666666666666667,87,1,0.0,0,0,4585,51381.5,4,Married,0,0
5802,52,14188.0,75.0,7.0,10.714285714285714,0.2857142857142857,0.14285714285714285,40,6,0.0,0,0,4853,14188.0,1,Married,0,0
5823,54,32303.0,39.0,7.0,5.571428571428571,0.14285714285714285,0.2857142857142857,63,5,0.0,1,1,4480,16151.5,5,Single,0,0
5824,52,34578.0,8.0,4.0,2.0,0.25,0.25,1,6,0.0,3,1,4446,8644.5,5,Married,0,0
5827,66,35246.0,62.0,11.0,5.636363636363637,0.2727272727272727,0.36363636363636365,53,5,0.0,2,1,4441,11748.666666666666,3,Divorced,0,0
5830,52,86857.0,2114.0,22.0,96.0909090909091,0.22727272727272727,0.045454545454545456,96,2,0.0,0,0,5022,86857.0,5,Single,0,1
5831,57,77870.0,1815.0,18.0,100.83333333333333,0.2777777777777778,0.16666666666666666,93,8,0.4,1,1,5043,38935.0,3,Married,0,1
5832,64,92556.0,1263.0,21.0,60.142857142857146,0.14285714285714285,0.0,32,0,0.0,0,0,4437,92556.0,2,Married,0,0
5835,48,14849.0,65.0,9.0,7.222222222222222,0.2222222222222222,0.3333333333333333,39,8,0.0,1,1,4729,7424.5,5,Divorced,0,0
5837,57,51479.0,494.0,22.0,22.454545454545453,0.2727272727272727,0.3181818181818182,67,7,0.0,2,1,4915,17159.666666666668,3,Married,0,0
5841,58,60894.0,832.0,26.0,32.0,0.38461538461538464,0.19230769230769232,61,7,0.0,1,1,4733,30447.0,3,Married,0,0
5846,47,40246.0,13.0,4.0,3.25,0.25,0.25,68,6,0.0,1,1,4924,20123.0,3,Divorced,0,0
5847,55,69901.0,882.0,23.0,38.34782608695652,0.30434782608695654,0.13043478260869565,95,5,0.0,1,1,4763,34950.5,3,Divorced,0,0
5848,54,81205.0,2009.0,19.0,105.73684210526316,0.2631578947368421,0.05263157894736842,43,2,0.6,0,0,4534,81205.0,3,Married,0,1
5863,71,47703.0,655.0,21.0,31.19047619047619,0.2857142857142857,0.19047619047619047,95,5,0.0,1,1,4763,23851.5,3,Married,0,0
5866,50,48186.0,219.0,12.0,18.25,0.3333333333333333,0.25,39,7,0.0,1,1,4468,24093.0,3,Married,0,0
5868,44,19107.0,46.0,6.0,7.666666666666667,0.16666666666666666,0.3333333333333333,49,7,0.0,1,1,4678,9553.5,3,Married,0,0
5871,45,24401.0,467.0,16.0,29.1875,0.375,0.1875,98,8,0.0,0,0,5034,24401.0,4,Married,0,0
5872,73,60689.0,639.0,22.0,29.045454545454547,0.18181818181818182,0.18181818181818182,23,3,0.0,1,1,4760,30344.5,3,Single,0,0
5883,52,77981.0,664.0,21.0,31.61904761904762,0.3333333333333333,0.14285714285714285,78,5,0.0,1,1,4766,38990.5,3,Married,0,0
5885,51,35688.0,211.0,16.0,13.1875,0.25,0.4375,94,8,0.0,3,1,5043,8922.0,2,Married,0,0
5892,44,34968.0,221.0,17.0,13.0,0.17647058823529413,0.4117647058823529,11,7,0.0,1,1,4812,17484.0,3,Married,0,0
5896,37,73395.0,397.0,15.0,26.466666666666665,0.26666666666666666,0.06666666666666667,94,2,0.0,0,0,4470,73395.0,4,Married,0,0
5899,74,5648.0,49.0,2.0,24.5,0.5,0.5,68,20,0.2,2,1,4475,1882.6666666666667,5,Married,0,0
5907,72,33444.0,18.0,4.0,4.5,0.25,0.25,24,8,0.0,2,1,4970,11148.0,4,Married,0,0
5909,60,58512.0,1171.0,20.0,58.55,0.15,0.25,25,8,0.0,1,1,4650,29256.0,3,Married,0,0
5922,50,40344.0,218.0,12.0,18.166666666666668,0.3333333333333333,0.16666666666666666,48,7,0.0,1,1,4626,20172.0,5,Married,0,0
5929,51,37401.0,48.0,7.0,6.857142857142857,0.2857142857142857,0.2857142857142857,14,7,0.0,1,1,4421,18700.5,5,Married,0,0
5935,68,55284.0,764.0,23.0,33.21739130434783,0.30434782608695654,0.13043478260869565,60,5,0.0,1,1,4919,27642.0,4,Single,0,0
5939,53,38232.0,122.0,11.0,11.090909090909092,0.2727272727272727,0.36363636363636365,84,5,0.0,2,1,4530,12744.0,3,Married,0,0
5948,49,57338.0,237.0,12.0,19.75,0.3333333333333333,0.16666666666666666,96,5,0.0,1,1,4428,28669.0,3,Single,0,0
5954,52,42618.0,192.0,11.0,17.454545454545453,0.45454545454545453,0.18181818181818182,92,8,0.0,1,1,4630,21309.0,4,Divorced,0,0
5955,62,72025.0,1932.0,16.0,120.75,0.25,0.0625,27,3,0.0,0,0,4956,72025.0,3,Married,0,0
5956,76,45072.0,284.0,16.0,17.75,0.375,0.3125,74,8,0.0,3,1,4623,11268.0,5,Divorced,0,0
5959,56,35893.0,199.0,15.0,13.266666666666667,0.2,0.4,80,8,0.0,2,1,4989,11964.333333333334,3,Single,0,0
5961,46,42693.0,57.0,5.0,11.4,0.2,0.2,29,5,0.0,1,1,4389,21346.5,3,Married,0,0
5966,50,45207.0,215.0,15.0,14.333333333333334,0.2,0.3333333333333333,64,6,0.2,2,1,4963,15069.0,5,Married,0,0
5967,72,33402.0,70.0,9.0,7.777777777777778,0.2222222222222222,0.3333333333333333,60,8,0.0,2,1,4713,11134.0,3,Married,0,0
5975,57,40304.0,57.0,6.0,9.5,0.3333333333333333,0.16666666666666666,82,7,0.0,1,1,4639,20152.0,5,Single,0,0
5985,59,33168.0,122.0,10.0,12.2,0.2,0.3,0,7,0.0,1,1,4991,16584.0,4,Single,0,0
5987,35,10404.0,43.0,7.0,6.142857142857143,0.14285714285714285,0.2857142857142857,52,5,0.0,1,1,4423,5202.0,2,Married,0,0
5989,65,78353.0,1576.0,24.0,65.66666666666667,0.4166666666666667,0.041666666666666664,51,8,0.0,1,1,4806,39176.5,2,Divorced,0,0
5991,75,48150.0,266.0,13.0,20.46153846153846,0.38461538461538464,0.23076923076923078,24,7,0.0,1,1,4753,24075.0,4,Married,0,0
5995,62,39552.0,384.0,20.0,19.2,0.3,0.35,54,8,0.0,2,1,4925,13184.0,3,Divorced,0,1
6001,45,56775.0,937.0,25.0,37.48,0.2,0.08,62,5,0.0,1,1,4910,28387.5,3,Married,0,0
6019,53,37126.0,72.0,6.0,12.0,0.16666666666666666,0.16666666666666666,9,6,0.2,1,1,4458,18563.0,5,Married,0,1
6024,71,94384.0,2302.0,18.0,127.88888888888889,0.2777777777777778,0.0,62,2,0.6,0,0,4849,94384.0,3,Married,0,1
6036,65,89120.0,1924.0,19.0,101.26315789473684,0.2631578947368421,0.05263157894736842,78,1,0.2,0,0,4471,89120.0,4,Married,0,0
6049,42,73450.0,1804.0,27.0,66.81481481481481,0.25925925925925924,0.037037037037037035,85,3,0.4,0,0,4573,73450.0,4,Married,0,0
6050,49,57036.0,1513.0,26.0,58.19230769230769,0.23076923076923078,0.15384615384615385,33,9,0.2,1,1,4932,28518.0,2,Married,0,0
6055,45,71626.0,1305.0,19.0,68.6842105263158,0.2631578947368421,0.05263157894736842,94,3,0.2,0,0,4972,71626.0,3,Married,0,0
6059,71,64504.0,1314.0,25.0,52.56,0.44,0.28,81,7,0.0,3,1,4849,16126.0,5,Married,0,1
6071,35,81217.0,1157.0,22.0,52.59090909090909,0.13636363636363635,0.045454545454545456,77,1,0.0,0,0,4712,81217.0,3,Single,0,0
6072,54,75345.0,2087.0,20.0,104.35,0.25,0.05,16,3,0.2,0,0,4879,75345.0,4,Single,0,1
6086,69,80395.0,1380.0,24.0,57.5,0.25,0.041666666666666664,62,2,0.2,0,0,4585,80395.0,3,Married,0,0
6097,65,50664.0,561.0,24.0,23.375,0.3333333333333333,0.375,64,9,0.0,2,1,4896,16888.0,3,Single,0,0
6103,76,42192.0,100.0,7.0,14.285714285714286,0.2857142857142857,0.14285714285714285,40,4,0.0,0,0,4663,42192.0,3,Married,0,0
6116,56,48985.0,75.0,6.0,12.5,0.16666666666666666,0.16666666666666666,13,3,0.0,1,1,4726,24492.5,2,Married,0,0
6119,61,36736.0,17.0,4.0,4.25,0.25,0.25,52,6,0.0,2,1,4782,12245.333333333334,5,Single,0,0
6131,44,70829.0,431.0,16.0,26.9375,0.25,0.125,87,3,0.0,2,1,4577,23609.666666666668,2,Married,0,0
6141,52,49494.0,385.0,14.0,27.5,0.42857142857142855,0.14285714285714285,46,7,0.0,1,1,4797,24747.0,4,Single,0,0
6142,81,65073.0,900.0,14.0,64.28571428571429,0.35714285714285715,0.07142857142857142,65,2,0.0,0,0,4680,65073.0,4,Married,1,0
6147,53,25818.0,28.0,4.0,7.0,0.0,0.25,51,7,0.0,1,1,4986,12909.0,3,Divorced,0,0
6168,61,45146.0,53.0,6.0,8.833333333333334,0.16666666666666666,0.3333333333333333,28,4,0.0,2,1,4716,15048.666666666666,3,Divorced,0,0
6173,45,77298.0,969.0,24.0,40.375,0.25,0.041666666666666664,46,3,0.0,1,1,4606,38649.0,3,Married,0,0
6177,39,33454.0,169.0,10.0,16.9,0.4,0.2,32,8,0.0,1,1,4784,16727.0,5,Married,0,0
6181,74,52203.0,939.0,27.0,34.77777777777778,0.2962962962962963,0.037037037037037035,36,6,0.0,0,0,5065,52203.0,2,Married,0,0
6182,40,26646.0,53.0,8.0,6.625,0.25,0.25,26,6,0.0,1,1,4506,13323.0,3,Married,0,0
6183,62,58646.0,140.0,8.0,17.5,0.25,0.125,3,4,0.0,1,1,4751,29323.0,4,Married,0,0
6184,55,68462.0,1670.0,15.0,111.33333333333333,0.2,0.06666666666666667,6,1,0.0,0,0,4931,68462.0,5,Married,0,0
6197,62,27238.0,57.0,9.0,6.333333333333333,0.3333333333333333,0.3333333333333333,39,9,0.0,2,1,4802,9079.333333333334,5,Single,0,0
6200,73,75903.0,901.0,23.0,39.17391304347826,0.2608695652173913,0.08695652173913043,50,3,0.0,1,1,4814,37951.5,3,Married,0,0
6201,46,38643.0,49.0,7.0,7.0,0.2857142857142857,0.2857142857142857,45,7,0.0,2,1,4579,12881.0,3,Single,1,0
6202,64,63381.0,1005.0,26.0,38.65384615384615,0.15384615384615385,0.15384615384615385,78,2,0.0,1,1,4999,31690.5,3,Married,0,0
6203,77,74485.0,1734.0,26.0,66.6923076923077,0.23076923076923078,0.038461538461538464,58,3,0.0,0,0,4676,74485.0,3,Married,0,0
6205,57,32557.0,80.0,9.0,8.88888888888889,0.2222222222222222,0.3333333333333333,13,5,0.0,1,1,4492,16278.5,4,Single,0,1
6211,48,37395.0,39.0,5.0,7.8,0.2,0.2,47,6,0.0,1,1,4425,18697.5,5,Married,0,0
6214,42,43815.0,79.0,6.0,13.166666666666666,0.3333333333333333,0.16666666666666666,53,6,0.0,1,1,4817,21907.5,4,Married,0,0
6215,47,31353.0,31.0,6.0,5.166666666666667,0.16666666666666666,0.3333333333333333,24,8,0.0,2,1,4549,10451.0,3,Married,0,1
6218,59,59594.0,499.0,17.0,29.352941176470587,0.47058823529411764,0.058823529411764705,74,7,0.2,1,1,4984,29797.0,3,Married,0,0
6222,57,22574.0,37.0,7.0,5.285714285714286,0.2857142857142857,0.2857142857142857,28,7,0.0,3,1,4611,5643.5,3,Married,0,0
6230,53,44421.0,189.0,14.0,13.5,0.35714285714285715,0.35714285714285715,53,8,0.0,2,1,4866,14807.0,3,Divorced,0,0
6233,48,65991.0,971.0,27.0,35.96296296296296,0.3333333333333333,0.1111111111111111,21,7,0.0,1,1,5027,32995.5,3,Married,0,0
6237,58,7144.0,416.0,25.0,16.64,0.92,0.0,92,0,0.0,2,1,4571,2381.3333333333335,5,Single,0,0
6245,74,59292.0,507.0,18.0,28.166666666666668,0.16666666666666666,0.1111111111111111,71,3,0.0,1,1,4748,29646.0,5,Married,0,0
6246,71,73892.0,1507.0,23.0,65.52173913043478,0.13043478260869565,0.043478260869565216,40,1,0.0,0,0,4595,73892.0,3,Single,0,1
6248,77,91712.0,2217.0,27.0,82.11111111111111,0.3333333333333333,0.0,47,3,0.2,0,0,4622,91712.0,4,Single,0,1
6250,75,54356.0,775.0,24.0,32.291666666666664,0.4583333333333333,0.125,62,8,0.0,1,1,4954,27178.0,5,Widow,0,1
6255,72,70545.0,334.0,13.0,25.692307692307693,0.3076923076923077,0.07692307692307693,29,2,0.0,1,1,4393,35272.5,4,Married,0,0
6257,48,60482.0,507.0,17.0,29.823529411764707,0.4117647058823529,0.058823529411764705,81,7,0.0,1,1,4889,30241.0,4,Single,0,0
6260,69,82384.0,1957.0,27.0,72.48148148148148,0.1111111111111111,0.037037037037037035,55,1,0.2,0,0,4954,82384.0,4,Married,0,1
6261,45,58025.0,470.0,18.0,26.11111111111111,0.16666666666666666,0.16666666666666666,81,4,0.0,1,1,4582,29012.5,3,Married,0,0
6262,62,72217.0,1573.0,22.0,71.5,0.13636363636363635,0.045454545454545456,93,2,0.0,0,0,4812,72217.0,4,Single,0,0
6263,56,35322.0,106.0,9.0,11.777777777777779,0.2222222222222222,0.3333333333333333,34,8,0.0,3,1,5043,8830.5,3,Married,0,0
6271,72,50870.0,63.0,6.0,10.5,0.3333333333333333,0.16666666666666666,13,5,0.0,1,1,4377,25435.0,5,Married,0,0
6274,76,83790.0,1615.0,25.0,64.6,0.32,0.04,81,3,0.4,0,0,4593,83790.0,4,Married,0,0
6281,58,55686.0,982.0,16.0,61.375,0.375,0.125,27,4,0.2,1,1,4867,27843.0,3,Divorced,0,0
6283,56,63841.0,908.0,22.0,41.27272727272727,0.4090909090909091,0.045454545454545456,64,6,0.0,1,1,4801,31920.5,4,Divorced,0,0
6287,38,34728.0,36.0,5.0,7.2,0.2,0.2,2,6,0.0,1,1,4701,17364.0,3,Married,0,1
6289,73,59385.0,185.0,10.0,18.5,0.3,0.2,85,5,0.0,2,1,4794,19795.0,4,Married,0,0
6292,38,82333.0,1822.0,18.0,101.22222222222223,0.2222222222222222,0.05555555555555555,60,2,0.2,0,0,4823,82333.0,5,Married,0,1
6295,47,54233.0,981.0,26.0,37.73076923076923,0.4230769230769231,0.15384615384615385,46,8,0.0,1,1,4877,27116.5,3,Married,0,0
6299,56,42564.0,813.0,24.0,33.875,0.25,0.25,28,7,0.2,1,1,4910,21282.0,5,Divorced,0,1
6303,38,91820.0,1497.0,22.0,68.04545454545455,0.22727272727272727,0.0,72,1,0.0,0,0,4585,91820.0,5,Married,0,0
6310,46,33039.0,78.0,7.0,11.142857142857142,0.2857142857142857,0.14285714285714285,4,5,0.0,1,1,4660,16519.5,3,Married,0,0
6312,65,65031.0,863.0,30.0,28.766666666666666,0.3333333333333333,0.13333333333333333,29,7,0.0,1,1,4836,32515.5,3,Married,0,0
6318,36,68487.0,1366.0,30.0,45.53333333333333,0.3,0.03333333333333333,48,4,0.0,0,0,4899,68487.0,3,Married,0,0
6320,48,70893.0,1508.0,23.0,65.56521739130434,0.2608695652173913,0.043478260869565216,42,3,0.0,0,0,4875,70893.0,4,Single,0,0
6327,57,65777.0,1146.0,17.0,67.41176470588235,0.11764705882352941,0.058823529411764705,87,1,0.0,0,0,4559,65777.0,3,Married,0,0
6336,64,29315.0,48.0,10.0,4.8,0.2,0.4,55,6,0.0,2,1,4451,9771.666666666666,3,Married,0,0
6340,39,29938.0,26.0,6.0,4.333333333333333,0.16666666666666666,0.3333333333333333,52,6,0.0,1,1,4612,14969.0,3,Single,0,0
6343,65,79823.0,1518.0,23.0,66.0,0.2608695652173913,0.043478260869565216,6,2,0.2,1,1,4457,39911.5,3,Married,0,0
6347,45,15862.0,36.0,5.0,7.2,0.2,0.2,26,8,0.0,1,1,4734,7931.0,1,Single,0,0
6349,37,61787.0,1319.0,19.0,69.42105263157895,0.42105263157894735,0.05263157894736842,71,5,0.0,0,0,4725,61787.0,4,Divorced,0,0
6354,40,15345.0,47.0,6.0,7.833333333333333,0.16666666666666666,0.3333333333333333,51,8,0.0,1,1,5034,7672.5,3,Married,0,1
6355,46,44359.0,45.0,9.0,5.0,0.2222222222222222,0.3333333333333333,19,3,0.0,2,1,4379,14786.333333333334,3,Married,0,0
6357,65,59052.0,491.0,18.0,27.27777777777778,0.3888888888888889,0.16666666666666666,29,5,0.0,1,1,4591,29526.0,2,Divorced,0,0
6365,37,30390.0,80.0,6.0,13.333333333333334,0.3333333333333333,0.16666666666666666,5,6,0.0,0,0,4667,30390.0,2,Married,0,0
6374,70,36930.0,297.0,16.0,18.5625,0.3125,0.3125,50,8,0.0,1,1,4775,18465.0,5,Married,0,0
6376,45,57537.0,545.0,19.0,28.68421052631579,0.21052631578947367,0.21052631578947367,83,4,0.0,1,1,4751,28768.5,3,Single,0,0
6379,75,47570.0,121.0,9.0,13.444444444444445,0.2222222222222222,0.3333333333333333,3,7,0.0,2,1,4763,15856.666666666666,4,Widow,0,1
6382,71,48794.0,54.0,5.0,10.8,0.2,0.2,97,4,0.0,2,1,4370,16264.666666666666,3,Married,0,0
6383,53,32892.0,46.0,8.0,5.75,0.375,0.25,78,8,0.0,1,1,4402,16446.0,5,Married,0,0
6384,46,71022.0,1453.0,21.0,69.19047619047619,0.23809523809523808,0.14285714285714285,30,8,0.2,1,1,4505,35511.0,3,Divorced,0,0
6387,48,52190.0,77.0,9.0,8.555555555555555,0.2222222222222222,0.3333333333333333,39,5,0.2,2,1,4419,17396.666666666668,5,Married,0,0
6398,50,18393.0,50.0,8.0,6.25,0.375,0.25,2,8,0.0,1,1,4459,9196.5,1,Married,0,0
6404,55,58917.0,282.0,16.0,17.625,0.25,0.3125,10,5,0.0,3,1,4829,14729.25,3,Married,0,0
6406,36,78285.0,1427.0,21.0,67.95238095238095,0.2857142857142857,0.047619047619047616,13,3,0.0,0,0,4611,78285.0,4,Married,0,0
6409,57,57136.0,1179.0,20.0,58.95,0.35,0.05,18,6,0.0,0,0,4774,57136.0,3,Divorced,0,1
6417,53,80573.0,1564.0,24.0,65.16666666666667,0.16666666666666666,0.041666666666666664,85,2,0.0,0,0,4990,80573.0,4,Married,0,0
6421,63,88347.0,2116.0,21.0,100.76190476190476,0.19047619047619047,0.047619047619047616,32,1,0.2,0,0,4728,88347.0,3,Married,0,0
6422,70,86718.0,1270.0,17.0,74.70588235294117,0.29411764705882354,0.058823529411764705,20,2,0.0,0,0,4895,86718.0,3,Married,0,0
6424,47,33178.0,49.0,5.0,9.8,0.2,0.2,9,4,0.0,1,1,4517,16589.0,3,Married,0,0
6428,74,76842.0,1130.0,17.0,66.47058823529412,0.058823529411764705,0.058823529411764705,37,0,0.0,0,0,4424,76842.0,5,Widow,0,0
6431,60,45759.0,68.0,7.0,9.714285714285714,0.2857142857142857,0.2857142857142857,13,7,0.0,2,1,4858,15253.0,5,Married,0,0
6437,39,41473.0,76.0,6.0,12.666666666666666,0.3333333333333333,0.16666666666666666,80,7,0.0,1,1,4742,20736.5,2,Single,0,0
6439,66,61074.0,1102.0,31.0,35.54838709677419,0.3548387096774194,0.22580645161290322,37,7,0.0,1,1,5048,30537.0,3,Married,0,0
6445,57,66825.0,858.0,16.0,53.625,0.25,0.0625,73,2,0.0,0,0,4717,66825.0,3,Married,0,0
6457,48,64892.0,902.0,24.0,37.583333333333336,0.25,0.08333333333333333,77,4,0.0,1,1,4398,32446.0,3,Divorced,0,0
6460,42,28718.0,57.0,7.0,8.142857142857142,0.2857142857142857,0.2857142857142857,78,8,0.0,1,1,4718,14359.0,3,Married,0,0
6461,55,62772.0,946.0,23.0,41.130434782608695,0.21739130434782608,0.043478260869565216,74,2,0.2,1,1,4773,31386.0,4,Single,0,0
6466,59,57236.0,121.0,10.0,12.1,0.2,0.3,22,3,0.0,2,1,4476,19078.666666666668,5,Married,0,0
6471,53,36230.0,59.0,7.0,8.428571428571429,0.2857142857142857,0.14285714285714285,17,5,0.0,1,1,4622,18115.0,4,Single,0,0
6488,65,38829.0,99.0,8.0,12.375,0.375,0.125,86,5,0.0,1,1,4451,19414.5,5,Married,0,0
6497,64,51651.0,433.0,17.0,25.470588235294116,0.35294117647058826,0.23529411764705882,32,8,0.0,1,1,4966,25825.5,3,Married,0,0
6504,49,19789.0,78.0,9.0,8.666666666666666,0.2222222222222222,0.3333333333333333,24,5,0.2,1,1,4588,9894.5,2,Married,0,0
6507,44,30828.0,56.0,8.0,7.0,0.125,0.25,16,3,0.0,1,1,4635,15414.0,3,Single,0,0
6515,47,39771.0,50.0,6.0,8.333333333333334,0.3333333333333333,0.16666666666666666,92,4,0.0,1,1,4572,19885.5,3,Married,0,0
6516,35,17487.0,18.0,4.0,4.5,0.25,0.25,37,7,0.0,1,1,4835,8743.5,1,Married,0,0
6518,73,67680.0,606.0,19.0,31.894736842105264,0.3684210526315789,0.05263157894736842,8,5,0.0,1,1,4750,33840.0,5,Widow,0,0
6521,70,77972.0,1101.0,20.0,55.05,0.2,0.05,18,1,0.0,0,0,4470,77972.0,3,Married,0,0
6528,42,18492.0,10.0,4.0,2.5,0.25,0.25,75,8,0.0,1,1,4391,9246.0,4,Married,0,0
6534,50,47889.0,67.0,6.0,11.166666666666666,0.3333333333333333,0.16666666666666666,94,5,0.0,1,1,4543,23944.5,3,Married,0,0
6543,79,62847.0,1612.0,14.0,115.14285714285714,0.21428571428571427,0.07142857142857142,45,2,0.0,0,0,4897,62847.0,4,Married,0,0
6544,75,67911.0,976.0,27.0,36.148148148148145,0.2222222222222222,0.1111111111111111,63,3,0.0,1,1,4405,33955.5,5,Married,0,0
6565,75,76995.0,1782.0,26.0,68.53846153846153,0.4230769230769231,0.07692307692307693,91,5,0.2,1,1,4825,38497.5,4,Married,0,0
6566,70,72550.0,1319.0,28.0,47.107142857142854,0.17857142857142858,0.32142857142857145,39,8,0.0,2,1,4965,24183.333333333332,5,Married,0,0
6568,40,38680.0,79.0,6.0,13.166666666666666,0.3333333333333333,0.16666666666666666,97,7,0.0,1,1,4825,19340.0,3,Married,0,0
6575,43,56386.0,612.0,25.0,24.48,0.36,0.32,51,9,0.0,2,1,4977,18795.333333333332,3,Married,0,0
6583,69,72635.0,981.0,21.0,46.714285714285715,0.2857142857142857,0.047619047619047616,54,3,0.2,0,0,4758,72635.0,2,Married,0,0
6605,80,55614.0,682.0,20.0,34.1,0.45,0.05,85,7,0.2,0,0,4581,55614.0,5,Divorced,0,0
6606,55,70091.0,1161.0,19.0,61.10526315789474,0.2631578947368421,0.10526315789473684,11,8,0.2,1,1,4822,35045.5,4,Married,0,0
6609,58,27038.0,107.0,7.0,15.285714285714286,0.42857142857142855,0.14285714285714285,64,9,0.0,0,0,5016,27038.0,3,Widow,0,1
6613,54,44511.0,727.0,26.0,27.96153846153846,0.3076923076923077,0.23076923076923078,39,8,0.0,1,1,4992,22255.5,4,Married,0,0
6616,49,59481.0,461.0,16.0,28.8125,0.1875,0.125,47,2,0.0,1,1,4616,29740.5,3,Married,0,0
6619,46,38415.0,44.0,6.0,7.333333333333333,0.16666666666666666,0.3333333333333333,91,7,0.0,2,1,4910,12805.0,3,Married,0,0
6634,45,33462.0,54.0,6.0,9.0,0.3333333333333333,0.16666666666666666,78,7,0.0,1,1,4693,16731.0,4,Divorced,0,0
6637,36,66951.0,1117.0,15.0,74.46666666666667,0.2,0.06666666666666667,46,1,0.0,0,0,4606,66951.0,3,Single,0,0
6642,63,27215.0,102.0,11.0,9.272727272727273,0.18181818181818182,0.36363636363636365,50,6,0.0,3,1,4889,6803.75,3,Divorced,0,0
6646,40,16529.0,22.0,5.0,4.4,0.2,0.2,23,6,0.0,1,1,4487,8264.5,3,Married,0,0
6652,59,77343.0,1134.0,17.0,66.70588235294117,0.17647058823529413,0.058823529411764705,28,1,0.0,0,0,4387,77343.0,3,Married,0,0
6653,54,55158.0,418.0,18.0,23.22222222222222,0.3888888888888889,0.2222222222222222,72,7,0.0,2,1,5066,18386.0,5,Married,0,1
6658,52,59868.0,1194.0,32.0,37.3125,0.34375,0.21875,37,6,0.0,1,1,4709,29934.0,3,Married,0,0
6661,50,67445.0,1174.0,32.0,36.6875,0.28125,0.15625,63,6,0.0,1,1,5053,33722.5,3,Married,0,0
6663,84,51141.0,157.0,9.0,17.444444444444443,0.3333333333333333,0.1111111111111111,96,5,0.0,0,0,4723,51141.0,5,Single,0,0
6673,59,23478.0,129.0,7.0,18.428571428571427,0.42857142857142855,0.14285714285714285,51,8,0.0,0,0,4834,23478.0,3,Single,0,0
6678,35,31928.0,72.0,9.0,8.0,0.3333333333333333,0.2222222222222222,5,7,0.0,1,1,4460,15964.0,3,Married,0,0
6679,58,33279.0,16.0,4.0,4.0,0.0,0.25,29,3,0.0,0,0,4384,33279.0,3,Single,0,0
6682,51,18978.0,37.0,5.0,7.4,0.2,0.2,41,8,0.0,1,1,4932,9489.0,1,Married,0,0
6690,58,38179.0,90.0,11.0,8.181818181818182,0.2727272727272727,0.36363636363636365,30,7,0.0,2,1,4839,12726.333333333334,4,Married,0,0
6694,60,75236.0,1068.0,25.0,42.72,0.32,0.04,27,4,0.0,1,1,4583,37618.0,3,Married,0,0
6710,73,58217.0,103.0,7.0,14.714285714285714,0.2857142857142857,0.14285714285714285,84,6,0.0,3,1,4956,14554.25,4,Single,0,0
6715,76,60200.0,685.0,25.0,27.4,0.24,0.24,3,6,0.0,1,1,4910,30100.0,5,Single,0,0
6720,56,43795.0,492.0,17.0,28.941176470588236,0.4117647058823529,0.17647058823529413,11,7,0.2,1,1,4623,21897.5,4,Married,0,1
6721,73,71965.0,1213.0,17.0,71.3529411764706,0.35294117647058826,0.17647058823529413,21,3,0.0,1,1,4702,35982.5,3,Married,0,0
6722,70,70421.0,767.0,23.0,33.34782608695652,0.43478260869565216,0.13043478260869565,98,6,0.0,1,1,4368,35210.5,5,Married,0,0
6728,39,29103.0,48.0,6.0,8.0,0.16666666666666666,0.3333333333333333,38,9,0.0,1,1,5038,14551.5,3,Married,0,0
6729,36,68655.0,1538.0,21.0,73.23809523809524,0.19047619047619047,0.047619047619047616,95,3,0.0,0,0,5055,68655.0,3,Single,0,0
6730,70,38998.0,54.0,8.0,6.75,0.25,0.375,92,8,0.0,2,1,4970,12999.333333333334,3,Married,1,0
6742,45,17688.0,11.0,4.0,2.75,0.25,0.25,82,8,0.0,1,1,4899,8844.0,3,Married,1,0
6749,58,86358.0,1722.0,18.0,95.66666666666667,0.2777777777777778,0.2222222222222222,78,8,0.0,2,1,5057,28786.0,3,Single,0,0
6768,62,37859.0,36.0,6.0,6.0,0.16666666666666666,0.3333333333333333,75,8,0.0,3,1,4900,9464.75,3,Divorced,0,0
6770,39,21355.0,68.0,7.0,9.714285714285714,0.2857142857142857,0.2857142857142857,5,6,0.2,1,1,4680,10677.5,3,Married,0,1
6798,58,37070.0,433.0,23.0,18.82608695652174,0.21739130434782608,0.391304347826087,30,7,0.0,2,1,4833,12356.666666666666,3,Single,0,1
6810,41,82025.0,1187.0,12.0,98.91666666666667,0.25,0.08333333333333333,76,1,0.2,0,0,4764,82025.0,3,Divorced,0,1
6815,44,96547.0,809.0,21.0,38.523809523809526,0.3333333333333333,0.0,4,2,0.6,0,0,4404,96547.0,2,Married,0,1
6818,50,44989.0,369.0,16.0,23.0625,0.3125,0.3125,26,6,0.0,1,1,5022,22494.5,3,Married,0,0
6825,71,41452.0,16.0,4.0,4.0,0.25,0.25,86,7,0.0,2,1,4847,13817.333333333334,3,Married,0,0
6853,42,75777.0,1438.0,21.0,68.47619047619048,0.14285714285714285,0.047619047619047616,12,1,0.4,0,0,4727,75777.0,4,Single,0,1
6856,45,21645.0,65.0,9.0,7.222222222222222,0.3333333333333333,0.3333333333333333,75,9,0.0,1,1,5031,10822.5,3,Married,0,1
6859,37,29236.0,99.0,9.0,11.0,0.4444444444444444,0.2222222222222222,30,9,0.0,1,1,4631,14618.0,3,Single,0,0
6862,53,1730.0,8.0,15.0,0.5333333333333333,0.0,1.0,65,20,0.0,0,0,4409,1730.0,3,Divorced,0,0
6864,35,10979.0,30.0,8.0,3.75,0.375,0.25,34,5,0.0,0,0,4405,10979.0,4,Divorced,0,0
6866,55,35924.0,34.0,5.0,6.8,0.2,0.2,56,5,0.0,2,1,4465,11974.666666666666,4,Married,0,0
6870,65,68805.0,283.0,12.0,23.583333333333332,0.25,0.08333333333333333,73,2,0.0,1,1,4652,34402.5,5,Divorced,0,0
6872,50,65352.0,405.0,16.0,25.3125,0.25,0.125,43,4,0.0,1,1,4679,32676.0,5,Married,0,0
6875,59,32727.0,529.0,17.0,31.11764705882353,0.4117647058823529,0.11764705882352941,38,8,0.0,0,0,5037,32727.0,5,Married,0,0
6878,70,27421.0,324.0,14.0,23.142857142857142,0.2857142857142857,0.21428571428571427,14,7,0.0,0,0,4931,27421.0,3,Widow,0,0
6885,47,32952.0,55.0,6.0,9.166666666666666,0.3333333333333333,0.16666666666666666,36,7,0.0,1,1,4577,16476.0,3,Divorced,0,0
6887,57,79146.0,564.0,19.0,29.68421052631579,0.42105263157894735,0.10526315789473684,33,6,0.0,2,1,4433,26382.0,3,Single,0,0
6892,56,61671.0,732.0,28.0,26.142857142857142,0.35714285714285715,0.2857142857142857,23,8,0.4,1,1,4393,30835.5,3,Divorced,0,0
6905,30,80685.0,1004.0,21.0,47.80952380952381,0.2857142857142857,0.047619047619047616,55,2,0.0,0,0,5043,80685.0,3,Married,0,0
6906,71,84953.0,1024.0,18.0,56.888888888888886,0.16666666666666666,0.05555555555555555,73,2,0.6,0,0,4758,84953.0,4,Widow,0,1
6912,57,63246.0,772.0,22.0,35.09090909090909,0.2727272727272727,0.045454545454545456,60,4,0.0,2,1,4680,21082.0,5,Married,0,0
6918,35,28691.0,34.0,5.0,6.8,0.2,0.2,56,8,0.0,1,1,4727,14345.5,3,Married,0,0
6919,46,26224.0,63.0,9.0,7.0,0.2222222222222222,0.3333333333333333,39,6,0.0,1,1,4757,13112.0,2,Married,0,0
6927,56,44377.0,264.0,19.0,13.894736842105264,0.2631578947368421,0.42105263157894735,70,8,0.0,2,1,4999,14792.333333333334,5,Married,0,0
6931,57,76982.0,1062.0,16.0,66.375,0.5,0.0625,19,4,0.2,0,0,4501,76982.0,3,Divorced,0,1
6932,83,93027.0,2119.0,22.0,96.31818181818181,0.3181818181818182,0.0,77,2,0.2,0,0,4809,93027.0,5,Married,0,0
6935,73,78497.0,978.0,25.0,39.12,0.2,0.04,44,2,0.2,0,0,4577,78497.0,2,Married,0,0
6940,58,46734.0,223.0,12.0,18.583333333333332,0.25,0.3333333333333333,86,6,0.2,3,1,4618,11683.5,5,Single,0,0
6941,53,31632.0,95.0,6.0,15.833333333333334,0.3333333333333333,0.16666666666666666,92,7,0.0,0,0,4717,31632.0,3,Single,0,0
6945,72,84574.0,1375.0,32.0,42.96875,0.28125,0.03125,72,5,0.0,0,0,4757,84574.0,3,Single,0,0
6950,66,49572.0,54.0,7.0,7.714285714285714,0.2857142857142857,0.2857142857142857,25,7,0.0,2,1,4563,16524.0,4,Married,0,0
6958,47,27889.0,26.0,5.0,5.2,0.2,0.2,42,6,0.0,1,1,4726,13944.5,4,Married,0,0
6961,50,26751.0,11.0,4.0,2.75,0.25,0.25,26,8,0.0,2,1,4405,8917.0,3,Married,0,0
6963,77,77457.0,1157.0,18.0,64.27777777777777,0.1111111111111111,0.05555555555555555,85,1,0.2,0,0,4483,77457.0,3,Single,0,0
6969,42,50272.0,233.0,13.0,17.923076923076923,0.3076923076923077,0.23076923076923078,75,7,0.0,1,1,4693,25136.0,3,Married,0,0
6974,52,83443.0,1497.0,22.0,68.04545454545455,0.2727272727272727,0.045454545454545456,89,2,0.0,0,0,4547,83443.0,5,Married,0,0
6977,50,75702.0,1921.0,29.0,66.24137931034483,0.3448275862068966,0.034482758620689655,87,6,0.2,1,1,4990,37851.0,3,Married,0,0
6982,48,74068.0,1581.0,24.0,65.875,0.16666666666666666,0.041666666666666664,14,2,0.0,0,0,4834,74068.0,3,Married,0,0
6983,74,38054.0,45.0,7.0,6.428571428571429,0.2857142857142857,0.2857142857142857,24,7,0.0,2,1,4426,12684.666666666666,4,Divorced,0,0
6988,38,71952.0,1443.0,22.0,65.5909090909091,0.36363636363636365,0.09090909090909091,93,4,0.4,1,1,4902,35976.0,3,Married,0,0
6991,73,43185.0,637.0,20.0,31.85,0.45,0.1,88,8,0.0,1,1,4812,21592.5,3,Divorced,0,0
6999,44,69661.0,834.0,23.0,36.26086956521739,0.30434782608695654,0.043478260869565216,80,3,0.0,0,0,4414,69661.0,4,Married,0,0
7000,52,65704.0,817.0,23.0,35.52173913043478,0.08695652173913043,0.043478260869565216,18,1,0.0,0,0,4626,65704.0,2,Single,0,0
7002,69,62535.0,398.0,14.0,28.428571428571427,0.21428571428571427,0.07142857142857142,13,3,0.0,1,1,4636,31267.5,3,Single,0,0
7004,40,11012.0,84.0,9.0,9.333333333333334,0.3333333333333333,0.3333333333333333,82,9,0.2,1,1,4837,5506.0,3,Single,0,0
7005,43,58684.0,813.0,21.0,38.714285714285715,0.23809523809523808,0.047619047619047616,71,2,0.2,0,0,4380,58684.0,3,Single,0,0
7007,56,29543.0,63.0,8.0,7.875,0.375,0.25,47,7,0.0,2,1,4456,9847.666666666666,4,Married,0,0
7010,59,70924.0,1363.0,20.0,68.15,0.3,0.05,41,3,0.2,0,0,4450,70924.0,2,Married,0,0
7011,51,33471.0,93.0,10.0,9.3,0.3,0.3,47,7,0.0,1,1,4992,16735.5,3,Married,0,0
7019,61,54414.0,211.0,13.0,16.23076923076923,0.23076923076923078,0.3076923076923077,49,4,0.0,2,1,4889,18138.0,3,Married,0,0
7022,53,76445.0,1410.0,21.0,67.14285714285714,0.09523809523809523,0.047619047619047616,2,6,0.0,1,1,5006,38222.5,3,Married,0,0
7023,71,46231.0,263.0,15.0,17.533333333333335,0.4,0.26666666666666666,87,9,0.0,3,1,4947,11557.75,5,Single,0,0
7030,69,66465.0,1485.0,35.0,42.42857142857143,0.3142857142857143,0.08571428571428572,1,6,0.2,1,1,4823,33232.5,5,Married,0,0
7034,46,25804.0,55.0,7.0,7.857142857142857,0.2857142857142857,0.2857142857142857,34,8,0.0,1,1,4668,12902.0,2,Married,0,0
7037,50,37087.0,401.0,17.0,23.58823529411765,0.23529411764705882,0.17647058823529413,50,6,0.0,1,1,4689,18543.5,5,Married,0,0
7042,41,36790.0,66.0,6.0,11.0,0.3333333333333333,0.16666666666666666,14,9,0.0,0,0,4852,36790.0,3,Married,0,1
7053,58,78420.0,1453.0,22.0,66.04545454545455,0.13636363636363635,0.045454545454545456,75,1,0.0,0,0,4732,78420.0,5,Single,0,0
7055,72,61010.0,1021.0,26.0,39.26923076923077,0.3076923076923077,0.07692307692307693,57,5,0.0,1,1,4995,30505.0,5,Married,0,0
7059,61,80124.0,1495.0,19.0,78.6842105263158,0.15789473684210525,0.05263157894736842,47,1,0.2,0,0,4370,80124.0,3,Married,0,0
7072,51,67432.0,1335.0,19.0,70.26315789473684,0.42105263157894735,0.10526315789473684,69,4,0.0,1,1,4824,33716.0,3,Married,0,0
7079,62,63887.0,1245.0,32.0,38.90625,0.28125,0.15625,38,6,0.0,1,1,5026,31943.5,3,Divorced,0,0
7093,39,19986.0,22.0,4.0,5.5,0.0,0.25,74,7,0.0,1,1,4594,9993.0,3,Married,0,0
7094,49,58330.0,1064.0,24.0,44.333333333333336,0.25,0.041666666666666664,87,4,0.0,1,1,4553,29165.0,3,Widow,0,0
7101,61,52278.0,1198.0,31.0,38.645161290322584,0.3225806451612903,0.1935483870967742,24,8,0.0,1,1,4887,26139.0,5,Widow,0,0
7106,81,75865.0,1242.0,19.0,65.36842105263158,0.15789473684210525,0.05263157894736842,73,1,0.0,0,0,4457,75865.0,5,Married,0,0
7108,59,51390.0,353.0,18.0,19.61111111111111,0.2777777777777778,0.3333333333333333,54,5,0.0,2,1,5026,17130.0,4,Widow,0,0
7118,67,73803.0,1528.0,22.0,69.45454545454545,0.4090909090909091,0.09090909090909091,61,6,0.2,1,1,5064,36901.5,3,Married,0,1
7119,42,68627.0,825.0,12.0,68.75,0.16666666666666666,0.08333333333333333,45,1,0.0,0,0,4900,68627.0,3,Single,0,0
7124,56,36997.0,94.0,12.0,7.833333333333333,0.16666666666666666,0.4166666666666667,72,5,0.0,2,1,4880,12332.333333333334,3,Divorced,0,0
7128,47,42997.0,15.0,4.0,3.75,0.25,0.25,91,7,0.0,2,1,4571,14332.333333333334,5,Single,0,0
7129,62,54693.0,929.0,31.0,29.967741935483872,0.1935483870967742,0.25806451612903225,72,6,0.0,1,1,4864,27346.5,5,Married,0,0
7141,38,21888.0,213.0,12.0,17.75,0.4166666666666667,0.3333333333333333,15,10,0.0,1,1,4914,10944.0,4,Single,0,1
7143,69,74805.0,820.0,26.0,31.53846153846154,0.15384615384615385,0.19230769230769232,14,2,0.0,1,1,4602,37402.5,2,Married,0,0
7152,41,27100.0,37.0,5.0,7.4,0.2,0.2,64,7,0.0,1,1,4817,13550.0,4,Married,0,0
7165,52,64474.0,823.0,22.0,37.40909090909091,0.36363636363636365,0.09090909090909091,59,5,0.0,1,1,4617,32237.0,3,Married,0,0
7181,47,30368.0,52.0,7.0,7.428571428571429,0.2857142857142857,0.2857142857142857,97,8,0.0,1,1,4601,15184.0,3,Married,0,0
7186,58,30843.0,35.0,6.0,5.833333333333333,0.16666666666666666,0.3333333333333333,43,5,0.2,2,1,4401,10281.0,5,Married,0,0
7187,55,51381.5,721.0,25.0,28.84,0.16,0.28,52,3,0.0,2,1,4774,17127.166666666668,4,Married,0,0
7192,69,65748.0,545.0,18.0,30.27777777777778,0.1111111111111111,0.1111111111111111,58,1,0.0,1,1,4807,32874.0,3,Married,1,0
7196,74,41145.0,13.0,4.0,3.25,0.0,0.25,20,3,0.0,2,1,4508,13715.0,5,Married,0,0
7212,58,44794.0,65.0,6.0,10.833333333333334,0.3333333333333333,0.16666666666666666,99,6,0.0,1,1,4388,22397.0,3,Married,0,0
7214,67,62187.0,1283.0,18.0,71.27777777777777,0.2222222222222222,0.05555555555555555,49,3,0.0,0,0,4726,62187.0,3,Married,0,0
7215,41,101970.0,1135.0,27.0,42.03703703703704,0.2222222222222222,0.0,69,2,0.6,0,0,4841,101970.0,3,Single,0,1
7224,47,31353.0,31.0,6.0,5.166666666666667,0.16666666666666666,0.3333333333333333,24,8,0.0,2,1,4549,10451.0,3,Married,0,0
7230,64,50611.0,493.0,22.0,22.40909090909091,0.18181818181818182,0.2727272727272727,98,6,0.2,1,1,5000,25305.5,5,Divorced,0,1
7232,51,42429.0,67.0,7.0,9.571428571428571,0.14285714285714285,0.2857142857142857,99,5,0.0,1,1,4505,21214.5,3,Widow,0,0
7233,52,69209.0,1782.0,16.0,111.375,0.3125,0.125,4,4,0.2,0,0,5017,69209.0,3,Married,0,0
7235,49,17003.0,38.0,9.0,4.222222222222222,0.2222222222222222,0.3333333333333333,37,5,0.0,1,1,4569,8501.5,2,Married,0,0
7244,73,51381.5,124.0,10.0,12.4,0.2,0.3,96,6,0.0,3,1,4546,12845.375,3,Single,0,0
7247,64,47916.0,606.0,22.0,27.545454545454547,0.3181818181818182,0.22727272727272727,72,6,0.2,1,1,4951,23958.0,3,Widow,0,0
7250,46,57867.0,612.0,25.0,24.48,0.28,0.28,48,6,0.0,1,1,4638,28933.5,3,Married,0,0
7254,55,38361.0,137.0,10.0,13.7,0.3,0.3,74,7,0.0,1,1,4551,19180.5,3,Married,0,0
7261,53,34600.0,318.0,17.0,18.705882352941178,0.29411764705882354,0.29411764705882354,8,8,0.0,2,1,4911,11533.333333333334,3,Married,0,1
7264,46,52195.0,17.0,4.0,4.25,0.25,0.25,2,8,0.0,3,1,4415,13048.75,2,Single,0,0
7270,43,56981.0,1241.0,19.0,65.3157894736842,0.10526315789473684,0.05263157894736842,91,6,0.2,0,0,4522,56981.0,3,Divorced,0,0
7274,67,78618.0,2153.0,22.0,97.86363636363636,0.18181818181818182,0.045454545454545456,87,2,0.2,0,0,5006,78618.0,3,Married,0,0
7275,53,33316.0,131.0,10.0,13.1,0.2,0.3,34,6,0.0,2,1,4635,11105.333333333334,4,Single,0,0
7279,55,69476.0,1044.0,15.0,69.6,0.26666666666666666,0.06666666666666667,3,2,0.0,0,0,4639,69476.0,5,Married,0,0
7281,65,51381.5,186.0,9.0,20.666666666666668,0.1111111111111111,0.1111111111111111,80,2,0.0,0,0,4603,51381.5,5,Single,0,0
7284,71,48686.0,20.0,4.0,5.0,0.25,0.25,8,8,0.0,3,1,4574,12171.5,3,Married,0,0
7286,56,41728.0,55.0,5.0,11.0,0.4,0.2,92,10,0.0,1,1,4768,20864.0,3,Married,0,0
7290,39,70596.0,968.0,21.0,46.095238095238095,0.14285714285714285,0.047619047619047616,68,2,0.0,0,0,4999,70596.0,3,Single,0,0
7297,51,7500.0,57.0,11.0,5.181818181818182,0.2727272727272727,0.36363636363636365,54,7,0.0,1,1,4552,3750.0,3,Single,0,0
7300,72,69142.0,535.0,19.0,28.157894736842106,0.42105263157894735,0.15789473684210525,50,5,0.2,1,1,4367,34571.0,3,Divorced,0,0
7301,42,23616.0,79.0,8.0,9.875,0.375,0.25,76,8,0.0,1,1,4956,11808.0,2,Single,0,1
7313,75,74859.0,1565.0,23.0,68.04347826086956,0.2608695652173913,0.043478260869565216,63,3,0.2,0,0,4758,74859.0,2,Widow,0,0
7321,62,76081.0,1033.0,14.0,73.78571428571429,0.2857142857142857,0.07142857142857142,85,2,0.2,0,0,4404,76081.0,3,Married,0,0
7325,38,38197.0,40.0,5.0,8.0,0.2,0.2,86,5,0.0,1,1,4732,19098.5,5,Married,0,0
7326,53,56850.0,63.0,6.0,10.5,0.16666666666666666,0.16666666666666666,83,2,0.0,1,1,4465,28425.0,4,Married,0,0
7327,65,36732.0,47.0,9.0,5.222222222222222,0.1111111111111111,0.3333333333333333,71,2,0.0,2,1,4549,12244.0,5,Married,0,0
7342,63,59184.0,1072.0,27.0,39.7037037037037,0.2222222222222222,0.1111111111111111,6,5,0.0,1,1,5025,29592.0,2,Widow,0,0
7348,66,71691.0,1192.0,17.0,70.11764705882354,0.23529411764705882,0.058823529411764705,0,2,0.0,0,0,4471,71691.0,5,Single,0,1
7349,51,9722.0,103.0,11.0,9.363636363636363,0.2727272727272727,0.36363636363636365,7,8,0.0,1,1,5002,4861.0,1,Married,0,1
7352,67,55267.0,405.0,17.0,23.823529411764707,0.17647058823529413,0.23529411764705882,28,3,0.0,1,1,4618,27633.5,3,Married,0,0
7366,42,75777.0,1438.0,21.0,68.47619047619048,0.14285714285714285,0.047619047619047616,12,1,0.4,0,0,4727,75777.0,4,Single,0,1
7369,43,36959.0,62.0,7.0,8.857142857142858,0.2857142857142857,0.2857142857142857,56,8,0.0,1,1,4637,18479.5,4,Married,0,0
7373,72,46610.0,302.0,17.0,17.764705882352942,0.23529411764705882,0.35294117647058826,8,6,0.0,2,1,4975,15536.666666666666,5,Divorced,0,1
7375,48,51369.0,576.0,16.0,36.0,0.5,0.125,84,8,0.0,1,1,4979,25684.5,3,Married,0,0
7378,43,42021.0,573.0,22.0,26.045454545454547,0.45454545454545453,0.22727272727272727,34,9,0.2,1,1,5034,21010.5,4,Married,0,0
7381,56,75693.0,1442.0,22.0,65.54545454545455,0.5,0.045454545454545456,10,4,0.6,0,0,4937,75693.0,3,Divorced,0,1
7384,73,39767.0,485.0,17.0,28.529411764705884,0.4117647058823529,0.11764705882352941,18,8,0.0,0,0,4710,39767.0,4,Married,0,0
7386,48,30992.0,43.0,5.0,8.6,0.2,0.2,83,7,0.0,1,1,4800,15496.0,3,Divorced,0,0
7393,46,41580.0,92.0,9.0,10.222222222222221,0.2222222222222222,0.3333333333333333,15,5,0.0,2,1,4933,13860.0,3,Married,0,0
7396,58,80398.0,1597.0,26.0,61.42307692307692,0.19230769230769232,0.038461538461538464,92,3,0.2,0,0,4963,80398.0,3,Married,0,0
7397,73,49090.0,688.0,21.0,32.76190476190476,0.3333333333333333,0.14285714285714285,45,7,0.0,1,1,4712,24545.0,3,Single,0,0
7408,72,54549.0,233.0,12.0,19.416666666666668,0.4166666666666667,0.16666666666666666,8,7,0.0,1,1,4485,27274.5,5,Married,0,0
7409,54,53187.0,267.0,13.0,20.53846153846154,0.3076923076923077,0.15384615384615385,66,5,0.0,1,1,4613,26593.5,3,Married,0,0
7411,60,31686.0,17.0,6.0,2.8333333333333335,0.16666666666666666,0.3333333333333333,31,6,0.0,2,1,4391,10562.0,5,Married,0,0
7414,53,43824.0,186.0,12.0,15.5,0.25,0.3333333333333333,18,8,0.0,2,1,5019,14608.0,3,Married,0,0
7419,56,27071.0,35.0,7.0,5.0,0.2857142857142857,0.2857142857142857,90,6,0.0,1,1,4434,13535.5,4,Divorced,0,0
7422,37,46923.0,369.0,16.0,23.0625,0.3125,0.1875,90,7,0.0,1,1,5043,23461.5,3,Single,0,0
7426,53,54690.0,198.0,12.0,16.5,0.25,0.25,76,3,0.0,2,1,4601,18230.0,2,Married,0,0
7428,49,80144.0,1367.0,19.0,71.94736842105263,0.15789473684210525,0.05263157894736842,47,1,0.0,0,0,4639,80144.0,3,Married,0,0
7431,33,68126.0,1820.0,17.0,107.05882352941177,0.4117647058823529,0.058823529411764705,40,9,0.2,0,0,4963,68126.0,5,Single,0,1
7433,39,29760.0,165.0,12.0,13.75,0.25,0.3333333333333333,87,8,0.0,1,1,5036,14880.0,3,Single,0,0
7437,36,27938.0,29.0,6.0,4.833333333333333,0.16666666666666666,0.16666666666666666,31,3,0.0,1,1,4429,13969.0,3,Single,0,0
7441,51,71128.0,1615.0,27.0,59.81481481481482,0.07407407407407407,0.1111111111111111,80,7,0.0,1,1,4998,35564.0,3,Divorced,0,0
7444,55,42169.0,30.0,6.0,5.0,0.16666666666666666,0.3333333333333333,20,8,0.0,2,1,4620,14056.333333333334,4,Married,0,0
7446,57,62513.0,716.0,22.0,32.54545454545455,0.2727272727272727,0.09090909090909091,16,6,0.0,1,1,4660,31256.5,4,Married,0,0
7451,64,98777.0,2008.0,19.0,105.6842105263158,0.21052631578947367,0.0,23,1,0.2,0,0,4499,98777.0,4,Single,0,0
7453,70,36130.0,488.0,21.0,23.238095238095237,0.14285714285714285,0.2857142857142857,46,4,0.2,1,1,4879,18065.0,3,Single,0,1
7458,68,34941.0,97.0,8.0,12.125,0.375,0.25,26,8,0.0,2,1,4847,11647.0,4,Married,0,0
7462,70,22507.0,570.0,19.0,30.0,0.5263157894736842,0.15789473684210525,67,9,0.0,0,0,4949,22507.0,3,Single,0,0
7476,60,63972.0,1269.0,23.0,55.17391304347826,0.21739130434782608,0.17391304347826086,93,4,0.2,1,1,4941,31986.0,4,Single,0,0
7485,74,56551.0,138.0,10.0,13.8,0.2,0.3,48,4,0.0,2,1,4420,18850.333333333332,5,Widow,0,0
7488,61,64191.0,825.0,24.0,34.375,0.20833333333333334,0.125,30,3,0.0,1,1,4890,32095.5,4,Single,0,0
7494,74,42873.0,269.0,15.0,17.933333333333334,0.4,0.26666666666666666,11,8,0.0,2,1,4891,14291.0,5,Divorced,0,0
7495,76,56223.0,156.0,10.0,15.6,0.2,0.2,72,4,0.0,1,1,4558,28111.5,5,Married,0,0
7500,57,79146.0,564.0,19.0,29.68421052631579,0.42105263157894735,0.10526315789473684,33,6,0.0,2,1,4433,26382.0,3,Single,0,0
7503,48,75825.0,2209.0,22.0,100.4090909090909,0.22727272727272727,0.0,40,4,0.2,0,0,4992,75825.0,3,Single,0,1
7505,67,44155.0,46.0,5.0,9.2,0.2,0.2,24,4,0.0,2,1,4528,14718.333333333334,5,Married,0,0
7514,68,54342.0,177.0,12.0,14.75,0.25,0.3333333333333333,74,6,0.0,2,1,4728,18114.0,2,Married,0,0
7516,41,30096.0,45.0,6.0,7.5,0.3333333333333333,0.16666666666666666,30,6,0.0,1,1,4405,15048.0,3,Married,0,0
7521,72,83844.0,1574.0,20.0,78.7,0.2,0.05,57,1,0.2,0,0,4780,83844.0,3,Married,0,0
7527,56,23748.0,76.0,9.0,8.444444444444445,0.2222222222222222,0.3333333333333333,97,8,0.0,1,1,4952,11874.0,4,Divorced,0,0
7530,74,56551.0,138.0,10.0,13.8,0.2,0.3,48,4,0.0,2,1,4420,18850.333333333332,5,Widow,0,0
7532,44,43586.0,132.0,10.0,13.2,0.3,0.3,26,8,0.0,1,1,5035,21793.0,3,Married,0,0
7533,60,49096.0,187.0,13.0,14.384615384615385,0.3076923076923077,0.3076923076923077,15,7,0.0,2,1,4645,16365.333333333334,3,Married,0,0
7540,72,50300.0,270.0,13.0,20.76923076923077,0.15384615384615385,0.15384615384615385,52,2,0.0,1,1,4402,25150.0,3,Married,0,0
7573,46,31626.0,86.0,6.0,14.333333333333334,0.3333333333333333,0.16666666666666666,12,7,0.2,1,1,4782,15813.0,5,Single,0,1
7574,45,27922.0,41.0,6.0,6.833333333333333,0.3333333333333333,0.16666666666666666,80,4,0.0,1,1,4417,13961.0,5,Married,0,0
7592,78,51012.0,209.0,10.0,20.9,0.4,0.1,86,6,0.0,0,0,4804,51012.0,5,Married,0,0
7600,32,15253.0,29.0,6.0,4.833333333333333,0.16666666666666666,0.3333333333333333,13,7,0.0,1,1,4611,7626.5,1,Single,0,0
7610,41,37292.0,460.0,19.0,24.210526315789473,0.3157894736842105,0.2631578947368421,32,8,0.0,1,1,4804,18646.0,3,Married,0,0
7613,50,49669.0,326.0,14.0,23.285714285714285,0.35714285714285715,0.14285714285714285,97,6,0.0,1,1,4403,24834.5,2,Married,0,0
7617,50,42373.0,163.0,13.0,12.538461538461538,0.15384615384615385,0.38461538461538464,83,5,0.0,2,1,4685,14124.333333333334,3,Single,0,0
7620,34,16185.0,106.0,8.0,13.25,0.25,0.25,71,8,0.0,1,1,4695,8092.5,1,Single,0,0
7627,49,92163.0,2086.0,21.0,99.33333333333333,0.23809523809523808,0.0,25,2,0.4,0,0,4931,92163.0,4,Married,0,1
7628,51,43050.0,76.0,8.0,9.5,0.25,0.25,10,5,0.0,1,1,4470,21525.0,2,Married,0,0
7629,47,22108.0,31.0,7.0,4.428571428571429,0.2857142857142857,0.2857142857142857,46,7,0.0,2,1,4419,7369.333333333333,3,Married,0,0
7631,46,61346.0,989.0,23.0,43.0,0.21739130434782608,0.043478260869565216,34,3,0.0,1,1,4633,30673.0,4,Married,0,0
7646,35,64449.0,805.0,24.0,33.541666666666664,0.20833333333333334,0.16666666666666666,70,4,0.0,1,1,4498,32224.5,3,Single,0,0
7660,51,35860.0,49.0,6.0,8.166666666666666,0.16666666666666666,0.3333333333333333,37,5,0.2,2,1,4408,11953.333333333334,5,Single,0,1
7679,39,30298.0,28.0,6.0,4.666666666666667,0.16666666666666666,0.16666666666666666,48,3,0.0,0,0,4408,30298.0,5,Single,0,0
7683,56,70777.0,787.0,23.0,34.21739130434783,0.21739130434782608,0.13043478260869565,80,3,0.0,1,1,4491,35388.5,4,Married,0,0
7685,46,33039.0,78.0,7.0,11.142857142857142,0.2857142857142857,0.14285714285714285,4,5,0.0,1,1,4660,16519.5,3,Married,0,0
7698,48,51650.0,191.0,10.0,19.1,0.4,0.1,81,5,0.0,1,1,4416,25825.0,5,Married,0,0
7699,55,40590.0,258.0,15.0,17.2,0.2,0.3333333333333333,30,6,0.2,2,1,4637,13530.0,3,Widow,0,0
7706,49,46772.0,1048.0,30.0,34.93333333333333,0.36666666666666664,0.2,88,8,0.2,1,1,4966,23386.0,2,Married,0,0
7712,78,62159.0,634.0,19.0,33.36842105263158,0.3157894736842105,0.05263157894736842,68,4,0.0,0,0,4429,62159.0,5,Single,0,0
7718,77,66000.0,711.0,10.0,71.1,0.1,0.1,36,1,0.0,0,0,4437,66000.0,4,Married,0,0
7723,45,75507.0,1440.0,21.0,68.57142857142857,0.38095238095238093,0.047619047619047616,56,3,0.0,0,0,4425,75507.0,3,Married,0,0
7725,59,76800.0,641.0,16.0,40.0625,0.25,0.0625,33,1,0.0,0,0,4480,76800.0,2,Married,0,0
7732,46,64813.0,745.0,20.0,37.25,0.35,0.05,81,5,0.0,1,1,4545,32406.5,3,Married,0,0
7734,31,79244.0,1216.0,22.0,55.27272727272727,0.18181818181818182,0.045454545454545456,58,1,0.4,0,0,4924,79244.0,3,Single,0,1
7736,38,22518.0,61.0,7.0,8.714285714285714,0.2857142857142857,0.2857142857142857,36,5,0.2,1,1,4982,11259.0,3,Married,0,1
7755,70,57744.0,411.0,16.0,25.6875,0.5625,0.125,91,8,0.0,1,1,4596,28872.0,5,Married,0,0
7761,46,38702.0,109.0,9.0,12.11111111111111,0.3333333333333333,0.2222222222222222,71,6,0.0,1,1,4699,19351.0,2,Married,0,0
7786,38,29999.0,160.0,12.0,13.333333333333334,0.25,0.3333333333333333,22,8,0.0,1,1,4868,14999.5,5,Single,0,0
7787,64,62807.0,819.0,23.0,35.608695652173914,0.21739130434782608,0.13043478260869565,83,5,0.0,1,1,5034,31403.5,3,Married,0,0
7788,41,23536.0,10.0,4.0,2.5,0.0,0.25,53,3,0.0,1,1,4392,11768.0,5,Married,0,0
7789,59,84618.0,1672.0,26.0,64.3076923076923,0.23076923076923078,0.038461538461538464,96,2,0.2,0,0,4586,84618.0,5,Married,0,0
7791,57,37054.0,25.0,6.0,4.166666666666667,0.16666666666666666,0.3333333333333333,89,7,0.0,2,1,4654,12351.333333333334,4,Married,0,0
7793,48,62061.0,800.0,24.0,33.333333333333336,0.4166666666666667,0.125,12,6,0.2,1,1,4669,31030.5,3,Married,0,0
7798,52,46344.0,429.0,17.0,25.235294117647058,0.4117647058823529,0.23529411764705882,28,7,0.0,1,1,4929,23172.0,2,Married,0,0
7801,65,54753.0,728.0,21.0,34.666666666666664,0.23809523809523808,0.14285714285714285,87,4,0.0,1,1,4657,27376.5,3,Married,0,0
7807,50,44989.0,369.0,16.0,23.0625,0.3125,0.3125,26,6,0.0,1,1,5022,22494.5,3,Married,0,0
7822,48,54058.0,662.0,20.0,33.1,0.2,0.1,56,3,0.0,1,1,4757,27029.0,3,Married,0,0
7828,43,77882.0,818.0,12.0,68.16666666666667,0.25,0.08333333333333333,29,1,0.0,0,0,4427,77882.0,4,Married,0,0
7829,124,36640.0,65.0,6.0,10.833333333333334,0.3333333333333333,0.16666666666666666,99,5,0.0,1,1,4643,18320.0,2,Divorced,1,0
7832,65,77520.0,1526.0,23.0,66.34782608695652,0.34782608695652173,0.043478260869565216,30,4,0.6,1,1,4672,38760.0,4,Married,0,1
7842,56,36065.0,74.0,9.0,8.222222222222221,0.3333333333333333,0.3333333333333333,54,8,0.0,2,1,4822,12021.666666666666,3,Single,0,0
7848,50,49166.0,368.0,13.0,28.307692307692307,0.38461538461538464,0.15384615384615385,17,6,0.0,1,1,4748,24583.0,3,Single,0,0
7849,54,80336.0,1052.0,25.0,42.08,0.08,0.04,12,1,0.0,0,0,4660,80336.0,5,Married,0,0
7851,75,70165.0,926.0,22.0,42.09090909090909,0.13636363636363635,0.045454545454545456,60,1,0.0,0,0,4647,70165.0,3,Widow,0,0
7861,72,77027.0,1175.0,19.0,61.8421052631579,0.42105263157894735,0.10526315789473684,23,4,0.0,1,1,4511,38513.5,4,Married,0,0
7872,49,86836.0,557.0,23.0,24.217391304347824,0.2608695652173913,0.043478260869565216,7,5,0.6,0,0,5022,86836.0,5,Married,0,1
7873,51,63516.0,300.0,16.0,18.75,0.25,0.25,30,5,0.0,2,1,4725,21172.0,5,Married,0,0
7875,75,72025.0,1677.0,26.0,64.5,0.15384615384615385,0.038461538461538464,46,2,0.6,0,0,4428,72025.0,3,Married,0,1
7881,78,66835.0,1033.0,24.0,43.041666666666664,0.25,0.041666666666666664,21,2,0.0,0,0,4641,66835.0,4,Married,0,0
7892,55,18589.0,75.0,8.0,9.375,0.25,0.25,89,7,0.0,0,0,4910,18589.0,3,Single,0,0
7899,72,77610.0,1680.0,17.0,98.82352941176471,0.23529411764705882,0.11764705882352941,70,7,0.0,1,1,4975,38805.0,5,Married,0,0
7901,53,34109.0,22.0,4.0,5.5,0.0,0.25,39,4,0.0,1,1,4602,17054.5,4,Married,0,0
7912,46,38136.0,103.0,8.0,12.875,0.375,0.25,69,8,0.2,1,1,4800,19068.0,3,Married,0,0
7919,48,72335.0,2092.0,23.0,90.95652173913044,0.43478260869565216,0.043478260869565216,2,8,0.0,0,0,5052,72335.0,5,Married,0,1
7922,73,64950.0,966.0,25.0,38.64,0.44,0.08,29,7,0.2,1,1,5053,32475.0,5,Single,0,0
7930,55,26877.0,268.0,12.0,22.333333333333332,0.25,0.16666666666666666,74,6,0.0,0,0,4681,26877.0,4,Single,0,0
7937,42,24711.0,58.0,7.0,8.285714285714286,0.42857142857142855,0.14285714285714285,86,7,0.0,0,0,4439,24711.0,3,Married,0,0
7938,66,51518.0,449.0,17.0,26.41176470588235,0.17647058823529413,0.11764705882352941,92,3,0.0,1,1,4636,25759.0,5,Married,0,0
7943,49,36663.0,35.0,6.0,5.833333333333333,0.16666666666666666,0.16666666666666666,40,2,0.0,1,1,4432,18331.5,5,Married,0,0
7947,55,42231.0,37.0,5.0,7.4,0.2,0.2,99,5,0.0,2,1,4463,14077.0,3,Married,0,0
7959,63,79410.0,1370.0,11.0,124.54545454545455,0.2727272727272727,0.09090909090909091,19,1,0.0,0,0,4398,79410.0,3,Married,0,0
7960,62,82122.0,1382.0,26.0,53.15384615384615,0.11538461538461539,0.038461538461538464,89,1,0.2,0,0,4685,82122.0,2,Married,0,0
7962,37,95169.0,1901.0,12.0,158.41666666666666,0.3333333333333333,0.08333333333333333,1,1,0.4,0,0,4630,95169.0,5,Single,0,1
7966,65,80982.0,1191.0,30.0,39.7,0.36666666666666664,0.1,48,5,0.0,2,1,4904,26994.0,3,Single,1,0
7972,69,72906.0,1151.0,17.0,67.70588235294117,0.17647058823529413,0.058823529411764705,79,1,0.0,0,0,4652,72906.0,3,Single,0,0
7987,55,65747.0,460.0,19.0,24.210526315789473,0.42105263157894735,0.21052631578947367,96,6,0.2,1,1,4481,32873.5,3,Married,0,0
7990,77,27469.0,17.0,4.0,4.25,0.0,0.25,2,6,0.0,0,0,5063,27469.0,3,Married,0,0
7998,66,28087.0,112.0,9.0,12.444444444444445,0.2222222222222222,0.3333333333333333,77,7,0.0,2,1,4932,9362.333333333334,3,Married,0,0
7999,69,75261.0,1743.0,17.0,102.52941176470588,0.29411764705882354,0.058823529411764705,17,2,0.4,0,0,4799,75261.0,5,Married,0,1
8008,41,36075.0,119.0,7.0,17.0,0.2857142857142857,0.14285714285714285,54,6,0.0,1,1,4569,18037.5,3,Married,0,0
8015,62,85696.0,1313.0,20.0,65.65,0.2,0.05,88,1,0.0,0,0,4789,85696.0,5,Divorced,0,1
8017,43,51111.0,55.0,7.0,7.857142857142857,0.2857142857142857,0.2857142857142857,83,6,0.0,2,1,4377,17037.0,2,Married,0,0
8026,72,62998.0,463.0,19.0,24.36842105263158,0.2631578947368421,0.2631578947368421,10,5,0.0,1,1,4639,31499.0,3,Married,0,0
8029,36,90247.0,1621.0,15.0,108.06666666666666,0.2,0.06666666666666667,27,1,0.6,0,0,4428,90247.0,4,Single,0,1
8036,53,26850.0,63.0,11.0,5.7272727272727275,0.18181818181818182,0.36363636363636365,10,4,0.0,2,1,4439,8950.0,2,Married,0,0
8041,53,47111.0,1092.0,21.0,52.0,0.14285714285714285,0.2857142857142857,35,9,0.0,1,1,5026,23555.5,5,Widow,0,0
8070,51,54222.0,264.0,12.0,22.0,0.25,0.08333333333333333,98,3,0.0,1,1,4487,27111.0,5,Married,0,0
8079,42,22448.0,55.0,9.0,6.111111111111111,0.2222222222222222,0.3333333333333333,86,3,0.0,1,1,4490,11224.0,3,Married,0,0
8080,38,26816.0,22.0,4.0,5.5,0.0,0.25,50,4,0.0,0,0,5048,26816.0,3,Single,0,0
8082,53,25721.0,34.0,5.0,6.8,0.2,0.2,75,7,0.0,1,1,4771,12860.5,3,Married,0,1
8086,65,42243.0,55.0,7.0,7.857142857142857,0.2857142857142857,0.2857142857142857,34,7,0.0,2,1,4567,14081.0,3,Married,0,0
8091,68,63943.0,1106.0,17.0,65.05882352941177,0.35294117647058826,0.058823529411764705,50,5,0.0,1,1,5032,31971.5,3,Married,0,0
8093,55,79734.0,914.0,14.0,65.28571428571429,0.2857142857142857,0.07142857142857142,72,1,0.2,0,0,4368,79734.0,4,Married,0,0
8104,73,53312.0,278.0,12.0,23.166666666666668,0.4166666666666667,0.08333333333333333,32,7,0.0,0,0,4691,53312.0,5,Married,0,0
8132,49,60631.0,661.0,24.0,27.541666666666668,0.375,0.20833333333333334,88,7,0.2,2,1,4817,20210.333333333332,5,Married,0,0
8135,38,27161.0,52.0,5.0,10.4,0.2,0.2,41,7,0.0,1,1,4611,13580.5,4,Married,0,0
8140,51,22682.0,95.0,10.0,9.5,0.2,0.3,51,4,0.0,1,1,4636,11341.0,3,Married,0,0
8143,39,37929.0,265.0,13.0,20.384615384615383,0.3076923076923077,0.15384615384615385,49,7,0.4,0,0,4701,37929.0,5,Single,0,1
8146,48,46106.0,54.0,5.0,10.8,0.2,0.2,84,6,0.0,2,1,4416,15368.666666666666,4,Married,0,0
8147,64,31454.0,48.0,8.0,6.0,0.25,0.375,40,8,0.0,2,1,4725,10484.666666666666,3,Married,0,0
8148,68,50898.0,859.0,33.0,26.03030303030303,0.18181818181818182,0.3939393939393939,88,5,0.0,2,1,4904,16966.0,4,Married,0,0
8151,34,24279.0,263.0,9.0,29.22222222222222,0.4444444444444444,0.1111111111111111,6,8,0.0,0,0,4914,24279.0,1,Married,0,0
8159,56,51287.0,182.0,11.0,16.545454545454547,0.36363636363636365,0.2727272727272727,10,7,0.0,2,1,4456,17095.666666666668,3,Married,0,0
8162,68,14661.0,26.0,5.0,5.2,0.2,0.2,88,6,0.0,0,0,4911,14661.0,4,Married,0,0
8164,46,82170.0,1908.0,19.0,100.42105263157895,0.2631578947368421,0.05263157894736842,13,2,0.0,0,0,4583,82170.0,5,Married,0,0
8175,32,34935.0,137.0,8.0,17.125,0.25,0.125,71,7,0.0,0,0,4740,34935.0,3,Married,0,0
8180,72,59354.0,310.0,15.0,20.666666666666668,0.4,0.2,53,6,0.0,2,1,4593,19784.666666666668,4,Divorced,0,0
8181,46,38593.0,177.0,11.0,16.09090909090909,0.36363636363636365,0.2727272727272727,42,8,0.0,1,1,4656,19296.5,2,Single,0,0
8182,40,23228.0,121.0,11.0,11.0,0.2727272727272727,0.36363636363636365,91,8,0.0,1,1,4542,11614.0,3,Married,0,0
8204,53,78041.0,1319.0,18.0,73.27777777777777,0.2222222222222222,0.05555555555555555,93,2,0.0,0,0,4927,78041.0,2,Married,0,0
8207,67,53233.0,40.0,5.0,8.0,0.2,0.2,18,4,0.0,1,1,4470,26616.5,2,Married,0,0
8210,49,54730.0,405.0,18.0,22.5,0.2222222222222222,0.2777777777777778,64,4,0.0,1,1,4685,27365.0,4,Married,0,0
8212,53,39791.0,174.0,10.0,17.4,0.3,0.2,89,7,0.0,1,1,4825,19895.5,4,Married,0,0
8213,44,14515.0,96.0,11.0,8.727272727272727,0.18181818181818182,0.36363636363636365,71,7,0.0,1,1,4964,7257.5,2,Married,0,1
8216,52,53761.0,325.0,17.0,19.11764705882353,0.23529411764705882,0.35294117647058826,7,5,0.0,2,1,4628,17920.333333333332,4,Married,0,0
8230,44,33228.0,71.0,6.0,11.833333333333334,0.3333333333333333,0.16666666666666666,28,7,0.0,1,1,4524,16614.0,3,Married,0,0
8233,74,64866.0,556.0,21.0,26.476190476190474,0.3333333333333333,0.19047619047619047,9,5,0.2,1,1,4521,32433.0,4,Widow,0,0
8234,51,27190.0,18.0,4.0,4.5,0.25,0.25,13,8,0.2,1,1,4685,13595.0,1,Married,0,1
8235,68,69245.0,843.0,23.0,36.65217391304348,0.2608695652173913,0.08695652173913043,8,3,0.0,1,1,4523,34622.5,4,Married,0,0
8254,50,34596.0,23.0,4.0,5.75,0.25,0.25,48,8,0.0,1,1,4809,17298.0,5,Married,0,0
8268,63,51381.5,404.0,17.0,23.764705882352942,0.35294117647058826,0.17647058823529413,23,6,0.0,1,1,4720,25690.75,5,Married,0,0
8275,59,47025.0,20.0,4.0,5.0,0.25,0.25,6,7,0.0,2,1,4507,15675.0,5,Divorced,0,0
8278,34,74214.0,1711.0,16.0,106.9375,0.5,0.0625,3,5,0.0,0,0,5039,74214.0,5,Married,0,0
8286,59,51717.0,122.0,8.0,15.25,0.375,0.125,55,7,0.2,1,1,4680,25858.5,5,Married,0,0
8299,35,33996.0,71.0,6.0,11.833333333333334,0.16666666666666666,0.16666666666666666,46,4,0.0,0,0,4658,33996.0,5,Single,0,0
8310,60,68142.0,1459.0,24.0,60.791666666666664,0.4166666666666667,0.125,96,6,0.0,1,1,5036,34071.0,3,Married,0,0
8312,63,28249.0,43.0,6.0,7.166666666666667,0.3333333333333333,0.16666666666666666,80,6,0.0,0,0,4381,28249.0,1,Married,0,0
8314,42,79908.0,1772.0,19.0,93.26315789473684,0.2631578947368421,0.05263157894736842,30,2,0.2,0,0,4817,79908.0,3,Married,0,0
8315,29,34824.0,23.0,4.0,5.75,0.25,0.25,65,6,0.0,0,0,4462,34824.0,3,Single,0,0
8318,45,90300.0,1738.0,19.0,91.47368421052632,0.2631578947368421,0.0,7,1,0.2,0,0,4544,90300.0,3,Married,0,0
8334,53,33316.0,131.0,10.0,13.1,0.2,0.3,34,6,0.0,2,1,4635,11105.333333333334,4,Single,0,0
8341,55,30396.0,34.0,6.0,5.666666666666667,0.16666666666666666,0.3333333333333333,22,7,0.2,1,1,4427,15198.0,5,Married,0,1
8346,50,32233.0,296.0,12.0,24.666666666666668,0.5,0.16666666666666666,26,9,0.2,1,1,5046,16116.5,3,Single,0,1
8360,53,54690.0,198.0,12.0,16.5,0.25,0.25,76,3,0.0,2,1,4601,18230.0,2,Married,0,0
8362,42,84169.0,1919.0,20.0,95.95,0.35,0.05,9,3,0.4,0,0,4693,84169.0,5,Married,0,1
8369,37,18227.0,28.0,4.0,7.0,0.0,0.25,21,8,0.0,1,1,4965,9113.5,3,Married,0,0
8370,48,75484.0,1159.0,18.0,64.38888888888889,0.3888888888888889,0.1111111111111111,50,4,0.0,1,1,5063,37742.0,2,Married,0,0
8372,50,34421.0,30.0,4.0,7.5,0.25,0.25,81,7,0.0,1,1,4730,17210.5,3,Married,0,0
8373,45,24594.0,29.0,5.0,5.8,0.2,0.2,94,5,0.0,1,1,4568,12297.0,1,Married,0,0
8375,56,55954.0,518.0,19.0,27.263157894736842,0.42105263157894735,0.15789473684210525,63,7,0.0,1,1,4485,27977.0,5,Married,0,0
8387,67,43140.0,235.0,11.0,21.363636363636363,0.36363636363636365,0.09090909090909091,68,6,0.0,1,1,4907,21570.0,3,Married,0,0
8395,63,82014.0,1511.0,22.0,68.68181818181819,0.13636363636363635,0.045454545454545456,48,6,0.0,0,0,5045,82014.0,3,Single,0,1
8397,73,44689.0,34.0,6.0,5.666666666666667,0.16666666666666666,0.3333333333333333,82,7,0.2,2,1,4537,14896.333333333334,3,Married,0,0
8402,71,67087.0,794.0,22.0,36.09090909090909,0.3181818181818182,0.09090909090909091,40,4,0.0,1,1,4561,33543.5,4,Married,0,0
8405,45,68274.0,305.0,13.0,23.46153846153846,0.3076923076923077,0.15384615384615385,83,3,0.0,2,1,4639,22758.0,3,Divorced,0,0
8414,62,33419.0,86.0,8.0,10.75,0.25,0.25,76,7,0.0,1,1,4683,16709.5,5,Single,0,0
8416,43,29009.0,44.0,7.0,6.285714285714286,0.2857142857142857,0.2857142857142857,19,6,0.0,1,1,4579,14504.5,3,Married,0,0
8418,66,38741.0,61.0,7.0,8.714285714285714,0.2857142857142857,0.2857142857142857,60,7,0.0,2,1,4458,12913.666666666666,2,Single,0,0
8420,54,15315.0,64.0,8.0,8.0,0.25,0.25,27,5,0.0,0,0,4697,15315.0,2,Married,0,0
8427,68,64857.0,1540.0,23.0,66.95652173913044,0.30434782608695654,0.043478260869565216,78,4,0.0,0,0,4950,64857.0,4,Single,0,0
8430,67,21994.0,22.0,4.0,5.5,0.0,0.25,4,5,0.0,1,1,4919,10997.0,3,Married,0,0
8432,68,54450.0,684.0,31.0,22.06451612903226,0.2903225806451613,0.3870967741935484,0,8,0.0,2,1,5020,18150.0,3,Married,0,0
8439,60,63404.0,902.0,15.0,60.13333333333333,0.4,0.13333333333333333,97,4,0.2,2,1,4390,21134.666666666668,3,Married,0,0
8442,39,19510.0,30.0,6.0,5.0,0.16666666666666666,0.3333333333333333,63,7,0.0,2,1,4665,6503.333333333333,4,Married,0,0
8443,52,24762.0,86.0,9.0,9.555555555555555,0.3333333333333333,0.3333333333333333,16,8,0.2,1,1,4506,12381.0,3,Single,0,1
8461,62,46102.0,16.0,4.0,4.0,0.25,0.25,3,7,0.0,3,1,4478,11525.5,3,Divorced,0,0
8462,46,24882.0,80.0,5.0,16.0,0.2,0.2,52,6,0.2,1,1,5025,12441.0,1,Married,0,0
8475,51,157243.0,1608.0,37.0,43.45945945945946,0.0,0.40540540540540543,98,0,0.0,1,1,4487,78621.5,5,Married,0,0
8477,68,26150.0,28.0,5.0,5.6,0.2,0.2,61,7,0.0,3,1,4842,6537.5,3,Divorced,0,0
8486,53,30538.0,367.0,17.0,21.58823529411765,0.5294117647058824,0.23529411764705882,27,10,0.0,1,1,5003,15269.0,4,Married,0,0
8492,46,75437.0,1493.0,23.0,64.91304347826087,0.34782608695652173,0.043478260869565216,25,6,0.2,0,0,4599,75437.0,3,Married,0,0
8504,51,79593.0,1366.0,19.0,71.89473684210526,0.2631578947368421,0.05263157894736842,70,2,0.2,0,0,4415,79593.0,3,Married,0,0
8514,48,29478.0,20.0,5.0,4.0,0.2,0.2,59,6,0.0,1,1,4530,14739.0,3,Married,0,0
8523,56,19329.0,60.0,10.0,6.0,0.4,0.3,39,8,0.0,1,1,4564,9664.5,3,Married,0,0
8524,50,25509.0,101.0,9.0,11.222222222222221,0.3333333333333333,0.3333333333333333,15,9,0.0,1,1,5016,12754.5,5,Divorced,0,1
8527,59,65735.0,395.0,19.0,20.789473684210527,0.3157894736842105,0.2631578947368421,37,7,0.0,2,1,4571,21911.666666666668,4,Married,0,0
8534,72,67433.0,992.0,28.0,35.42857142857143,0.21428571428571427,0.14285714285714285,51,4,0.2,2,1,4715,22477.666666666668,3,Married,0,0
8537,75,72643.0,1429.0,21.0,68.04761904761905,0.14285714285714285,0.047619047619047616,60,2,0.2,0,0,4854,72643.0,3,Widow,0,1
8541,34,24683.0,41.0,8.0,5.125,0.25,0.25,98,5,0.0,1,1,4480,12341.5,2,Married,0,0
8545,70,85683.0,1789.0,17.0,105.23529411764706,0.11764705882352941,0.058823529411764705,6,1,0.8,0,0,4467,85683.0,3,Divorced,0,1
8553,59,44300.0,42.0,6.0,7.0,0.16666666666666666,0.3333333333333333,65,6,0.0,2,1,4738,14766.666666666666,3,Married,0,0
8557,42,51381.5,46.0,7.0,6.571428571428571,0.2857142857142857,0.2857142857142857,57,6,0.0,1,1,4744,25690.75,3,Single,0,0
8560,32,48789.0,680.0,18.0,37.77777777777778,0.3333333333333333,0.05555555555555555,94,6,0.0,0,0,5024,48789.0,3,Single,0,0
8562,55,54165.0,236.0,11.0,21.454545454545453,0.18181818181818182,0.09090909090909091,72,2,0.0,0,0,4764,54165.0,3,Married,0,0
8566,63,32583.0,9.0,4.0,2.25,0.25,0.25,10,7,0.0,2,1,4381,10861.0,5,Married,0,0
8581,53,49505.0,751.0,29.0,25.896551724137932,0.3448275862068966,0.3103448275862069,4,8,0.0,2,1,4848,16501.666666666668,4,Married,0,0
8584,72,85431.0,1165.0,17.0,68.52941176470588,0.11764705882352941,0.058823529411764705,54,0,0.0,0,0,4753,85431.0,5,Married,0,0
8588,63,60544.0,289.0,15.0,19.266666666666666,0.3333333333333333,0.26666666666666666,92,6,0.0,2,1,5040,20181.333333333332,3,Married,0,0
8594,66,50520.0,135.0,9.0,15.0,0.3333333333333333,0.2222222222222222,25,6,0.0,1,1,4519,25260.0,5,Widow,0,0
8595,51,42429.0,67.0,7.0,9.571428571428571,0.14285714285714285,0.2857142857142857,99,5,0.0,1,1,4505,21214.5,3,Widow,0,0
8601,44,80011.0,1395.0,21.0,66.42857142857143,0.38095238095238093,0.09523809523809523,3,4,0.0,1,1,4793,40005.5,3,Married,0,0
8602,60,69932.0,1049.0,26.0,40.34615384615385,0.2692307692307692,0.07692307692307693,97,4,0.0,1,1,4749,34966.0,3,Divorced,0,0
8605,60,46910.0,68.0,7.0,9.714285714285714,0.2857142857142857,0.2857142857142857,36,6,0.0,2,1,4465,15636.666666666666,5,Married,0,0
8614,67,65486.0,507.0,17.0,29.823529411764707,0.23529411764705882,0.058823529411764705,29,2,0.0,1,1,4415,32743.0,3,Widow,0,0
8619,67,21994.0,22.0,4.0,5.5,0.0,0.25,4,5,0.0,1,1,4919,10997.0,3,Married,0,0
8624,66,81320.0,928.0,18.0,51.55555555555556,0.2222222222222222,0.05555555555555555,61,2,0.0,0,0,4875,81320.0,3,Married,0,0
8625,48,17649.0,45.0,9.0,5.0,0.3333333333333333,0.3333333333333333,70,8,0.0,1,1,4596,8824.5,3,Married,0,0
8629,68,46984.0,41.0,5.0,8.2,0.2,0.2,71,5,0.0,2,1,4827,15661.333333333334,3,Widow,0,0
8643,53,69930.0,1662.0,22.0,75.54545454545455,0.18181818181818182,0.045454545454545456,21,3,0.0,0,0,4766,69930.0,3,Married,0,0
8650,46,54162.0,42.0,5.0,8.4,0.2,0.2,31,4,0.0,2,1,4835,18054.0,3,Widow,0,0
8652,78,37760.0,317.0,13.0,24.384615384615383,0.3076923076923077,0.15384615384615385,20,7,0.0,0,0,5034,37760.0,3,Married,0,0
8659,72,69805.0,1038.0,27.0,38.44444444444444,0.2222222222222222,0.07407407407407407,50,2,0.0,1,1,4526,34902.5,5,Married,0,0
8663,50,39996.0,15.0,4.0,3.75,0.25,0.25,85,6,0.0,2,1,4405,13332.0,3,Divorced,0,0
8685,47,42014.0,436.0,20.0,21.8,0.35,0.3,56,8,0.0,1,1,5048,21007.0,3,Married,0,1
8686,45,23724.0,75.0,7.0,10.714285714285714,0.2857142857142857,0.2857142857142857,65,8,0.0,1,1,4904,11862.0,1,Married,0,0
8687,46,53172.0,486.0,16.0,30.375,0.125,0.1875,54,3,0.0,1,1,4786,26586.0,3,Married,0,0
8690,62,86111.0,1385.0,23.0,60.21739130434783,0.21739130434782608,0.043478260869565216,73,2,0.0,0,0,4803,86111.0,3,Married,0,0
8692,72,43462.0,240.0,16.0,15.0,0.25,0.375,50,8,0.0,2,1,5022,14487.333333333334,3,Married,0,0
8700,38,14906.0,66.0,9.0,7.333333333333333,0.2222222222222222,0.3333333333333333,86,7,0.0,0,0,4921,14906.0,1,Single,0,0
8702,48,26907.0,22.0,6.0,3.6666666666666665,0.16666666666666666,0.3333333333333333,10,7,0.0,2,1,4680,8969.0,2,Married,0,0
8707,68,79456.0,1401.0,16.0,87.5625,0.3125,0.0625,12,3,0.0,0,0,5043,79456.0,3,Married,0,1
8717,49,80427.0,1835.0,28.0,65.53571428571429,0.39285714285714285,0.03571428571428571,56,5,0.0,1,1,5022,40213.5,5,Married,0,0
8720,46,51381.5,1679.0,1.0,1679.0,0.0,0.0,53,0,0.2,0,0,5053,51381.5,2,Married,0,0
8722,67,82347.0,1853.0,25.0,74.12,0.28,0.04,38,3,0.4,0,0,4967,82347.0,2,Married,0,1
8724,42,28567.0,46.0,7.0,6.571428571428571,0.2857142857142857,0.2857142857142857,57,6,0.0,1,1,4744,14283.5,3,Single,0,0
8726,60,41713.0,174.0,13.0,13.384615384615385,0.23076923076923078,0.38461538461538464,57,6,0.0,2,1,4428,13904.333333333334,2,Divorced,0,0
8727,46,63693.0,1150.0,29.0,39.6551724137931,0.3793103448275862,0.10344827586206896,63,6,0.0,1,1,4625,31846.5,3,Divorced,0,0
8732,55,67369.0,1461.0,25.0,58.44,0.28,0.16,81,4,0.4,1,1,4956,33684.5,4,Widow,0,1
8737,46,55563.0,43.0,6.0,7.166666666666667,0.3333333333333333,0.16666666666666666,22,3,0.0,1,1,4452,27781.5,3,Divorced,0,0
8746,35,75433.0,1188.0,19.0,62.526315789473685,0.10526315789473684,0.10526315789473684,28,6,0.4,1,1,4452,37716.5,3,Married,0,0
8749,40,37235.0,61.0,5.0,12.2,0.2,0.2,68,4,0.0,1,1,4515,18617.5,3,Married,0,0
8754,50,45068.0,20.0,4.0,5.0,0.25,0.25,25,7,0.0,1,1,4776,22534.0,5,Married,0,0
8755,78,68657.0,1196.0,18.0,66.44444444444444,0.16666666666666666,0.05555555555555555,4,7,0.0,0,0,4861,68657.0,4,Married,0,0
8773,53,57420.0,322.0,15.0,21.466666666666665,0.3333333333333333,0.2,22,7,0.2,1,1,4736,28710.0,4,Married,0,0
8775,55,38361.0,137.0,10.0,13.7,0.3,0.3,74,7,0.0,1,1,4551,19180.5,3,Married,0,0
8779,39,36145.0,172.0,12.0,14.333333333333334,0.3333333333333333,0.3333333333333333,13,9,0.2,1,1,4745,18072.5,2,Married,0,1
8780,74,59292.0,507.0,18.0,28.166666666666668,0.16666666666666666,0.1111111111111111,71,3,0.0,1,1,4748,29646.0,5,Married,0,0
8783,74,57045.0,454.0,18.0,25.22222222222222,0.2222222222222222,0.16666666666666666,40,3,0.0,1,1,5026,28522.5,3,Married,0,0
8786,68,62058.0,450.0,18.0,25.0,0.3333333333333333,0.2222222222222222,52,6,0.0,1,1,4766,31029.0,4,Married,0,0
8789,35,59060.0,274.0,14.0,19.571428571428573,0.21428571428571427,0.21428571428571427,77,4,0.0,1,1,4536,29530.0,2,Married,0,0
8799,40,38175.0,153.0,11.0,13.909090909090908,0.2727272727272727,0.2727272727272727,6,7,0.0,1,1,4646,19087.5,5,Married,0,0
8800,81,48948.0,902.0,24.0,37.583333333333336,0.2916666666666667,0.08333333333333333,53,6,0.2,0,0,4880,48948.0,5,Divorced,0,1
8805,64,48904.0,371.0,17.0,21.823529411764707,0.4117647058823529,0.23529411764705882,1,8,0.0,1,1,4941,24452.0,3,Single,0,0
8812,45,13533.0,48.0,7.0,6.857142857142857,0.2857142857142857,0.2857142857142857,45,7,0.0,1,1,4843,6766.5,2,Divorced,0,0
8825,62,51195.0,564.0,24.0,23.5,0.375,0.3333333333333333,46,8,0.0,2,1,4821,17065.0,3,Married,0,0
8832,48,37509.0,123.0,9.0,13.666666666666666,0.3333333333333333,0.2222222222222222,24,7,0.0,1,1,5022,18754.5,4,Married,0,0
8842,53,30372.0,44.0,8.0,5.5,0.25,0.375,33,7,0.0,2,1,4918,10124.0,3,Widow,0,0
8852,48,61064.0,1080.0,28.0,38.57142857142857,0.2857142857142857,0.17857142857142858,80,6,0.0,1,1,5034,30532.0,3,Married,0,0
8858,52,44325.0,542.0,21.0,25.80952380952381,0.38095238095238093,0.19047619047619047,69,8,0.2,1,1,4846,22162.5,5,Married,0,0
8867,36,67546.0,2126.0,20.0,106.3,0.2,0.05,90,3,0.0,0,0,5034,67546.0,5,Married,0,0
8870,40,35196.0,497.0,18.0,27.61111111111111,0.3333333333333333,0.3333333333333333,68,8,0.0,1,1,4960,17598.0,3,Married,0,1
8876,61,33629.0,152.0,13.0,11.692307692307692,0.23076923076923078,0.38461538461538464,49,9,0.0,2,1,5057,11209.666666666666,5,Married,0,0
8890,53,65808.0,272.0,14.0,19.428571428571427,0.35714285714285715,0.21428571428571427,1,6,0.0,2,1,4397,21936.0,5,Divorced,0,0
8895,39,70596.0,968.0,21.0,46.095238095238095,0.14285714285714285,0.047619047619047616,68,2,0.0,0,0,4999,70596.0,3,Single,0,0
8897,59,42720.0,654.0,25.0,26.16,0.28,0.32,9,8,0.0,2,1,4798,14240.0,3,Single,0,1
8908,65,87195.0,1097.0,20.0,54.85,0.15,0.05,35,1,0.0,0,0,4419,87195.0,3,Married,0,1
8910,69,42586.0,252.0,16.0,15.75,0.25,0.3125,7,8,0.0,2,1,4975,14195.333333333334,3,Married,0,1
8911,57,56320.0,702.0,21.0,33.42857142857143,0.23809523809523808,0.14285714285714285,11,4,0.0,1,1,4814,28160.0,5,Married,0,0
8916,49,36627.0,16.0,4.0,4.0,0.0,0.25,78,5,0.0,2,1,4708,12209.0,3,Divorced,0,0
8920,57,59235.0,1128.0,28.0,40.285714285714285,0.39285714285714285,0.10714285714285714,4,7,0.0,1,1,4900,29617.5,4,Single,0,0
8923,51,83917.0,1587.0,21.0,75.57142857142857,0.2857142857142857,0.047619047619047616,12,3,0.0,0,0,4804,83917.0,3,Single,0,1
8925,59,70053.0,1012.0,26.0,38.92307692307692,0.3076923076923077,0.11538461538461539,38,5,0.0,1,1,4728,35026.5,4,Married,0,0
8931,38,83033.0,1761.0,26.0,67.73076923076923,0.4230769230769231,0.038461538461538464,82,5,0.2,1,1,4409,41516.5,3,Married,0,0
8932,55,65176.0,1531.0,25.0,61.24,0.36,0.16,57,6,0.0,1,1,4975,32588.0,4,Married,0,0
8933,41,32146.0,66.0,8.0,8.25,0.25,0.25,16,6,0.0,1,1,4415,16073.0,2,Married,0,0
8939,65,61250.0,730.0,25.0,29.2,0.2,0.24,49,5,0.0,1,1,4927,30625.0,3,Divorced,0,0
8945,54,54137.0,203.0,11.0,18.454545454545453,0.36363636363636365,0.18181818181818182,46,6,0.0,1,1,4684,27068.5,3,Divorced,0,0
8952,71,65569.0,859.0,23.0,37.34782608695652,0.2608695652173913,0.08695652173913043,96,3,0.0,1,1,4968,32784.5,4,Married,0,0
8953,59,35791.0,35.0,6.0,5.833333333333333,0.16666666666666666,0.3333333333333333,94,8,0.0,3,1,4786,8947.75,4,Single,0,0
8955,67,40451.0,49.0,5.0,9.8,0.2,0.2,54,5,0.2,2,1,4500,13483.666666666666,5,Married,0,0
8957,72,64831.0,1120.0,22.0,50.90909090909091,0.2727272727272727,0.36363636363636365,51,6,0.0,2,1,4751,21610.333333333332,2,Single,0,0
8962,49,44319.0,37.0,7.0,5.285714285714286,0.2857142857142857,0.2857142857142857,18,5,0.0,2,1,4440,14773.0,4,Married,0,0
8969,47,71855.0,1141.0,25.0,45.64,0.2,0.16,59,3,0.0,1,1,4896,35927.5,3,Married,0,0
8970,52,62010.0,530.0,19.0,27.894736842105264,0.3157894736842105,0.21052631578947367,93,5,0.0,1,1,4981,31005.0,5,Married,0,0
8975,56,19514.0,69.0,10.0,6.9,0.3,0.4,47,8,0.2,2,1,4521,6504.666666666667,3,Married,0,0
8977,39,16581.0,24.0,4.0,6.0,0.0,0.25,51,4,0.0,0,0,4900,16581.0,1,Single,0,0
8985,60,68316.0,1211.0,32.0,37.84375,0.3125,0.15625,54,6,0.0,1,1,4969,34158.0,2,Married,0,0
8996,67,51381.5,603.0,29.0,20.79310344827586,0.2413793103448276,0.41379310344827586,4,9,0.0,3,1,4954,12845.375,5,Married,0,0
9010,52,83151.0,2346.0,23.0,102.0,0.21739130434782608,0.043478260869565216,80,2,0.6,0,0,4871,83151.0,4,Married,0,1
9014,49,37085.0,61.0,10.0,6.1,0.3,0.4,65,8,0.0,2,1,4370,12361.666666666666,3,Married,0,0
9029,52,70116.0,1536.0,23.0,66.78260869565217,0.08695652173913043,0.043478260869565216,73,1,0.0,0,0,4886,70116.0,5,Married,0,0
9058,69,79800.0,1867.0,22.0,84.86363636363636,0.22727272727272727,0.045454545454545456,65,3,0.6,0,0,5011,79800.0,3,Widow,0,1
9064,42,69109.0,1555.0,20.0,77.75,0.3,0.05,10,4,0.2,0,0,4964,69109.0,3,Married,0,1
9076,44,30732.0,185.0,13.0,14.23076923076923,0.3076923076923077,0.3076923076923077,44,8,0.0,1,1,4907,15366.0,5,Married,0,0
9080,52,38578.0,73.0,9.0,8.11111111111111,0.3333333333333333,0.3333333333333333,2,8,0.0,2,1,4739,12859.333333333334,5,Single,0,0
9081,36,20518.0,25.0,5.0,5.0,0.2,0.2,58,5,0.0,1,1,4409,10259.0,3,Single,0,0
9094,69,62972.0,587.0,16.0,36.6875,0.4375,0.125,39,6,0.0,1,1,5062,31486.0,2,Married,0,1
9097,68,46086.0,343.0,16.0,21.4375,0.1875,0.25,34,4,0.0,1,1,4605,23043.0,3,Divorced,0,0
9119,74,60905.0,392.0,15.0,26.133333333333333,0.2,0.13333333333333333,27,2,0.0,1,1,4573,30452.5,3,Married,0,0
9120,62,66565.0,1065.0,19.0,56.05263157894737,0.21052631578947367,0.21052631578947367,80,8,0.0,1,1,4938,33282.5,3,Single,0,0
9121,52,80134.0,1690.0,16.0,105.625,0.3125,0.125,40,6,0.6,1,1,4772,40067.0,3,Married,0,1
9135,74,27203.0,64.0,6.0,10.666666666666666,0.16666666666666666,0.3333333333333333,92,8,0.0,2,1,5059,9067.666666666666,3,Married,0,0
9140,64,50523.0,91.0,8.0,11.375,0.25,0.25,89,6,0.0,2,1,4553,16841.0,2,Married,0,0
9145,52,72504.0,1478.0,22.0,67.18181818181819,0.22727272727272727,0.09090909090909091,43,2,0.0,1,1,4816,36252.0,3,Single,0,0
9150,61,48918.0,62.0,7.0,8.857142857142858,0.14285714285714285,0.2857142857142857,21,4,0.0,2,1,4445,16306.0,5,Single,0,0
9153,60,59304.0,1048.0,28.0,37.42857142857143,0.25,0.10714285714285714,81,5,0.0,1,1,4702,29652.0,5,Married,0,0
9166,56,63967.0,882.0,23.0,38.34782608695652,0.17391304347826086,0.13043478260869565,57,2,0.0,1,1,4691,31983.5,3,Married,0,0
9167,68,67131.0,976.0,26.0,37.53846153846154,0.34615384615384615,0.11538461538461539,72,6,0.0,1,1,4827,33565.5,3,Married,0,0
9185,58,69759.0,1029.0,18.0,57.166666666666664,0.2222222222222222,0.16666666666666666,38,3,0.0,0,0,4611,69759.0,5,Single,0,1
9197,71,39722.0,47.0,7.0,6.714285714285714,0.2857142857142857,0.2857142857142857,92,5,0.0,1,1,4492,19861.0,3,Married,0,0
9204,54,66731.0,1029.0,17.0,60.529411764705884,0.23529411764705882,0.23529411764705882,33,3,0.0,1,1,5022,33365.5,3,Widow,0,0
9206,56,77382.0,1121.0,26.0,43.11538461538461,0.19230769230769232,0.07692307692307693,36,1,0.2,1,1,4540,38691.0,3,Married,0,0
9209,53,80573.0,1564.0,24.0,65.16666666666667,0.16666666666666666,0.041666666666666664,85,2,0.0,0,0,4990,80573.0,4,Married,0,0
9212,62,72828.0,1678.0,28.0,59.92857142857143,0.21428571428571427,0.21428571428571427,17,7,0.0,1,1,4867,36414.0,4,Married,0,0
9213,54,31880.0,15.0,4.0,3.75,0.25,0.25,13,8,0.0,1,1,4973,15940.0,3,Widow,0,0
9214,33,42691.0,358.0,13.0,27.53846153846154,0.38461538461538464,0.07692307692307693,48,5,0.0,0,0,4684,42691.0,3,Married,0,0
9215,44,43974.0,551.0,21.0,26.238095238095237,0.2857142857142857,0.23809523809523808,19,7,0.0,1,1,4931,21987.0,5,Married,0,0
9216,53,35788.0,44.0,7.0,6.285714285714286,0.2857142857142857,0.2857142857142857,34,6,0.0,2,1,4524,11929.333333333334,3,Married,0,0
9220,53,91700.0,1968.0,20.0,98.4,0.4,0.05,58,3,0.0,0,0,4895,91700.0,3,Single,0,1
9224,52,55260.0,1139.0,25.0,45.56,0.32,0.08,81,6,0.0,1,1,4931,27630.0,5,Single,0,0
9235,67,51381.5,18.0,4.0,4.5,0.25,0.25,45,7,0.0,2,1,4400,17127.166666666668,3,Single,0,0
9239,63,61923.0,126.0,8.0,15.75,0.25,0.125,94,3,0.0,2,1,4705,20641.0,4,Married,0,0
9240,53,60504.0,526.0,18.0,29.22222222222222,0.3333333333333333,0.1111111111111111,73,6,0.0,1,1,4509,30252.0,5,Single,0,0
9242,34,64509.0,1722.0,19.0,90.63157894736842,0.3157894736842105,0.05263157894736842,19,4,0.2,0,0,4683,64509.0,3,Single,0,1
9246,39,40101.0,415.0,17.0,24.41176470588235,0.35294117647058826,0.23529411764705882,73,7,0.0,1,1,4990,20050.5,4,Married,0,0
9256,53,58350.0,1001.0,27.0,37.074074074074076,0.2962962962962963,0.14814814814814814,5,6,0.0,1,1,4908,29175.0,3,Single,0,0
9260,79,70356.0,1706.0,27.0,63.18518518518518,0.37037037037037035,0.07407407407407407,20,6,0.0,0,0,4968,70356.0,5,Married,0,0
9262,40,32414.0,52.0,5.0,10.4,0.2,0.2,11,7,0.2,0,0,4727,32414.0,2,Married,0,0
9264,38,79529.0,1638.0,22.0,74.45454545454545,0.18181818181818182,0.045454545454545456,1,2,0.0,0,0,4430,79529.0,3,Married,0,0
9265,71,75027.0,1390.0,21.0,66.19047619047619,0.42857142857142855,0.09523809523809523,74,5,0.0,1,1,4903,37513.5,3,Married,0,0
9274,63,80950.0,1213.0,23.0,52.73913043478261,0.2608695652173913,0.043478260869565216,44,2,0.2,0,0,4825,80950.0,4,Married,0,0
9283,46,60199.0,18.0,4.0,4.5,0.0,0.25,49,4,0.0,3,1,4657,15049.75,3,Single,0,0
9284,66,53977.0,907.0,27.0,33.592592592592595,0.18518518518518517,0.18518518518518517,21,5,0.0,1,1,4753,26988.5,3,Married,0,0
9286,64,83151.0,747.0,19.0,39.31578947368421,0.2631578947368421,0.05263157894736842,93,3,0.0,0,0,4994,83151.0,4,Married,0,0
9289,45,36781.0,63.0,6.0,10.5,0.3333333333333333,0.16666666666666666,16,8,0.0,1,1,4447,18390.5,3,Married,0,1
9291,65,34242.0,15.0,4.0,3.75,0.0,0.25,25,5,0.0,1,1,4465,17121.0,4,Married,0,0
9292,72,81795.0,1382.0,23.0,60.08695652173913,0.17391304347826086,0.043478260869565216,74,2,0.0,0,0,4978,81795.0,3,Married,0,0
9298,77,81574.0,1798.0,18.0,99.88888888888889,0.2222222222222222,0.05555555555555555,89,1,0.4,0,0,4429,81574.0,5,Married,0,0
9303,48,5305.0,32.0,1.0,32.0,1.0,0.0,12,13,0.0,1,1,4701,2652.5,3,Married,0,0
9305,48,79689.0,1315.0,27.0,48.7037037037037,0.14814814814814814,0.037037037037037035,65,2,0.0,0,0,4780,79689.0,2,Single,0,0
9308,70,62820.0,976.0,14.0,69.71428571428571,0.21428571428571427,0.07142857142857142,51,1,0.0,0,0,4781,62820.0,3,Married,0,0
9316,72,13084.0,29.0,5.0,5.8,0.2,0.2,29,6,0.0,0,0,4606,13084.0,1,Married,0,0
9323,75,49912.0,874.0,26.0,33.61538461538461,0.38461538461538464,0.15384615384615385,5,8,0.2,1,1,5027,24956.0,4,Married,0,1
9336,55,62187.0,636.0,21.0,30.285714285714285,0.2857142857142857,0.14285714285714285,38,4,0.0,1,1,4466,31093.5,5,Widow,0,0
9347,68,50943.0,46.0,5.0,9.2,0.2,0.2,49,5,0.0,1,1,4740,25471.5,4,Married,0,0
9349,39,92533.0,1131.0,23.0,49.17391304347826,0.2608695652173913,0.043478260869565216,84,2,0.4,0,0,4559,92533.0,3,Married,0,0
9353,65,62450.0,995.0,16.0,62.1875,0.3125,0.125,61,3,0.2,1,1,4541,31225.0,3,Single,0,0
9360,42,37040.0,316.0,12.0,26.333333333333332,0.3333333333333333,0.08333333333333333,41,8,0.0,0,0,5057,37040.0,3,Married,0,0
9362,59,69263.0,568.0,18.0,31.555555555555557,0.5,0.05555555555555555,14,6,0.2,1,1,4483,34631.5,3,Single,0,0
9365,48,60000.0,1277.0,24.0,53.208333333333336,0.4583333333333333,0.20833333333333334,57,6,0.0,1,1,4921,30000.0,5,Single,0,0
9369,45,88194.0,1274.0,32.0,39.8125,0.34375,0.03125,19,5,0.4,1,1,4469,44097.0,2,Single,0,1
9370,79,65846.0,1120.0,16.0,70.0,0.375,0.0625,68,4,0.0,0,0,4775,65846.0,5,Married,0,0
9381,46,66373.0,606.0,23.0,26.347826086956523,0.17391304347826086,0.30434782608695654,57,3,0.0,2,1,4749,22124.333333333332,3,Married,0,0
9384,46,66373.0,606.0,23.0,26.347826086956523,0.17391304347826086,0.30434782608695654,57,3,0.0,2,1,4749,22124.333333333332,3,Married,0,0
9386,62,50127.0,320.0,13.0,24.615384615384617,0.38461538461538464,0.07692307692307693,88,6,0.2,1,1,4398,25063.5,3,Married,0,0
9392,53,26954.0,17.0,4.0,4.25,0.25,0.25,17,7,0.0,1,1,4419,13477.0,3,Single,0,0
9396,46,37717.0,25.0,4.0,6.25,0.25,0.25,31,9,0.0,1,1,4950,18858.5,5,Married,0,0
9400,66,85485.0,1383.0,19.0,72.78947368421052,0.3157894736842105,0.05263157894736842,73,2,0.0,0,0,4375,85485.0,2,Single,0,0
9405,70,52869.0,172.0,11.0,15.636363636363637,0.2727272727272727,0.2727272727272727,40,7,0.0,2,1,4989,17623.0,5,Married,0,1
9422,35,38360.0,131.0,9.0,14.555555555555555,0.2222222222222222,0.2222222222222222,26,3,0.0,1,1,4761,19180.0,3,Married,0,0
9423,45,32765.0,46.0,8.0,5.75,0.25,0.25,49,5,0.0,1,1,4493,16382.5,4,Married,0,0
9426,60,58308.0,900.0,15.0,60.0,0.13333333333333333,0.26666666666666666,77,8,0.0,1,1,4900,29154.0,4,Single,0,0
9432,47,666666.0,62.0,11.0,5.636363636363637,0.2727272727272727,0.36363636363636365,23,6,0.0,1,1,4759,333333.0,3,Married,0,0
9449,66,79761.0,605.0,19.0,31.842105263157894,0.2631578947368421,0.05263157894736842,32,3,0.0,1,1,4635,39880.5,5,Single,0,0
9451,59,73538.0,1658.0,26.0,63.76923076923077,0.38461538461538464,0.11538461538461539,92,7,0.0,1,1,4948,36769.0,3,Married,0,0
9460,61,22419.0,162.0,8.0,20.25,0.375,0.125,74,8,0.0,0,0,4804,22419.0,3,Married,0,0
9463,65,71706.0,1443.0,25.0,57.72,0.36,0.16,16,5,0.0,1,1,4960,35853.0,3,Married,0,0
9467,40,34738.0,20.0,5.0,4.0,0.2,0.2,51,6,0.0,1,1,4416,17369.0,3,Single,0,0
9477,70,65324.0,544.0,20.0,27.2,0.3,0.15,0,4,0.0,1,1,4536,32662.0,5,Married,0,0
9478,39,66503.0,401.0,15.0,26.733333333333334,0.26666666666666666,0.13333333333333333,30,3,0.0,1,1,5051,33251.5,3,Single,0,0
9481,48,17148.0,68.0,11.0,6.181818181818182,0.2727272727272727,0.36363636363636365,80,8,0.0,1,1,4519,8574.0,3,Married,0,0
9483,65,57957.0,637.0,25.0,25.48,0.16,0.28,24,3,0.0,1,1,4681,28978.5,3,Married,1,0
9485,38,45921.0,199.0,10.0,19.9,0.2,0.1,23,4,0.0,0,0,4478,45921.0,5,Married,0,0
9491,40,23976.0,66.0,10.0,6.6,0.3,0.3,68,7,0.0,1,1,4551,11988.0,3,Married,0,0
9493,44,76412.0,1808.0,18.0,100.44444444444444,0.2777777777777778,0.05555555555555555,15,3,0.4,0,0,4787,76412.0,5,Single,0,1
9495,42,71853.0,1149.0,17.0,67.58823529411765,0.11764705882352941,0.058823529411764705,29,1,0.0,0,0,4784,71853.0,3,Married,0,0
9499,70,93404.0,1616.0,17.0,95.05882352941177,0.17647058823529413,0.17647058823529413,97,5,0.4,3,1,4785,23351.0,3,Married,0,0
9500,65,58113.0,758.0,22.0,34.45454545454545,0.4090909090909091,0.13636363636363635,66,7,0.0,1,1,4887,29056.5,3,Married,1,0
9503,44,28071.0,313.0,13.0,24.076923076923077,0.38461538461538464,0.15384615384615385,65,8,0.0,0,0,5036,28071.0,3,Single,0,0
9504,75,81698.0,1008.0,25.0,40.32,0.12,0.04,4,1,0.0,0,0,4602,81698.0,4,Married,0,1
9507,49,40794.0,434.0,16.0,27.125,0.375,0.125,18,7,0.0,1,1,4815,20397.0,3,Married,0,0
9516,53,49118.0,1229.0,28.0,43.892857142857146,0.32142857142857145,0.07142857142857142,90,7,0.4,0,0,5047,49118.0,2,Divorced,0,1
9523,42,40479.0,15.0,4.0,3.75,0.0,0.25,95,4,0.0,1,1,4683,20239.5,3,Married,0,0
9529,34,73687.0,1627.0,22.0,73.95454545454545,0.13636363636363635,0.045454545454545456,8,2,0.2,0,0,4580,73687.0,3,Married,0,1
9530,36,24645.0,17.0,4.0,4.25,0.25,0.25,16,8,0.0,1,1,4972,12322.5,3,Married,0,0
9543,39,19986.0,22.0,4.0,5.5,0.0,0.25,74,7,0.0,1,1,4594,9993.0,3,Married,0,0
9553,37,7500.0,15.0,4.0,3.75,0.0,0.25,94,6,0.0,0,0,4903,7500.0,3,Married,0,0
9559,63,57072.0,1034.0,27.0,38.2962962962963,0.25925925925925924,0.07407407407407407,79,5,0.2,1,1,4523,28536.0,5,Married,0,0
9560,59,83003.0,1674.0,22.0,76.0909090909091,0.3181818181818182,0.045454545454545456,18,3,0.2,0,0,4850,83003.0,3,Married,0,1
9576,42,32313.0,159.0,11.0,14.454545454545455,0.36363636363636365,0.2727272727272727,60,9,0.0,1,1,4870,16156.5,5,Married,0,0
9579,65,33762.0,106.0,9.0,11.777777777777779,0.2222222222222222,0.3333333333333333,61,8,0.0,3,1,4724,8440.5,5,Married,0,0
9589,76,82032.0,1234.0,17.0,72.58823529411765,0.23529411764705882,0.0,54,1,0.0,0,0,4452,82032.0,5,Widow,0,0
9592,41,22010.0,33.0,7.0,4.714285714285714,0.2857142857142857,0.2857142857142857,51,8,0.0,1,1,4731,11005.0,3,Married,0,0
9595,63,64260.0,1574.0,14.0,112.42857142857143,0.2857142857142857,0.07142857142857142,1,3,0.0,0,0,4901,64260.0,3,Married,0,1
9596,44,65295.0,664.0,20.0,33.2,0.15,0.05,19,2,0.0,0,0,4555,65295.0,5,Single,0,0
9597,55,73448.0,725.0,19.0,38.1578947368421,0.3684210526315789,0.05263157894736842,10,4,0.0,0,0,4506,73448.0,3,Married,0,0
9606,59,69969.0,1536.0,13.0,118.15384615384616,0.3076923076923077,0.07692307692307693,64,3,0.4,0,0,4673,69969.0,5,Married,0,1
9612,37,23830.0,43.0,5.0,8.6,0.2,0.2,3,7,0.0,0,0,4509,23830.0,2,Single,0,0
9617,73,15033.0,19.0,5.0,3.8,0.2,0.2,37,3,0.0,0,0,4441,15033.0,3,Single,0,0
9624,66,65488.0,963.0,14.0,68.78571428571429,0.21428571428571427,0.07142857142857142,46,1,0.0,0,0,4383,65488.0,5,Married,0,0
9635,41,35876.0,129.0,8.0,16.125,0.375,0.125,13,6,0.0,0,0,4437,35876.0,4,Married,0,0
9645,56,64590.0,1338.0,24.0,55.75,0.375,0.041666666666666664,98,6,0.0,0,0,4990,64590.0,3,Married,0,0
9648,57,46904.0,253.0,14.0,18.071428571428573,0.35714285714285715,0.2857142857142857,20,8,0.0,2,1,4970,15634.666666666666,3,Single,0,0
9653,49,35797.0,68.0,7.0,9.714285714285714,0.2857142857142857,0.2857142857142857,16,8,0.0,1,1,4988,17898.5,3,Married,0,0
9665,67,54237.0,361.0,16.0,22.5625,0.3125,0.25,48,6,0.0,1,1,4795,27118.5,5,Divorced,0,0
9668,53,18793.0,77.0,9.0,8.555555555555555,0.2222222222222222,0.3333333333333333,14,8,0.0,1,1,4900,9396.5,3,Married,0,0
9671,56,19514.0,69.0,10.0,6.9,0.3,0.4,47,8,0.2,2,1,4521,6504.666666666667,3,Married,0,1
9672,54,23162.0,65.0,8.0,8.125,0.125,0.375,82,6,0.0,2,1,4557,7720.666666666667,2,Married,0,0
9687,49,73170.0,726.0,16.0,45.375,0.3125,0.0625,1,2,0.0,0,0,4396,73170.0,3,Single,0,0
9697,73,53790.0,542.0,20.0,27.1,0.35,0.15,86,6,0.0,2,1,4482,17930.0,3,Married,0,0
9699,58,67272.0,733.0,23.0,31.869565217391305,0.2608695652173913,0.13043478260869565,12,5,0.0,1,1,4557,33636.0,3,Divorced,0,0
9701,36,41883.0,312.0,12.0,26.0,0.3333333333333333,0.25,13,7,0.0,1,1,4834,20941.5,3,Married,0,0
9703,54,38097.0,184.0,11.0,16.727272727272727,0.2727272727272727,0.36363636363636365,70,7,0.2,2,1,4989,12699.0,5,Married,0,1
9706,50,31560.0,94.0,8.0,11.75,0.25,0.25,98,8,0.0,1,1,4737,15780.0,5,Single,0,0
9707,55,55212.0,1182.0,20.0,59.1,0.2,0.15,65,8,0.4,1,1,4950,27606.0,5,Married,0,0
9710,55,58086.0,792.0,23.0,34.43478260869565,0.4782608695652174,0.08695652173913043,80,8,0.0,1,1,4892,29043.0,5,Divorced,0,0
9723,64,67716.0,1016.0,28.0,36.285714285714285,0.25,0.14285714285714285,8,5,0.2,1,1,4902,33858.0,3,Married,0,0
9725,58,28764.0,12.0,4.0,3.0,0.25,0.25,16,8,0.2,2,1,4391,9588.0,5,Married,0,0
9727,67,23539.0,81.0,7.0,11.571428571428571,0.2857142857142857,0.14285714285714285,13,6,0.0,0,0,4488,23539.0,3,Married,0,0
9729,69,58275.0,615.0,23.0,26.73913043478261,0.34782608695652173,0.2608695652173913,48,7,0.0,2,1,4759,19425.0,3,Widow,0,0
9733,46,24882.0,80.0,5.0,16.0,0.2,0.2,52,6,0.2,1,1,5025,12441.0,1,Married,0,0
9736,44,41850.0,96.0,9.0,10.666666666666666,0.3333333333333333,0.3333333333333333,51,8,0.0,2,1,4919,13950.0,3,Married,0,0
9738,38,42386.0,100.0,7.0,14.285714285714286,0.42857142857142855,0.14285714285714285,43,8,0.0,1,1,4899,21193.0,4,Married,0,0
9739,61,34377.0,114.0,8.0,14.25,0.25,0.25,55,7,0.0,1,1,4893,17188.5,3,Single,0,0
9743,69,76998.0,1910.0,29.0,65.86206896551724,0.3793103448275862,0.06896551724137931,85,6,0.2,1,1,4901,38499.0,3,Married,0,0
9750,63,64325.0,1307.0,23.0,56.82608695652174,0.43478260869565216,0.21739130434782608,41,7,0.0,1,1,4874,32162.5,5,Divorced,0,0
9757,52,84906.0,1631.0,24.0,67.95833333333333,0.20833333333333334,0.041666666666666664,98,2,0.6,0,0,4635,84906.0,3,Married,0,0
9760,61,52278.0,1198.0,31.0,38.645161290322584,0.3225806451612903,0.1935483870967742,24,8,0.0,1,1,4887,26139.0,5,Widow,0,1
9771,36,23331.0,269.0,17.0,15.823529411764707,0.29411764705882354,0.35294117647058826,97,9,0.0,1,1,4999,11665.5,2,Single,0,0
9780,53,71499.0,795.0,26.0,30.576923076923077,0.3076923076923077,0.07692307692307693,12,4,0.0,1,1,4736,35749.5,4,Married,0,0
9790,67,78499.0,1334.0,19.0,70.21052631578948,0.5789473684210527,0.05263157894736842,12,4,0.2,0,0,4585,78499.0,3,Single,0,1
9797,68,58116.0,443.0,16.0,27.6875,0.1875,0.125,38,2,0.0,1,1,4444,29058.0,3,Married,0,0
9799,56,83664.0,1173.0,19.0,61.73684210526316,0.10526315789473684,0.15789473684210525,57,5,0.0,2,1,4784,27888.0,5,Divorced,0,0
9805,71,56129.0,660.0,22.0,30.0,0.2727272727272727,0.18181818181818182,65,4,0.0,1,1,4741,28064.5,4,Married,0,0
9817,54,44802.0,1049.0,27.0,38.851851851851855,0.3333333333333333,0.07407407407407407,71,8,0.0,0,0,5044,44802.0,4,Single,0,0
9826,52,86857.0,2114.0,22.0,96.0909090909091,0.22727272727272727,0.045454545454545456,96,2,0.0,0,0,5022,86857.0,5,Single,0,1
9829,46,28587.0,78.0,9.0,8.666666666666666,0.2222222222222222,0.3333333333333333,42,6,0.0,1,1,4504,14293.5,3,Married,0,0
9847,69,62972.0,587.0,16.0,36.6875,0.4375,0.125,39,6,0.0,1,1,5062,31486.0,2,Married,0,0
9850,52,24884.0,19.0,4.0,4.75,0.0,0.25,32,7,0.0,1,1,4944,12442.0,2,Married,0,0
9855,72,62000.0,1020.0,26.0,39.23076923076923,0.23076923076923078,0.038461538461538464,25,4,0.2,1,1,4675,31000.0,5,Single,0,0
9860,65,44911.0,215.0,12.0,17.916666666666668,0.3333333333333333,0.25,11,7,0.0,1,1,4838,22455.5,3,Married,0,0
9862,55,21918.0,33.0,7.0,4.714285714285714,0.2857142857142857,0.2857142857142857,37,6,0.0,1,1,4594,10959.0,3,Married,0,0
9888,55,68695.0,1091.0,16.0,68.1875,0.25,0.0625,3,2,0.0,0,0,4371,68695.0,3,Married,0,0
9904,68,71391.0,1043.0,28.0,37.25,0.21428571428571427,0.17857142857142858,50,3,0.0,1,1,4824,35695.5,3,Married,0,0
9905,72,34074.0,255.0,14.0,18.214285714285715,0.21428571428571427,0.35714285714285715,69,6,0.2,2,1,4718,11358.0,3,Married,0,0
9907,55,66476.0,1013.0,26.0,38.96153846153846,0.23076923076923078,0.07692307692307693,80,4,0.0,1,1,4574,33238.0,4,Married,0,0
9909,28,7500.0,122.0,10.0,12.2,0.3,0.3,24,9,0.0,0,0,4964,7500.0,2,Married,0,1
9916,70,38998.0,54.0,8.0,6.75,0.25,0.375,92,8,0.0,2,1,4970,12999.333333333334,3,Married,1,0
9923,52,46423.0,92.0,9.0,10.222222222222221,0.2222222222222222,0.3333333333333333,6,7,0.0,2,1,4651,15474.333333333334,4,Single,0,0
9925,43,39665.0,216.0,12.0,18.0,0.3333333333333333,0.25,97,7,0.2,1,1,4767,19832.5,5,Married,0,0
9930,80,82716.0,1167.0,28.0,41.67857142857143,0.21428571428571427,0.03571428571428571,8,2,0.0,0,0,4603,82716.0,5,Single,0,0
9931,61,4023.0,9.0,15.0,0.6,0.0,1.0,29,19,0.0,2,1,4373,1341.0,5,Married,0,0
9937,45,70337.0,576.0,17.0,33.88235294117647,0.11764705882352941,0.058823529411764705,75,1,0.0,0,0,4545,70337.0,3,Single,0,0
9938,70,80067.0,1600.0,17.0,94.11764705882354,0.23529411764705882,0.058823529411764705,82,2,0.2,0,0,4650,80067.0,3,Married,0,0
9940,66,64961.0,1009.0,16.0,63.0625,0.375,0.125,97,3,0.0,1,1,4920,32480.5,3,Married,0,0
9949,48,59809.0,877.0,15.0,58.46666666666667,0.2,0.2,36,8,0.0,2,1,4986,19936.333333333332,3,Married,0,0
9952,77,78093.0,1105.0,17.0,65.0,0.23529411764705882,0.058823529411764705,53,1,0.0,0,0,4567,78093.0,4,Married,0,0
9955,70,39898.0,134.0,9.0,14.88888888888889,0.3333333333333333,0.2222222222222222,20,7,0.0,1,1,4869,19949.0,3,Married,0,0
9958,52,65685.0,769.0,21.0,36.61904761904762,0.42857142857142855,0.047619047619047616,54,5,0.0,1,1,4459,32842.5,3,Married,0,0
9960,33,26868.0,14.0,4.0,3.5,0.25,0.25,52,7,0.0,1,1,4427,13434.0,1,Single,0,0
9964,45,61825.0,424.0,15.0,28.266666666666666,0.26666666666666666,0.06666666666666667,56,4,0.0,1,1,4693,30912.5,3,Single,0,0
9967,50,53034.0,447.0,22.0,20.318181818181817,0.2727272727272727,0.36363636363636365,30,8,0.0,2,1,4762,17678.0,3,Divorced,0,0
9970,47,55375.0,162.0,9.0,18.0,0.1111111111111111,0.1111111111111111,3,2,0.0,1,1,4622,27687.5,3,Married,0,0
9971,60,65526.0,506.0,17.0,29.764705882352942,0.23529411764705882,0.058823529411764705,22,2,0.0,1,1,4446,32763.0,5,Married,0,0
9972,69,46015.0,46.0,5.0,9.2,0.2,0.2,25,7,0.4,2,1,4444,15338.333333333334,5,Married,0,0
9973,61,50437.0,490.0,19.0,25.789473684210527,0.3684210526315789,0.15789473684210525,28,7,0.0,2,1,4987,16812.333333333332,3,Married,0,0
9974,50,30631.0,70.0,7.0,10.0,0.42857142857142855,0.14285714285714285,75,7,0.0,1,1,4719,15315.5,3,Married,0,0
9977,51,78901.0,734.0,20.0,36.7,0.45,0.15,99,4,0.0,1,1,4652,39450.5,3,Divorced,0,0
9984,43,56337.0,724.0,22.0,32.90909090909091,0.36363636363636365,0.22727272727272727,25,8,0.4,2,1,4826,18779.0,2,Married,0,1
9986,42,19444.0,54.0,10.0,5.4,0.4,0.3,8,7,0.0,1,1,4494,9722.0,3,Married,0,1
9988,48,70379.0,860.0,25.0,34.4,0.24,0.12,84,4,0.0,1,1,4850,35189.5,4,Single,0,0
9999,59,75276.0,1040.0,23.0,45.21739130434783,0.391304347826087,0.043478260869565216,2,5,0.0,0,0,5007,75276.0,3,Married,0,0
10001,39,7500.0,100.0,10.0,10.0,0.2,0.4,98,9,0.0,1,1,5064,3750.0,2,Married,0,0
10010,71,36957.0,152.0,11.0,13.818181818181818,0.2727272727272727,0.36363636363636365,43,9,0.0,2,1,5028,12319.0,5,Divorced,0,1
10022,51,54466.0,16.0,4.0,4.0,0.25,0.25,78,5,0.0,2,1,4507,18155.333333333332,5,Single,0,0
10031,48,16927.0,53.0,12.0,4.416666666666667,0.25,0.4166666666666667,50,8,0.0,2,1,4871,5642.333333333333,5,Married,0,0
10032,48,12571.0,53.0,11.0,4.818181818181818,0.2727272727272727,0.36363636363636365,86,6,0.0,1,1,4529,6285.5,3,Divorced,0,0
10033,51,31163.0,38.0,5.0,7.6,0.2,0.2,54,6,0.0,1,1,4503,15581.5,2,Divorced,0,0
10037,31,74293.0,1127.0,16.0,70.4375,0.3125,0.0625,66,2,0.0,0,0,4423,74293.0,3,Single,0,0
10057,73,72282.0,1331.0,22.0,60.5,0.22727272727272727,0.045454545454545456,70,7,0.0,0,0,4712,72282.0,3,Single,0,1
10061,74,59462.0,1088.0,25.0,43.52,0.36,0.08,29,7,0.0,1,1,4907,29731.0,3,Married,0,0
10065,54,15315.0,64.0,8.0,8.0,0.25,0.25,27,5,0.0,0,0,4697,15315.0,2,Married,0,0
10067,48,25176.0,13.0,4.0,3.25,0.25,0.25,79,7,0.0,2,1,4690,8392.0,2,Married,0,0
10069,36,13724.0,58.0,5.0,11.6,0.4,0.2,43,9,0.2,1,1,5034,6862.0,1,Married,0,0
10084,52,24434.0,50.0,7.0,7.142857142857143,0.2857142857142857,0.2857142857142857,9,7,0.0,2,1,4409,8144.666666666667,3,Married,0,0
10089,50,102692.0,1112.0,29.0,38.3448275862069,0.20689655172413793,0.034482758620689655,5,2,0.8,0,0,4817,102692.0,3,Divorced,0,1
10091,68,60230.0,1067.0,17.0,62.76470588235294,0.35294117647058826,0.11764705882352941,78,5,0.0,1,1,4772,30115.0,3,Single,0,0
10092,70,70044.0,1504.0,26.0,57.84615384615385,0.2692307692307692,0.15384615384615385,46,5,0.0,1,1,4863,35022.0,3,Divorced,0,0
10095,49,74165.0,1293.0,20.0,64.65,0.25,0.05,9,2,0.0,0,0,4791,74165.0,5,Divorced,0,0
10099,40,55434.0,882.0,24.0,36.75,0.20833333333333334,0.125,21,4,0.0,1,1,4634,27717.0,3,Married,0,0
10102,58,79946.0,1478.0,22.0,67.18181818181819,0.22727272727272727,0.045454545454545456,19,3,0.0,0,0,4415,79946.0,3,Widow,0,0
10104,50,33590.0,8.0,4.0,2.0,0.25,0.25,65,7,0.0,3,1,4605,8397.5,3,Married,0,0
10120,69,38946.0,257.0,12.0,21.416666666666668,0.25,0.16666666666666666,84,5,0.0,1,1,4615,19473.0,3,Married,0,0
10127,59,58692.0,395.0,15.0,26.333333333333332,0.5333333333333333,0.06666666666666667,21,7,0.0,1,1,4451,29346.0,3,Married,0,0
10128,66,53977.0,907.0,27.0,33.592592592592595,0.18518518518518517,0.18518518518518517,21,5,0.0,1,1,4753,26988.5,3,Married,0,0
10129,58,82427.0,1456.0,21.0,69.33333333333333,0.14285714285714285,0.047619047619047616,35,1,0.2,0,0,4476,82427.0,3,Married,0,0
10133,54,93790.0,2349.0,25.0,93.96,0.24,0.0,16,2,0.6,0,0,4504,93790.0,3,Single,0,1
10140,41,70123.0,1727.0,17.0,101.58823529411765,0.29411764705882354,0.058823529411764705,27,3,0.4,0,0,4641,70123.0,5,Married,0,0
10141,64,39228.0,20.0,4.0,5.0,0.0,0.25,1,4,0.0,0,0,4782,39228.0,4,Divorced,0,0
10142,48,66476.0,689.0,20.0,34.45,0.25,0.1,99,4,0.0,1,1,4846,33238.0,5,Divorced,0,0
10144,48,51369.0,576.0,16.0,36.0,0.5,0.125,84,8,0.0,1,1,4979,25684.5,3,Married,0,0
10146,52,38887.0,42.0,5.0,8.4,0.2,0.2,17,7,0.0,1,1,4486,19443.5,5,Married,0,0
10150,63,86429.0,1449.0,18.0,80.5,0.3888888888888889,0.0,10,2,0.2,0,0,4587,86429.0,3,Single,0,1
10151,64,62204.0,946.0,22.0,43.0,0.18181818181818182,0.045454545454545456,38,3,0.0,2,1,5022,20734.666666666668,3,Divorced,0,0
10156,49,84196.0,1237.0,20.0,61.85,0.4,0.05,56,3,0.0,1,1,4758,42098.0,3,Single,0,0
10157,59,59686.0,274.0,12.0,22.833333333333332,0.3333333333333333,0.08333333333333333,78,4,0.0,1,1,4522,29843.0,3,Single,0,0
10159,54,58710.0,1185.0,31.0,38.225806451612904,0.3548387096774194,0.1935483870967742,77,6,0.0,1,1,4822,29355.0,3,Divorced,0,0
10160,68,50943.0,46.0,5.0,9.2,0.2,0.2,49,5,0.0,1,1,4740,25471.5,4,Married,0,0
10163,40,82733.0,1323.0,20.0,66.15,0.4,0.05,28,4,0.0,0,0,4659,82733.0,5,Single,0,1
10164,66,94472.0,1691.0,16.0,105.6875,0.3125,0.0625,75,5,0.4,1,1,4454,47236.0,3,Single,0,0
10172,36,68655.0,1538.0,21.0,73.23809523809524,0.19047619047619047,0.047619047619047616,95,3,0.0,0,0,5055,68655.0,3,Single,0,0
10175,66,32173.0,22.0,5.0,4.4,0.2,0.2,0,4,0.0,1,1,4699,16086.5,5,Divorced,0,0
10176,56,57107.0,416.0,23.0,18.08695652173913,0.17391304347826086,0.30434782608695654,44,8,0.4,1,1,5041,28553.5,3,Single,0,1
10177,70,72071.0,1338.0,20.0,66.9,0.25,0.15,4,2,0.0,1,1,4867,36035.5,3,Divorced,0,0
10196,46,71427.0,614.0,20.0,30.7,0.4,0.1,26,4,0.0,2,1,4476,23809.0,3,Married,0,0
10203,34,26095.0,42.0,5.0,8.4,0.2,0.2,77,7,0.0,1,1,4731,13047.5,3,Single,0,0
10207,46,22775.0,15.0,4.0,3.75,0.25,0.25,40,8,0.0,1,1,4742,11387.5,3,Married,0,0
10212,38,42386.0,100.0,7.0,14.285714285714286,0.42857142857142855,0.14285714285714285,43,8,0.0,1,1,4899,21193.0,4,Married,0,0
10219,52,31590.0,38.0,5.0,7.6,0.2,0.2,40,8,0.0,1,1,4743,15795.0,3,Married,0,0
10232,61,48799.0,331.0,15.0,22.066666666666666,0.2,0.2,9,3,0.0,1,1,4603,24399.5,5,Divorced,0,0
10236,49,31160.0,64.0,7.0,9.142857142857142,0.2857142857142857,0.2857142857142857,59,8,0.0,1,1,4653,15580.0,4,Single,0,0
10240,75,69372.0,1381.0,21.0,65.76190476190476,0.47619047619047616,0.047619047619047616,10,4,0.4,0,0,4862,69372.0,3,Married,0,1
10241,49,11448.0,14.0,4.0,3.5,0.25,0.25,16,6,0.0,0,0,4563,11448.0,2,Divorced,0,0
10242,58,47472.0,75.0,8.0,9.375,0.25,0.25,39,5,0.0,2,1,4653,15824.0,5,Married,0,0
10245,38,80910.0,756.0,15.0,50.4,0.2,0.06666666666666667,71,1,0.0,0,0,4973,80910.0,2,Single,0,0
10250,77,28389.0,28.0,4.0,7.0,0.25,0.25,49,7,0.0,0,0,4953,28389.0,1,Married,0,0
10258,59,35791.0,35.0,6.0,5.833333333333333,0.16666666666666666,0.3333333333333333,94,8,0.0,3,1,4786,8947.75,4,Single,0,0
10260,59,45143.0,311.0,15.0,20.733333333333334,0.4,0.2,74,7,0.0,1,1,4674,22571.5,4,Married,0,0
10262,44,15072.0,53.0,11.0,4.818181818181818,0.2727272727272727,0.36363636363636365,96,5,0.0,2,1,4782,5024.0,3,Married,0,0
10264,45,15287.0,31.0,6.0,5.166666666666667,0.16666666666666666,0.3333333333333333,60,7,0.2,1,1,4994,7643.5,3,Divorced,0,1
10270,43,35523.0,66.0,8.0,8.25,0.375,0.25,8,7,0.0,1,1,4636,17761.5,2,Married,0,0
10277,63,30081.0,42.0,5.0,8.4,0.2,0.2,27,7,0.0,1,1,4860,15040.5,3,Single,0,0
10281,54,64713.0,602.0,19.0,31.68421052631579,0.2631578947368421,0.10526315789473684,11,4,0.0,1,1,4509,32356.5,3,Divorced,0,1
10286,62,83715.0,926.0,24.0,38.583333333333336,0.08333333333333333,0.041666666666666664,2,0,0.0,0,0,4513,83715.0,3,Married,0,0
10299,55,48240.0,882.0,25.0,35.28,0.24,0.12,73,5,0.0,0,0,4964,48240.0,5,Single,0,1
10304,65,18690.0,60.0,5.0,12.0,0.2,0.2,77,8,0.0,0,0,4915,18690.0,3,Married,0,0
10307,68,50387.0,525.0,19.0,27.63157894736842,0.3157894736842105,0.15789473684210525,91,5,0.0,2,1,4669,16795.666666666668,3,Married,0,0
10311,55,4428.0,359.0,25.0,14.36,1.0,0.0,0,1,0.0,1,1,4634,2214.0,3,Married,0,0
10313,49,48178.0,254.0,16.0,15.875,0.3125,0.375,69,8,0.0,2,1,4976,16059.333333333334,3,Married,0,0
10314,76,83837.0,1318.0,25.0,52.72,0.36,0.04,79,4,0.4,0,0,4927,83837.0,5,Married,0,1
10319,53,66303.0,1286.0,22.0,58.45454545454545,0.13636363636363635,0.18181818181818182,56,8,0.2,1,1,4855,33151.5,3,Married,0,0
10323,72,49413.0,304.0,13.0,23.384615384615383,0.3076923076923077,0.15384615384615385,88,5,0.0,1,1,4614,24706.5,3,Married,0,0
10339,70,51381.5,207.0,11.0,18.818181818181817,0.36363636363636365,0.18181818181818182,83,6,0.0,1,1,4738,25690.75,4,Married,0,0
10340,40,35196.0,497.0,18.0,27.61111111111111,0.3333333333333333,0.3333333333333333,68,8,0.0,1,1,4960,17598.0,3,Married,0,0
10341,76,51315.0,222.0,10.0,22.2,0.2,0.1,45,2,0.0,0,0,4493,51315.0,3,Married,0,0
10343,33,61618.0,1345.0,19.0,70.78947368421052,0.15789473684210525,0.10526315789473684,27,3,0.0,0,0,5005,61618.0,2,Single,0,0
10350,74,54432.0,38.0,5.0,7.6,0.2,0.2,37,4,0.0,3,1,4783,13608.0,5,Married,0,0
10352,61,34213.0,117.0,9.0,13.0,0.3333333333333333,0.3333333333333333,2,9,0.0,2,1,5027,11404.333333333334,3,Widow,0,1
10356,67,41437.0,32.0,5.0,6.4,0.2,0.2,5,7,0.0,2,1,5012,13812.333333333334,5,Divorced,0,0
10364,65,23295.0,20.0,4.0,5.0,0.25,0.25,72,8,0.0,0,0,4718,23295.0,3,Divorced,0,0
10377,66,46692.0,397.0,15.0,26.466666666666665,0.4,0.2,37,6,0.0,1,1,4755,23346.0,4,Married,0,0
10379,62,59247.0,574.0,21.0,27.333333333333332,0.23809523809523808,0.23809523809523808,87,6,0.0,2,1,4600,19749.0,4,Single,0,0
10380,52,37787.0,106.0,7.0,15.142857142857142,0.42857142857142855,0.14285714285714285,50,8,0.0,1,1,4649,18893.5,4,Married,0,0
10381,45,47691.0,21.0,4.0,5.25,0.25,0.25,43,6,0.0,1,1,4726,23845.5,3,Single,0,0
10383,58,70287.0,1093.0,21.0,52.04761904761905,0.23809523809523808,0.047619047619047616,30,3,0.0,0,0,4820,70287.0,3,Divorced,0,1
10390,65,26887.0,30.0,5.0,6.0,0.2,0.2,27,6,0.0,1,1,4871,13443.5,2,Married,0,0
10394,40,90000.0,1479.0,18.0,82.16666666666667,0.2222222222222222,0.05555555555555555,91,1,0.6,0,0,4555,90000.0,3,Married,0,0
10395,38,8940.0,101.0,10.0,10.1,0.3,0.3,25,8,0.0,1,1,5043,4470.0,1,Single,0,0
10398,43,24336.0,31.0,4.0,7.75,0.25,0.25,82,7,0.0,1,1,5038,12168.0,2,Single,0,0
10401,48,26326.0,18.0,4.0,4.5,0.0,0.25,12,3,0.0,0,0,4665,26326.0,2,Married,1,0
10402,57,35441.0,39.0,6.0,6.5,0.16666666666666666,0.3333333333333333,94,8,0.0,2,1,4867,11813.666666666666,3,Married,0,0
10403,46,16531.0,44.0,9.0,4.888888888888889,0.3333333333333333,0.3333333333333333,43,7,0.0,1,1,4378,8265.5,3,Married,0,0
10413,40,72570.0,1089.0,23.0,47.34782608695652,0.17391304347826086,0.043478260869565216,67,1,0.0,0,0,4432,72570.0,3,Married,0,0
10420,69,46390.0,222.0,10.0,22.2,0.4,0.1,56,7,0.0,1,1,4422,23195.0,4,Divorced,0,0
10424,56,75922.0,1295.0,18.0,71.94444444444444,0.2222222222222222,0.05555555555555555,60,1,0.0,0,0,4569,75922.0,3,Single,0,0
10430,51,89694.0,1472.0,14.0,105.14285714285714,0.2857142857142857,0.21428571428571427,22,5,0.6,2,1,4630,29898.0,3,Divorced,0,0
10432,50,19346.0,22.0,5.0,4.4,0.2,0.2,26,8,0.0,1,1,4517,9673.0,3,Divorced,0,0
10446,67,82017.0,729.0,17.0,42.88235294117647,0.29411764705882354,0.058823529411764705,58,2,0.6,0,0,4966,82017.0,5,Married,0,1
10448,68,46998.0,377.0,18.0,20.944444444444443,0.2777777777777778,0.2777777777777778,55,7,0.2,1,1,4982,23499.0,3,Single,0,0
10451,59,29672.0,25.0,4.0,6.25,0.0,0.25,6,6,0.0,2,1,4841,9890.666666666666,3,Married,0,0
10466,59,44393.0,60.0,7.0,8.571428571428571,0.14285714285714285,0.2857142857142857,86,4,0.0,2,1,4678,14797.666666666666,3,Married,0,0
10469,43,88325.0,1623.0,18.0,90.16666666666667,0.3333333333333333,0.05555555555555555,42,2,0.0,0,0,4511,88325.0,3,Married,0,0
10470,45,40662.0,92.0,8.0,11.5,0.25,0.25,0,4,0.0,1,1,4838,20331.0,4,Married,0,0
10473,68,78028.0,528.0,20.0,26.4,0.3,0.05,38,7,0.4,1,1,5024,39014.0,5,Widow,0,1
10475,54,51381.5,317.0,14.0,22.642857142857142,0.2857142857142857,0.14285714285714285,39,5,0.0,1,1,4821,25690.75,4,Married,0,0
10476,66,67267.0,251.0,11.0,22.818181818181817,0.2727272727272727,0.09090909090909091,0,2,0.0,1,1,4414,33633.5,3,Married,0,0
10477,51,39435.0,102.0,7.0,14.571428571428571,0.42857142857142855,0.14285714285714285,16,7,0.0,1,1,4694,19717.5,5,Married,0,0
10478,74,55517.0,633.0,23.0,27.52173913043478,0.4782608695652174,0.21739130434782608,53,9,0.0,2,1,5007,18505.666666666668,5,Married,0,1
10479,49,76618.0,1511.0,11.0,137.36363636363637,0.2727272727272727,0.09090909090909091,64,1,0.0,0,0,4936,76618.0,5,Married,0,0
10486,76,77142.0,990.0,17.0,58.23529411764706,0.23529411764705882,0.058823529411764705,54,2,0.0,0,0,4763,77142.0,3,Married,0,0
10489,51,92955.0,1778.0,23.0,77.30434782608695,0.2608695652173913,0.043478260869565216,35,2,0.4,0,0,4681,92955.0,3,Married,0,1
10490,55,51039.0,417.0,14.0,29.785714285714285,0.42857142857142855,0.14285714285714285,11,7,0.0,2,1,4933,17013.0,5,Married,0,0
10492,65,38285.0,10.0,4.0,2.5,0.0,0.25,96,2,0.0,3,1,4372,9571.25,3,Married,0,0
10500,40,31761.0,98.0,9.0,10.88888888888889,0.3333333333333333,0.2222222222222222,96,5,0.0,1,1,4452,15880.5,3,Married,0,0
10505,64,73113.0,1001.0,15.0,66.73333333333333,0.2,0.06666666666666667,86,2,0.0,0,0,4552,73113.0,4,Married,0,0
10507,47,59601.0,797.0,15.0,53.13333333333333,0.13333333333333333,0.26666666666666666,14,8,0.2,1,1,4706,29800.5,2,Divorced,0,0
10509,69,36927.0,71.0,8.0,8.875,0.375,0.25,46,8,0.0,2,1,4394,12309.0,4,Single,0,0
10513,32,63207.0,1502.0,12.0,125.16666666666667,0.16666666666666666,0.08333333333333333,68,7,0.2,0,0,4892,63207.0,3,Married,0,0
10521,47,54809.0,174.0,12.0,14.5,0.16666666666666666,0.3333333333333333,0,4,0.0,2,1,4658,18269.666666666668,3,Married,0,1
10524,61,49476.0,795.0,22.0,36.13636363636363,0.09090909090909091,0.18181818181818182,29,2,0.0,1,1,4741,24738.0,4,Divorced,0,0
10525,38,26576.0,27.0,4.0,6.75,0.25,0.25,40,9,0.2,1,1,4991,13288.0,3,Single,0,1
10530,65,67786.0,1156.0,16.0,72.25,0.1875,0.0625,0,1,0.0,0,0,4571,67786.0,5,Widow,0,1
10536,53,32892.0,46.0,8.0,5.75,0.375,0.25,78,8,0.0,1,1,4402,16446.0,5,Married,0,0
10542,56,36778.0,77.0,9.0,8.555555555555555,0.3333333333333333,0.3333333333333333,63,9,0.0,2,1,5060,12259.333333333334,5,Married,0,0
10548,29,71163.0,960.0,24.0,40.0,0.125,0.041666666666666664,30,1,0.0,0,0,4479,71163.0,3,Single,0,0
10552,45,54210.0,367.0,14.0,26.214285714285715,0.2857142857142857,0.14285714285714285,18,5,0.0,1,1,4772,27105.0,2,Married,0,0
10556,65,54984.0,358.0,17.0,21.058823529411764,0.35294117647058826,0.23529411764705882,51,7,0.2,1,1,4403,27492.0,3,Married,0,0
10560,44,36802.0,20.0,5.0,4.0,0.2,0.2,23,5,0.0,1,1,4380,18401.0,5,Single,0,0
10562,78,66835.0,1033.0,24.0,43.041666666666664,0.25,0.041666666666666664,21,2,0.0,0,0,4641,66835.0,4,Married,0,0
10573,71,62551.0,421.0,18.0,23.38888888888889,0.3333333333333333,0.05555555555555555,27,3,0.2,0,0,4590,62551.0,3,Divorced,0,0
10581,47,41124.0,506.0,21.0,24.095238095238095,0.3333333333333333,0.3333333333333333,41,8,0.0,1,1,4973,20562.0,3,Married,0,0
10582,45,72063.0,758.0,21.0,36.095238095238095,0.23809523809523808,0.09523809523809523,3,2,0.0,1,1,4728,36031.5,3,Married,0,0
10584,48,65665.0,945.0,24.0,39.375,0.20833333333333334,0.041666666666666664,77,3,0.0,1,1,4576,32832.5,3,Married,0,0
10590,68,76542.0,1483.0,23.0,64.47826086956522,0.17391304347826086,0.043478260869565216,91,2,0.0,0,0,4823,76542.0,5,Married,0,0
10591,55,43638.0,201.0,11.0,18.272727272727273,0.36363636363636365,0.18181818181818182,37,7,0.0,1,1,5059,21819.0,3,Widow,0,0
10595,34,30093.0,69.0,6.0,11.5,0.3333333333333333,0.16666666666666666,19,7,0.0,0,0,4723,30093.0,3,Married,0,0
10598,57,27943.0,37.0,8.0,4.625,0.25,0.375,89,8,0.0,2,1,4807,9314.333333333334,3,Married,0,0
10602,41,39922.0,156.0,9.0,17.333333333333332,0.3333333333333333,0.2222222222222222,30,8,0.0,1,1,4867,19961.0,3,Married,0,0
10609,62,42769.0,88.0,8.0,11.0,0.125,0.25,15,4,0.0,1,1,4627,21384.5,5,Married,0,0
10613,66,37334.0,62.0,11.0,5.636363636363637,0.2727272727272727,0.36363636363636365,44,4,0.0,2,1,4490,12444.666666666666,5,Married,0,0
10617,35,10979.0,30.0,8.0,3.75,0.375,0.25,34,5,0.0,0,0,4405,10979.0,4,Divorced,0,0
10619,30,95529.0,1990.0,18.0,110.55555555555556,0.3888888888888889,0.05555555555555555,29,3,0.2,0,0,4940,95529.0,3,Single,0,1
10623,63,48330.0,32.0,5.0,6.4,0.2,0.2,2,5,0.0,1,1,4593,24165.0,4,Married,0,0
10629,51,51381.5,109.0,9.0,12.11111111111111,0.3333333333333333,0.3333333333333333,25,8,0.0,1,1,5020,25690.75,2,Married,0,0
10634,73,59412.0,406.0,15.0,27.066666666666666,0.26666666666666666,0.06666666666666667,56,3,0.0,0,0,4438,59412.0,4,Married,0,0
10637,60,40800.0,99.0,8.0,12.375,0.375,0.25,77,7,0.0,3,1,4911,10200.0,3,Married,1,0
10640,50,44392.0,211.0,14.0,15.071428571428571,0.2857142857142857,0.35714285714285715,71,7,0.0,2,1,4664,14797.333333333334,3,Married,0,0
10641,46,7500.0,57.0,10.0,5.7,0.2,0.4,5,6,0.0,2,1,4916,2500.0,3,Single,0,0
10642,35,30279.0,37.0,5.0,7.4,0.2,0.2,13,8,0.0,1,1,4913,15139.5,3,Single,0,0
10643,37,42000.0,653.0,20.0,32.65,0.25,0.1,23,5,0.0,0,0,4902,42000.0,5,Single,0,1
10648,42,66664.0,1289.0,19.0,67.84210526315789,0.2631578947368421,0.05263157894736842,78,3,0.0,0,0,5009,66664.0,2,Married,0,0
10652,67,65487.0,1169.0,17.0,68.76470588235294,0.17647058823529413,0.17647058823529413,48,2,0.0,0,0,4537,65487.0,4,Married,0,0
10659,45,7500.0,53.0,11.0,4.818181818181818,0.2727272727272727,0.36363636363636365,7,7,0.0,1,1,4785,3750.0,2,Married,0,0
10660,67,66726.0,438.0,17.0,25.764705882352942,0.47058823529411764,0.17647058823529413,61,7,0.2,2,1,4535,22242.0,4,Married,0,0
10664,75,51529.0,467.0,17.0,27.470588235294116,0.5294117647058824,0.11764705882352941,14,8,0.0,1,1,4662,25764.5,4,Widow,0,0
10669,43,54386.0,470.0,17.0,27.647058823529413,0.17647058823529413,0.11764705882352941,8,3,0.0,1,1,4775,27193.0,3,Married,0,0
10673,48,68397.0,1416.0,21.0,67.42857142857143,0.2857142857142857,0.047619047619047616,6,3,0.0,1,1,4591,34198.5,5,Married,0,0
10675,68,66334.0,1161.0,19.0,61.10526315789474,0.47368421052631576,0.10526315789473684,82,5,0.0,1,1,4819,33167.0,5,Married,0,1
10676,42,63211.0,1173.0,20.0,58.65,0.15,0.1,3,2,0.0,0,0,4971,63211.0,3,Married,0,1
10678,65,71232.0,917.0,25.0,36.68,0.44,0.08,91,7,0.0,1,1,4580,35616.0,3,Married,0,0
10680,38,33235.0,70.0,7.0,10.0,0.42857142857142855,0.14285714285714285,71,7,0.0,1,1,4511,16617.5,3,Married,0,0
10681,54,62466.0,889.0,26.0,34.19230769230769,0.23076923076923078,0.19230769230769232,13,4,0.0,1,1,4532,31233.0,2,Married,0,0
10686,59,34230.0,21.0,4.0,5.25,0.25,0.25,72,7,0.0,2,1,4917,11410.0,5,Married,0,0
10691,64,28520.0,43.0,5.0,8.6,0.2,0.2,55,6,0.0,2,1,4747,9506.666666666666,4,Married,0,0
10699,39,44322.0,92.0,8.0,11.5,0.375,0.25,30,8,0.0,1,1,4380,22161.0,3,Married,0,0
10701,51,65308.0,1211.0,28.0,43.25,0.25,0.03571428571428571,60,4,0.4,0,0,4658,65308.0,3,Married,0,0
10702,40,52413.0,450.0,17.0,26.470588235294116,0.4117647058823529,0.11764705882352941,67,7,0.0,1,1,4970,26206.5,3,Single,0,0
10703,49,46098.0,120.0,11.0,10.909090909090908,0.2727272727272727,0.36363636363636365,86,8,0.0,2,1,5047,15366.0,4,Single,0,0
10704,55,54803.0,693.0,19.0,36.473684210526315,0.3157894736842105,0.10526315789473684,65,4,0.0,1,1,5044,27401.5,3,Single,0,0
10708,46,36975.0,33.0,5.0,6.6,0.2,0.2,50,7,0.0,1,1,4550,18487.5,2,Single,0,0
10710,45,7500.0,18.0,4.0,4.5,0.25,0.25,61,8,0.0,1,1,5036,3750.0,3,Married,0,0
10711,79,69755.0,894.0,22.0,40.63636363636363,0.13636363636363635,0.045454545454545456,23,1,0.0,0,0,4637,69755.0,3,Married,0,0
10722,51,55593.0,546.0,17.0,32.11764705882353,0.35294117647058826,0.11764705882352941,63,6,0.2,1,1,4679,27796.5,3,Married,0,0
10727,54,69084.0,1586.0,25.0,63.44,0.28,0.08,43,8,0.0,1,1,4589,34542.0,5,Married,0,0
10735,53,22804.0,26.0,5.0,5.2,0.4,0.2,75,9,0.0,1,1,4700,11402.0,3,Single,0,0
10736,53,72258.0,1525.0,22.0,69.31818181818181,0.2727272727272727,0.09090909090909091,28,2,0.0,1,1,4657,36129.0,3,Single,0,0
10738,73,49389.0,65.0,6.0,10.833333333333334,0.3333333333333333,0.16666666666666666,55,7,0.0,2,1,4671,16463.0,4,Single,0,0
10741,73,47352.0,319.0,16.0,19.9375,0.375,0.25,70,7,0.0,1,1,4811,23676.0,4,Married,0,0
10742,41,86580.0,746.0,11.0,67.81818181818181,0.36363636363636365,0.0,72,1,0.2,0,0,4854,86580.0,5,Married,0,0
10749,33,8028.0,178.0,16.0,11.125,0.0,0.9375,62,19,0.0,0,0,5016,8028.0,3,Single,0,0
10755,48,23718.0,81.0,9.0,9.0,0.3333333333333333,0.3333333333333333,76,7,0.0,1,1,4667,11859.0,2,Married,0,0
10757,57,28420.0,13.0,4.0,3.25,0.25,0.25,36,6,0.0,1,1,4554,14210.0,5,Divorced,0,0
10766,60,65526.0,506.0,17.0,29.764705882352942,0.23529411764705882,0.058823529411764705,22,2,0.0,1,1,4446,32763.0,5,Married,0,0
10767,35,77845.0,1346.0,21.0,64.0952380952381,0.14285714285714285,0.047619047619047616,40,1,0.4,0,0,4411,77845.0,5,Married,0,0
10770,65,65492.0,1045.0,26.0,40.19230769230769,0.15384615384615385,0.07692307692307693,73,2,0.0,0,0,4521,65492.0,3,Married,0,0
10779,41,22148.0,49.0,5.0,9.8,0.2,0.2,16,7,0.0,0,0,4444,22148.0,3,Single,0,0
10785,55,44078.0,41.0,7.0,5.857142857142857,0.2857142857142857,0.2857142857142857,17,5,0.0,2,1,4377,14692.666666666666,3,Married,0,0
10789,60,45759.0,68.0,7.0,9.714285714285714,0.2857142857142857,0.2857142857142857,13,7,0.0,2,1,4858,15253.0,5,Married,0,0
10790,39,18169.0,21.0,4.0,5.25,0.25,0.25,40,8,0.0,1,1,4862,9084.5,5,Married,0,0
10795,51,37401.0,48.0,7.0,6.857142857142857,0.2857142857142857,0.2857142857142857,14,7,0.0,1,1,4421,18700.5,5,Married,0,0
10796,40,30477.0,66.0,6.0,11.0,0.16666666666666666,0.16666666666666666,16,6,0.0,1,1,4525,15238.5,4,Married,0,0
10812,46,46377.0,90.0,7.0,12.857142857142858,0.2857142857142857,0.14285714285714285,89,4,0.0,1,1,4487,23188.5,5,Married,0,0
10814,77,70321.0,1376.0,25.0,55.04,0.24,0.04,6,4,0.0,0,0,4896,70321.0,3,Married,0,1
10821,46,57113.0,263.0,16.0,16.4375,0.25,0.375,45,7,0.0,2,1,4875,19037.666666666668,3,Married,0,0
10826,65,18690.0,60.0,5.0,12.0,0.2,0.2,77,8,0.0,0,0,4915,18690.0,3,Married,0,0
10827,57,36947.0,146.0,11.0,13.272727272727273,0.2727272727272727,0.36363636363636365,49,9,0.0,2,1,5058,12315.666666666666,5,Married,0,0
10832,66,46610.0,467.0,14.0,33.357142857142854,0.42857142857142855,0.07142857142857142,4,6,0.0,0,0,4713,46610.0,3,Married,0,0
10833,49,65106.0,973.0,27.0,36.03703703703704,0.2962962962962963,0.1111111111111111,55,6,0.2,1,1,4403,32553.0,3,Married,0,0
10837,49,23957.0,68.0,6.0,11.333333333333334,0.3333333333333333,0.16666666666666666,47,6,0.0,1,1,4976,11978.5,3,Married,0,1
10839,48,36283.0,29.0,6.0,4.833333333333333,0.16666666666666666,0.3333333333333333,42,4,0.0,2,1,4443,12094.333333333334,3,Married,0,0
10841,49,56559.0,484.0,18.0,26.88888888888889,0.2222222222222222,0.16666666666666666,46,4,0.0,1,1,4918,28279.5,5,Married,0,0
10846,46,43783.0,629.0,22.0,28.59090909090909,0.3181818181818182,0.2727272727272727,22,7,0.2,1,1,4398,21891.5,4,Married,0,0
10854,54,38853.0,45.0,7.0,6.428571428571429,0.2857142857142857,0.2857142857142857,90,7,0.0,2,1,4404,12951.0,5,Married,0,0
10855,56,50014.0,396.0,15.0,26.4,0.26666666666666666,0.13333333333333333,9,5,0.0,1,1,4525,25007.0,4,Single,0,0
10856,44,45889.0,46.0,5.0,9.2,0.2,0.2,42,6,0.0,1,1,4729,22944.5,2,Single,0,0
10858,49,76532.0,820.0,25.0,32.8,0.36,0.16,38,5,0.0,2,1,4660,25510.666666666668,3,Married,0,0
10862,64,30522.0,326.0,17.0,19.176470588235293,0.058823529411764705,0.29411764705882354,6,2,0.0,1,1,5048,15261.0,4,Married,0,0
10868,73,70792.0,1272.0,19.0,66.94736842105263,0.15789473684210525,0.10526315789473684,82,3,0.0,0,0,4875,70792.0,3,Widow,0,0
10870,57,61223.0,1341.0,18.0,74.5,0.5,0.1111111111111111,46,5,0.0,1,1,4748,30611.5,3,Married,0,0
10872,55,55212.0,1182.0,20.0,59.1,0.2,0.15,65,8,0.4,1,1,4950,27606.0,5,Married,0,0
10882,48,53858.0,915.0,17.0,53.8235294117647,0.23529411764705882,0.23529411764705882,50,4,0.0,1,1,4964,26929.0,3,Married,0,0
10888,63,45938.0,636.0,20.0,31.8,0.4,0.1,46,6,0.0,0,0,4605,45938.0,3,Single,0,0
10897,50,67445.0,1174.0,32.0,36.6875,0.28125,0.15625,63,6,0.0,1,1,5053,33722.5,3,Married,0,0
10905,69,42586.0,252.0,16.0,15.75,0.25,0.3125,7,8,0.0,2,1,4975,14195.333333333334,3,Married,0,1
10906,76,46681.0,425.0,16.0,26.5625,0.25,0.125,52,5,0.0,2,1,4631,15560.333333333334,5,Married,0,0
10909,76,92344.0,1899.0,20.0,94.95,0.25,0.0,9,1,0.4,0,0,4532,92344.0,3,Married,0,0
10913,40,31385.0,27.0,4.0,6.75,0.25,0.25,56,8,0.2,1,1,4938,15692.5,4,Single,0,1
10914,54,24163.0,17.0,6.0,2.8333333333333335,0.16666666666666666,0.3333333333333333,3,4,0.0,2,1,4627,8054.333333333333,3,Single,0,0
10925,41,76630.0,1003.0,25.0,40.12,0.12,0.04,93,1,0.0,0,0,4533,76630.0,3,Married,0,0
10928,66,66886.0,599.0,17.0,35.23529411764706,0.4117647058823529,0.11764705882352941,28,5,0.0,1,1,4653,33443.0,3,Married,0,0
10936,59,72190.0,1947.0,16.0,121.6875,0.3125,0.0625,79,3,0.0,0,0,4868,72190.0,3,Married,0,0
10949,61,72968.0,1958.0,19.0,103.05263157894737,0.2631578947368421,0.05263157894736842,8,3,0.2,0,0,4562,72968.0,5,Divorced,0,1
10951,56,45688.0,306.0,14.0,21.857142857142858,0.21428571428571427,0.14285714285714285,20,4,0.2,1,1,4522,22844.0,3,Married,0,0
10955,60,85620.0,1600.0,14.0,114.28571428571429,0.21428571428571427,0.07142857142857142,68,1,0.0,0,0,4540,85620.0,3,Widow,0,1
10965,69,76005.0,1722.0,22.0,78.27272727272727,0.13636363636363635,0.045454545454545456,72,6,0.2,0,0,4859,76005.0,3,Married,0,0
10967,61,33378.0,99.0,9.0,11.0,0.2222222222222222,0.3333333333333333,38,7,0.0,2,1,4875,11126.0,3,Divorced,0,0
10968,55,57731.0,704.0,26.0,27.076923076923077,0.3076923076923077,0.15384615384615385,0,6,0.0,1,1,4950,28865.5,3,Single,0,0
10971,47,37774.0,473.0,16.0,29.5625,0.4375,0.25,28,9,0.2,2,1,5031,12591.333333333334,3,Single,1,1
10972,75,72298.0,939.0,14.0,67.07142857142857,0.2857142857142857,0.07142857142857142,52,1,0.4,0,0,4478,72298.0,3,Widow,0,0
10981,36,84219.0,1198.0,18.0,66.55555555555556,0.16666666666666666,0.05555555555555555,27,1,0.0,0,0,4514,84219.0,3,Married,0,0
10983,72,75278.0,930.0,23.0,40.43478260869565,0.2608695652173913,0.043478260869565216,17,3,0.0,0,0,4883,75278.0,3,Married,0,0
10991,64,89058.0,850.0,14.0,60.714285714285715,0.35714285714285715,0.07142857142857142,18,2,0.0,0,0,4936,89058.0,4,Married,0,0
10992,57,75702.0,1148.0,26.0,44.15384615384615,0.15384615384615385,0.19230769230769232,77,8,0.0,2,1,5036,25234.0,3,Married,0,0
10995,36,15716.0,92.0,10.0,9.2,0.3,0.3,8,8,0.0,1,1,4961,7858.0,2,Married,1,0
11003,44,25130.0,50.0,7.0,7.142857142857143,0.2857142857142857,0.2857142857142857,10,7,0.0,1,1,4637,12565.0,2,Married,0,0
11004,131,60182.0,22.0,4.0,5.5,0.25,0.25,23,4,0.0,1,1,4410,30091.0,2,Single,0,0
11007,56,29187.0,34.0,5.0,6.8,0.2,0.2,43,8,0.0,1,1,4783,14593.5,5,Married,0,0
11010,40,16269.0,44.0,9.0,4.888888888888889,0.3333333333333333,0.3333333333333333,75,8,0.0,1,1,4670,8134.5,5,Single,0,0
11013,37,67605.0,938.0,17.0,55.1764705882353,0.11764705882352941,0.058823529411764705,84,1,0.0,0,0,4822,67605.0,3,Married,0,0
11025,63,36443.0,138.0,11.0,12.545454545454545,0.2727272727272727,0.36363636363636365,9,8,0.0,2,1,4878,12147.666666666666,3,Married,0,0
11030,48,33181.0,16.0,4.0,4.0,0.25,0.25,90,6,0.2,1,1,4544,16590.5,4,Married,0,0
11031,74,48699.0,40.0,5.0,8.0,0.2,0.2,90,5,0.0,2,1,4771,16233.0,5,Married,0,0
11039,49,51948.0,311.0,13.0,23.923076923076923,0.38461538461538464,0.15384615384615385,51,5,0.0,1,1,4652,25974.0,3,Married,0,0
11051,68,77376.0,661.0,23.0,28.73913043478261,0.2608695652173913,0.17391304347826086,72,4,0.0,2,1,4417,25792.0,5,Married,0,0
11056,50,72099.0,1188.0,18.0,66.0,0.16666666666666666,0.05555555555555555,18,1,0.0,0,0,4977,72099.0,3,Married,0,0
11071,40,79607.0,1923.0,16.0,120.1875,0.1875,0.0625,37,1,0.0,0,0,4801,79607.0,3,Single,0,1
11074,47,85072.0,1423.0,18.0,79.05555555555556,0.16666666666666666,0.05555555555555555,94,0,0.0,0,0,4448,85072.0,3,Single,0,0
11075,46,51267.0,270.0,15.0,18.0,0.2,0.26666666666666666,37,4,0.0,2,1,4610,17089.0,3,Married,0,0
11084,48,65104.0,1053.0,17.0,61.94117647058823,0.17647058823529413,0.11764705882352941,4,7,0.0,1,1,4594,32552.0,4,Married,0,1
11086,40,25707.0,21.0,5.0,4.2,0.2,0.2,18,7,0.0,1,1,4529,12853.5,1,Single,0,0
11088,53,78642.0,1816.0,18.0,100.88888888888889,0.2222222222222222,0.05555555555555555,83,6,0.0,1,1,4801,39321.0,5,Married,0,0
11091,71,34587.0,22.0,6.0,3.6666666666666665,0.16666666666666666,0.3333333333333333,68,4,0.0,2,1,4411,11529.0,3,Married,0,0
11092,63,27116.0,41.0,7.0,5.857142857142857,0.2857142857142857,0.2857142857142857,78,7,0.0,2,1,4486,9038.666666666666,3,Married,0,0
11096,72,57247.0,232.0,12.0,19.333333333333332,0.16666666666666666,0.16666666666666666,50,2,0.0,1,1,4692,28623.5,2,Married,0,0
11100,52,51813.0,63.0,7.0,9.0,0.2857142857142857,0.2857142857142857,37,7,0.0,2,1,4811,17271.0,3,Divorced,0,0
11101,33,89891.0,836.0,26.0,32.15384615384615,0.4230769230769231,0.038461538461538464,17,4,0.2,0,0,4807,89891.0,3,Married,0,0
11110,51,3502.0,5.0,0.0,0.0,0.0,0.0,56,14,0.0,1,1,4809,1751.0,3,Single,0,0
11112,58,70713.0,1477.0,25.0,59.08,0.2,0.24,23,3,0.0,1,1,4940,35356.5,3,Married,0,0
11114,54,19656.0,84.0,9.0,9.333333333333334,0.2222222222222222,0.3333333333333333,94,7,0.0,1,1,4873,9828.0,3,Married,0,0
11121,43,19419.0,70.0,11.0,6.363636363636363,0.36363636363636365,0.36363636363636365,76,9,0.0,1,1,4963,9709.5,3,Married,0,0
11133,51,48432.0,424.0,19.0,22.31578947368421,0.3684210526315789,0.2631578947368421,3,8,0.0,1,1,4986,24216.0,5,Single,0,1
11148,49,22280.0,13.0,4.0,3.25,0.25,0.25,85,8,0.0,1,1,4773,11140.0,3,Married,0,0
11166,63,49678.0,315.0,14.0,22.5,0.42857142857142855,0.14285714285714285,81,7,0.0,1,1,4879,24839.0,3,Married,0,0
11171,59,56962.0,411.0,21.0,19.571428571428573,0.2857142857142857,0.3333333333333333,60,7,0.0,3,1,4628,14240.5,4,Married,0,0
11176,54,65968.0,495.0,18.0,27.5,0.2777777777777778,0.1111111111111111,12,3,0.0,1,1,4415,32984.0,5,Married,0,0
11178,52,42394.0,32.0,5.0,6.4,0.2,0.2,69,7,0.0,1,1,4465,21197.0,4,Single,0,0
11181,75,156924.0,8.0,0.0,0.0,0.0,0.0,85,0,0.0,0,0,4671,156924.0,5,Married,0,0
11187,46,26487.0,69.0,9.0,7.666666666666667,0.2222222222222222,0.3333333333333333,23,5,0.0,1,1,4772,13243.5,1,Single,0,0
11188,67,26091.0,89.0,9.0,9.88888888888889,0.2222222222222222,0.3333333333333333,84,5,0.0,2,1,4491,8697.0,3,Married,0,0
11191,38,41411.0,139.0,8.0,17.375,0.25,0.125,11,6,0.0,0,0,4571,41411.0,3,Divorced,0,0
